ID,Platform,Category,Cookie name,Is Wildcard,Wildcard Name,Timestamp
be1ace4a-15af-4ab7-bf96-4725851b5114,Cookie Analysis,UNKNOWN,device-id,False,,2025-03-27T21:24:21.072203+00:00
18967953-8063-4617-b473-7dbaf3f63b94,Open Cookie Database,STRICTLY_NECESSARY,didomi_token,False,,2025-03-27T21:24:21.087833+00:00
17cc02b4-8d0b-448e-b7cf-a45aff8df48a,Cookie Analysis,UNKNOWN,DotMetrics.DomainCookie,False,,2025-03-27T21:24:50.002307+00:00
dbc1e95d-fc36-4809-86e7-b0f172363b58,Open Cookie Database,PERFORMANCE,DotMetrics.DeviceKey,False,,2025-03-27T21:24:50.028036+00:00
be859429-3f5d-407f-a0a6-370aa826c439,Open Cookie Database,PERFORMANCE,DotMetrics.UniqueUserIdentityCookie,False,,2025-03-27T21:24:50.043618+00:00
b6fe836c-e95e-40de-b38d-c14540e69586,Cookie Analysis,UNKNOWN,DM_SitId430,False,,2025-03-27T21:25:20.015267+00:00
e93e95d6-d3e8-4a0d-97ea-9dedc8320e3b,Cookie Analysis,UNKNOWN,DM_SitId430SecId1804,False,,2025-03-27T21:25:50.105724+00:00
0334b291-70cf-4753-bf88-7635bb59c886,Cookie Analysis,UNKNOWN,DM_SitId430SecId2158,False,,2025-03-27T21:26:20.058657+00:00
8519a3f4-b549-4add-bacb-d4bd8b22a666,Open Cookie Database,PERFORMANCE,_ga,False,,2025-03-27T21:26:20.074284+00:00
7e9c0b90-1b19-4ac2-8718-b0b4ad26de7a,Open Cookie Database,PERFORMANCE,_gid,False,,2025-03-27T21:26:20.105529+00:00
0b160f64-1002-468a-be29-0535fe097d62,Open Cookie Database,PERFORMANCE,_gat,False,,2025-03-27T21:26:20.136784+00:00
128ba458-9852-446a-b8d9-dff8125fa8fb,Open Cookie Database,STRICTLY_NECESSARY,euconsent-v2,False,,2025-03-27T21:26:20.183664+00:00
fe57feba-807a-48c8-9677-a93374660c51,Open Cookie Database,PERFORMANCE,_gat_UA-4100826-1,True,_gat,2025-03-27T21:26:20.230530+00:00
da4b493b-978f-4984-b399-0e9d64444ab5,Open Cookie Database,PERFORMANCE,_ga_62HZHNY4TE,True,_ga_,2025-03-27T21:26:20.261787+00:00
ee90ba1d-c56d-4832-83b0-ac85ee17d7c8,Open Cookie Database,TARGETING,__gads,False,,2025-03-27T21:26:20.293035+00:00
063046d3-a611-4aa5-a20a-2544e6d9a2ed,Open Cookie Database,TARGETING,__gpi,False,,2025-03-27T21:26:20.308659+00:00
02a682af-7e23-483a-9c27-080a7ab374c0,Open Cookie Database,STRICTLY_NECESSARY,__eoi,False,,2025-03-27T21:26:20.324287+00:00
b187dfd6-2f9d-4b92-81b4-960234ab65c9,Open Cookie Database,TARGETING,IDE,False,,2025-03-27T21:26:20.355495+00:00
c15cc172-8594-4872-9548-556d7938d2a1,Open Cookie Database,TARGETING,ar_debug,False,,2025-03-27T21:26:20.371161+00:00
ec6aa3f8-ebb1-4c7f-a8d9-54147e4f4139,Open Cookie Database,STRICTLY_NECESSARY,receive-cookie-deprecation,False,,2025-03-27T21:26:20.386791+00:00
8d7be9bf-bf1f-4bb1-8c1b-325d7eca2633,Cookie Analysis,UNKNOWN,Gtest,False,,2025-03-27T21:26:50.100764+00:00
673e8110-a44e-439e-8255-7208b52f4408,Open Cookie Database,PERFORMANCE,Gdyn,False,,2025-03-27T21:26:50.131966+00:00
ed845263-5c70-4824-ac12-4c7fc0d15a47,Cookie Analysis,UNKNOWN,Gdynp,False,,2025-03-27T21:27:20.048821+00:00
a263d1a3-8b53-4145-8bbf-3ec91fcf99d0,Cookie Database,TARGETING,cto_bundle,False,,2025-03-27T21:27:21.855973+00:00
98f0a29d-4784-4a11-ae87-72d2bff02a49,Cookie Analysis,UNKNOWN,pbjs_sharedId,False,,2025-03-27T21:27:50.096301+00:00
112285e8-1636-4be3-b5b9-7838b7fbc639,Cookie Analysis,UNKNOWN,pbjs_sharedId_cst,False,,2025-03-27T21:28:20.095391+00:00
c676b5be-ce3f-4b2c-92fd-948147a4c6ef,Cookie Analysis,UNKNOWN,DotMetrics.DomainCookieStress,False,,2025-03-27T21:28:50.070103+00:00
f3114279-a5f2-404c-b954-51840343e3a8,Cookie Analysis,UNKNOWN,DM_SitId430Stress,False,,2025-03-27T21:29:20.168342+00:00
acf2b139-26c3-4daa-9d23-89299617eb36,Cookie Analysis,UNKNOWN,DM_SitId430SecId1804Stress,False,,2025-03-27T21:29:50.124672+00:00
1bfefb8b-0c9d-4a7e-b176-365dfcdc1c73,Cookie Analysis,UNKNOWN,weatherCity,False,,2025-03-27T21:30:20.206562+00:00
e40e6419-46be-486b-96b4-ad2bde040cb4,Open Cookie Database,TARGETING,khaos,False,,2025-03-27T21:30:20.288871+00:00
6fd21c74-a3fc-46a7-b618-9bca41464f1f,Open Cookie Database,TARGETING,tt_viewer,False,,2025-03-27T21:30:20.353776+00:00
020d093e-e488-43e0-9b68-1d14ef5c7e4a,Open Cookie Database,TARGETING,uid,False,,2025-03-27T21:30:20.587311+00:00
4c8a0612-0cba-4464-a7c2-f9c07433cd34,Cookie Analysis,UNKNOWN,DM_SitId430SecId2158Stress,False,,2025-03-27T21:30:50.274650+00:00
6a43b6a1-0653-48b0-b308-ba2c468129c1,Open Cookie Database,TARGETING,id5,False,,2025-03-27T21:30:50.344215+00:00
b0e9c22a-9dca-407e-abf2-4423377c9a8d,Open Cookie Database,TARGETING,tuuid,False,,2025-03-27T21:30:50.378077+00:00
6e65a6d7-94b9-459f-925b-f6d073fdcd9d,Open Cookie Database,TARGETING,c,False,,2025-03-27T21:30:50.827506+00:00
85b2b496-94f0-486b-bc5f-a842865acb08,Open Cookie Database,TARGETING,tuuid_lu,False,,2025-03-27T21:30:50.890004+00:00
453bf4dc-00e4-4d97-a60b-db921bca65b0,Open Cookie Database,TARGETING,mv_tokens,False,,2025-03-27T21:30:50.961170+00:00
c3cf9a1f-621a-4d75-91db-1655e62e5068,Cookie Analysis,UNKNOWN,mv_tokens_eu-v1,False,,2025-03-27T21:31:20.177898+00:00
4671d5a4-0723-470f-98c7-173fecc65518,Open Cookie Database,TARGETING,am_tokens,False,,2025-03-27T21:31:20.205269+00:00
05a028a0-70f2-4f62-a725-b176dca35c76,Cookie Analysis,UNKNOWN,am_tokens_eu-v1,False,,2025-03-27T21:31:50.147963+00:00
0f7bda7c-e3b3-463e-b20e-58abad9416fb,Open Cookie Database,TARGETING,criteo,False,,2025-03-27T21:31:50.173589+00:00
f0470c99-666b-47d6-91f5-a59efc5b3587,Open Cookie Database,TARGETING,XANDR_PANID,False,,2025-03-27T21:31:50.200079+00:00
d968fa44-b982-4472-8cca-af5d09a8c482,Open Cookie Database,TARGETING,uuid2,False,,2025-03-27T21:31:50.230206+00:00
5c562685-4fde-47d2-a22d-a4bbd1281ee9,Open Cookie Database,TARGETING,CMID,False,,2025-03-27T21:31:50.259900+00:00
31135a10-2920-42e2-a47d-15edfd12bf04,Open Cookie Database,TARGETING,CMPS,False,,2025-03-27T21:31:50.286178+00:00
5f42e91c-2b91-4300-9f0b-fd8b15905bc9,Open Cookie Database,TARGETING,CMPRO,False,,2025-03-27T21:31:50.315619+00:00
f43076ff-93a8-4f1d-b2e7-1797e00bae7b,Open Cookie Database,TARGETING,khaos_p,False,,2025-03-27T21:31:50.345395+00:00
61ab30bd-60a2-419e-b91e-879e695ba343,Open Cookie Database,TARGETING,visitor-id,False,,2025-03-27T21:31:50.373658+00:00
83fe18d6-5744-48fd-878b-b00bce4b2fc3,Open Cookie Database,TARGETING,data-c-ts,True,data-,2025-03-27T21:31:50.415498+00:00
1788e15c-9491-4587-9109-f433578c1798,Open Cookie Database,TARGETING,data-c,True,data-,2025-03-27T21:31:50.455957+00:00
04122d6c-52ba-422e-8120-5d969c115a3f,Open Cookie Database,TARGETING,KRTBCOOKIE_97,True,KRTBCOOKIE_,2025-03-27T21:31:50.496851+00:00
08d5b6ed-954f-4396-80ff-f31bc2de54ed,Open Cookie Database,TARGETING,t_gid,False,,2025-03-27T21:31:50.522526+00:00
aa62f10a-59f0-41c4-a066-fb6f919d076b,Open Cookie Database,STRICTLY_NECESSARY,t_pt_gid,False,,2025-03-27T21:31:50.548852+00:00
bd1e84af-513f-4201-abcc-6cb19a8512d3,Open Cookie Database,TARGETING,demdex,False,,2025-03-27T21:31:50.574573+00:00
203aaf79-12e9-4bdc-a8a0-ca3aed7a6019,Open Cookie Database,TARGETING,tluidp,False,,2025-03-27T21:31:50.599866+00:00
36502884-c0c5-45e1-8b61-3b8769bbf4f2,Open Cookie Database,TARGETING,tluid,False,,2025-03-27T21:31:50.627446+00:00
106c0fac-6bfb-441f-a1b4-2d549218a9a7,Open Cookie Database,TARGETING,dpm,False,,2025-03-27T21:31:50.652716+00:00
dc3ea8ba-55f1-475d-bf4b-2d45e803b5a3,Open Cookie Database,TARGETING,visitor,False,,2025-03-27T21:31:50.680133+00:00
53ee8202-bfb8-46b4-b63d-d2851eed564d,Cookie Analysis,UNKNOWN,status,False,,2025-03-27T21:32:20.168012+00:00
58d90f08-c5d3-4918-bd2f-bc421ea3fe28,Open Cookie Database,TARGETING,ljt_reader,False,,2025-03-27T21:32:20.190682+00:00
692f7000-956c-4e98-8a7e-f8b7d7265381,Open Cookie Database,TARGETING,ab,False,,2025-03-27T21:32:20.223629+00:00
e4007904-e4e5-4c1f-bcfc-40f5f027b2f7,Open Cookie Database,TARGETING,_ljtrtb_83,True,_ljtrtb_,2025-03-27T21:32:20.259954+00:00
3d6b23f7-7d0b-4546-8854-52c4e26870d1,Open Cookie Database,TARGETING,_rxuuid,False,,2025-03-27T21:32:20.281837+00:00
2297e69b-8573-4cdd-9e93-596f54c2f3aa,Open Cookie Database,TARGETING,tvid,False,,2025-03-27T21:32:20.303870+00:00
63514e9e-4761-417c-828b-faae17b14752,Cookie Analysis,UNKNOWN,tv_UICR,False,,2025-03-27T21:32:50.213727+00:00
de35e8b1-8210-41c8-8e84-efc727ccb2b4,Open Cookie Database,TARGETING,vst,False,,2025-03-27T21:32:50.243279+00:00
f3d9e89d-4787-4cd8-b49f-78bcc73038fa,Open Cookie Database,TARGETING,_cc_dc,False,,2025-03-27T21:32:50.269589+00:00
332ddb8c-fc6e-4caf-9a17-53d0ddf4a590,Open Cookie Database,TARGETING,_cc_id,False,,2025-03-27T21:32:50.294952+00:00
c8d20464-c253-42db-940a-8418711c0900,Open Cookie Database,TARGETING,TapAd_TS,False,,2025-03-27T21:32:50.322614+00:00
5b47822d-94c7-4468-9756-5351b0f4508c,Open Cookie Database,TARGETING,TapAd_DID,False,,2025-03-27T21:32:50.348909+00:00
37136aa8-6002-4575-bace-4703a115b1d8,Open Cookie Database,TARGETING,TapAd_3WAY_SYNCS,False,,2025-03-27T21:32:50.374697+00:00
011f95d5-8b99-445d-98ad-db7af2ad0e42,Open Cookie Database,TARGETING,3pi,False,,2025-03-27T21:32:50.401850+00:00
54ab4135-65ed-42e0-83de-0903ea7c4d21,Open Cookie Database,TARGETING,um,False,,2025-03-27T21:32:50.428192+00:00
fee08925-ee2d-4032-b819-bb1fcea1fe32,Open Cookie Database,TARGETING,umeh,False,,2025-03-27T21:32:50.455013+00:00
fbbd757a-2114-4ee9-96d8-21a7d7ca20f6,Cookiepedia,TARGETING,consent,False,,2025-03-27T21:33:20.627976+00:00
e957fbad-03c9-40e0-b17b-eba15c34f0f2,Open Cookie Database,STRICTLY_NECESSARY,__cflb,False,,2025-03-27T21:33:20.655232+00:00
03a9da25-c55b-4220-909e-f59d4b223847,Open Cookie Database,TARGETING,i,False,,2025-03-27T21:33:20.683102+00:00
20a0f229-baff-4146-9f6f-79e2c8d93619,Open Cookie Database,TARGETING,g,False,,2025-03-27T21:33:20.713365+00:00
7db8d068-2485-407f-a369-962bd5ee6920,Open Cookie Database,STRICTLY_NECESSARY,ts,False,,2025-03-27T21:33:20.739490+00:00
5fdb7a5e-159c-416d-abd0-3ad7031196b1,Open Cookie Database,TARGETING,ljtrtb,False,,2025-03-27T21:33:20.767764+00:00
52543319-3c80-4332-85fd-3ed16b59af51,Open Cookie Database,TARGETING,_ljtrtb_80,True,_ljtrtb_,2025-03-27T21:33:20.808172+00:00
b1753941-fa7d-4585-b5d1-b2bd0ee6a912,Open Cookie Database,TARGETING,KADUSERCOOKIE,False,,2025-03-27T21:33:20.836592+00:00
6894c3be-2fea-4229-91e3-84d733f722b5,Open Cookie Database,TARGETING,TDID,False,,2025-03-27T21:33:20.866204+00:00
0178b35e-d3f0-403e-b1b4-e5c678b17ec3,Cookie Analysis,UNKNOWN,ym_user_cookie,False,,2025-03-27T21:33:50.103698+00:00
ca0fe3be-e238-4693-a48e-3df141f66d8a,Open Cookie Database,TARGETING,pid,False,,2025-03-27T21:33:50.128992+00:00
4a297e61-701c-414f-9a28-b393b4bcf9a9,Open Cookie Database,TARGETING,bito,False,,2025-03-27T21:33:50.151323+00:00
d3efb41d-c4ec-4d7b-b752-90db81c38ec0,Open Cookie Database,TARGETING,bitoIsSecure,False,,2025-03-27T21:33:50.172880+00:00
6927a381-4772-40ac-8c0a-52ce7aef98bf,Open Cookie Database,TARGETING,TDCPM,False,,2025-03-27T21:33:50.196237+00:00
51540e3d-3015-4519-9bfd-38ca528b98fe,Open Cookie Database,TARGETING,mc,False,,2025-03-27T21:33:50.229609+00:00
61b52f91-80ea-4d27-b085-541974f97e87,Open Cookie Database,TARGETING,ad-privacy,False,,2025-03-27T21:33:50.251300+00:00
6e8ddf36-8f89-4448-8442-6a51147ddede,Open Cookie Database,TARGETING,KRTBCOOKIE_391,True,KRTBCOOKIE_,2025-03-27T21:33:50.288378+00:00
2ff15d1b-12a2-43be-a3eb-130e249fd137,Open Cookie Database,TARGETING,KRTBCOOKIE_377,True,KRTBCOOKIE_,2025-03-27T21:33:50.325370+00:00
872058c8-25ae-400a-9cbb-b0ebf51a0116,Open Cookie Database,TARGETING,KRTBCOOKIE_57,True,KRTBCOOKIE_,2025-03-27T21:33:50.363800+00:00
4e146120-dea0-4bcc-aaf1-1044c945acfe,Cookie Analysis,UNKNOWN,csuuid,False,,2025-03-27T21:34:20.193334+00:00
3fe5ad37-28ab-4c4a-95b9-503f6a1f64d9,Open Cookie Database,TARGETING,KRTBCOOKIE_80,True,KRTBCOOKIE_,2025-03-27T21:34:20.230451+00:00
50116a93-9f25-4dd0-9810-b93e85297629,Open Cookie Database,TARGETING,SEUNCY,False,,2025-03-27T21:34:20.253726+00:00
e0739039-56d9-4ec1-8bd6-98ec5f8a56ea,Open Cookie Database,TARGETING,zc,False,,2025-03-27T21:34:20.275376+00:00
3ed8f3fc-093c-4b39-9ee1-54eb65779088,Open Cookie Database,TARGETING,bcookie,False,,2025-03-27T21:34:20.297482+00:00
bf71cc32-69e6-4774-b5e2-ea39d40a1c5c,Open Cookie Database,STRICTLY_NECESSARY,li_gc,False,,2025-03-27T21:34:20.320110+00:00
bd62cc72-1a65-4daf-8c5e-300e12710d0d,Open Cookie Database,TARGETING,lidc,False,,2025-03-27T21:34:20.342487+00:00
cca86469-1095-46dc-ade1-4a32f2be5af7,Cookiepedia,FUNCTIONALITY,cookie,False,,2025-03-27T21:34:50.200379+00:00
da25638b-fe44-4497-be56-96bde0554f54,Cookie Analysis,UNKNOWN,done_redirects162,False,,2025-03-27T21:35:20.152785+00:00
800b6d28-35c7-4f06-9d22-4d239b0f904c,Cookie Analysis,UNKNOWN,_Amc_b,False,,2025-03-27T21:35:50.149735+00:00
10f8d4bb-fc90-421a-9958-0aebd9c4d22f,Cookie Analysis,UNKNOWN,_Amc_s,False,,2025-03-27T21:36:20.168542+00:00
38fa9fd4-f2a1-406c-a303-da4f9a85b84e,Cookie Analysis,UNKNOWN,_Amc_t,False,,2025-03-27T21:36:50.201019+00:00
61d17904-4b1f-4df4-9cd3-76d35b90cf96,Cookie Analysis,UNKNOWN,_sv3_7,False,,2025-03-27T21:37:21.011365+00:00
70bb41aa-6c5e-4bb6-8fcf-65551c68294d,Cookie Analysis,UNKNOWN,amuid2,False,,2025-03-27T21:37:51.117479+00:00
806d3d1d-790e-4cb0-9799-1e61b1700f8e,Cookie Analysis,UNKNOWN,p_Amc_b,False,,2025-03-27T21:38:21.074994+00:00
551001fe-f46b-46ee-9915-18cc637c9a34,Cookie Analysis,UNKNOWN,p_Amc_s,False,,2025-03-27T21:38:51.084323+00:00
55cfe31a-ec8d-4190-9420-866adaed9c7a,Cookie Analysis,UNKNOWN,p_Amc_t,False,,2025-03-27T21:39:21.165551+00:00
73f91c19-0491-4727-9df2-452a5ed26064,Cookie Analysis,UNKNOWN,pamuid2,False,,2025-03-27T21:39:51.188731+00:00
4bf1cd59-79a7-4bb6-b016-0d98443f092c,Cookie Analysis,UNKNOWN,psd_amuid2,False,,2025-03-27T21:40:21.076406+00:00
1c2c59e9-1422-4d15-b422-c884703c8574,Cookie Analysis,UNKNOWN,sd_amuid2,False,,2025-03-27T21:40:51.097882+00:00
a07af491-5c62-47e5-aecd-6ede956e0652,Cookie Analysis,UNKNOWN,suid,False,,2025-03-27T21:41:21.268333+00:00
294a2ded-5936-4f6c-8f0f-f92c1c78a56e,Open Cookie Database,TARGETING,A3,False,,2025-03-27T21:41:21.292053+00:00
e5914aa7-196b-4761-9a19-cbca89a3db53,Open Cookie Database,TARGETING,ad-id,False,,2025-03-27T21:41:21.313743+00:00
e0131d65-d870-49c0-bbaf-4c8711b8bdde,Open Cookie Database,TARGETING,IDSYNC,False,,2025-03-27T21:41:21.336986+00:00
91844ae1-9f97-4160-b3dd-ae4c407b5723,Cookiepedia,TARGETING,mako_uid,False,,2025-03-27T21:41:51.274383+00:00
fd668721-d5bd-4998-98ed-2cce2f3665ff,Open Cookie Database,STRICTLY_NECESSARY,SERVERID,False,,2025-03-27T21:41:51.305638+00:00
38538ec0-1ee8-4ced-bbae-4645dd6363cf,Cookie Analysis,UNKNOWN,cu,False,,2025-03-27T21:42:21.242371+00:00
c88e0e98-ba69-4251-8877-12a2115c2ea5,Open Cookie Database,TARGETING,everest_g_v2,False,,2025-03-27T21:42:21.273623+00:00
8b24f096-505e-41d7-861d-363b617ee425,Cookie Analysis,UNKNOWN,DPSync4,False,,2025-03-27T21:42:51.344217+00:00
d26c3952-71ae-48b2-8eec-bc15310b80f3,Open Cookie Database,PERFORMANCE,sp,False,,2025-03-27T21:42:51.385214+00:00
fc425499-c33b-4181-b3e9-8a6c773b95f8,Open Cookie Database,TARGETING,KRTBCOOKIE_153,True,KRTBCOOKIE_,2025-03-27T21:42:51.443532+00:00
b8acb439-32e2-4344-8aa9-207899808f30,Open Cookie Database,TARGETING,KRTBCOOKIE_632,True,KRTBCOOKIE_,2025-03-27T21:42:51.482523+00:00
bb649b7a-39c5-4d71-9a02-a26a260eae2c,Open Cookie Database,TARGETING,UserID1,False,,2025-03-27T21:42:51.504758+00:00
6e8c85f4-23a9-463c-8a37-61ac516e50e1,Open Cookie Database,TARGETING,UID,False,,2025-03-27T21:42:51.527847+00:00
1af2b2f0-7a52-40a4-8fbd-d437496b1c8b,Open Cookie Database,TARGETING,KRTBCOOKIE_1101,True,KRTBCOOKIE_,2025-03-27T21:42:51.569020+00:00
55fa1362-8192-4cda-8a2a-8c512d98b1a5,Open Cookie Database,TARGETING,KRTBCOOKIE_1469,True,KRTBCOOKIE_,2025-03-27T21:42:51.614985+00:00
1966ffce-d864-4d00-b507-3a494909f03f,Open Cookie Database,TARGETING,KRTBCOOKIE_32,True,KRTBCOOKIE_,2025-03-27T21:42:51.654885+00:00
5e91c8d8-b36f-492c-9a3c-05fbbb792867,Cookie Analysis,UNKNOWN,cid_a729e7451b8e467e9554d657072ecec9,False,,2025-03-27T21:43:21.258072+00:00
bdebd8f5-9e03-4716-8fb5-b0e15a9e8cda,Open Cookie Database,TARGETING,uids,False,,2025-03-27T21:43:21.285018+00:00
c54e3a54-53a7-4593-9e4a-7277fa741e81,Open Cookie Database,TARGETING,KRTBCOOKIE_22,True,KRTBCOOKIE_,2025-03-27T21:43:21.348111+00:00
c649b383-60f3-4214-9a1b-4077f0b2e3a9,Cookie Analysis,UNKNOWN,ssi,False,,2025-03-27T21:43:51.334294+00:00
1173479e-87f8-4ce9-8d2f-d7f674c06e6d,Open Cookie Database,TARGETING,viewer_token,False,,2025-03-27T21:43:51.365544+00:00
28c68145-d0cf-43f1-8211-217f7024e5eb,Cookie Analysis,UNKNOWN,__ktpct,False,,2025-03-27T21:44:21.338314+00:00
33983c10-704e-43db-928f-41b6568d763d,Open Cookie Database,TARGETING,KRTBCOOKIE_1277,True,KRTBCOOKIE_,2025-03-27T21:44:21.519495+00:00
119ff9e5-3a0f-415a-bc7d-e875c3d9c6cf,Cookiepedia,TARGETING,__kuid,False,,2025-03-27T21:44:51.402410+00:00
81071499-35e2-46a8-afe6-c3f8a720987b,Open Cookie Database,TARGETING,KRTBCOOKIE_188,True,KRTBCOOKIE_,2025-03-27T21:44:51.433663+00:00
5cc45660-76f6-4ea3-a259-d7eef56e1c2b,Open Cookie Database,TARGETING,csync,False,,2025-03-27T21:44:51.464943+00:00
b60fa817-c27e-45da-92cd-00f5dac309ae,Open Cookie Database,STRICTLY_NECESSARY,__cf_bm,False,,2025-03-27T21:44:51.480537+00:00
9ace585c-52db-4fa8-888f-76c4476195fc,Cookie Analysis,UNKNOWN,VP,False,,2025-03-27T21:45:21.377038+00:00
007fc604-f502-4bd6-94f9-609eb96c5cdb,Cookie Analysis,UNKNOWN,pb_rtb_ev_part,False,,2025-03-27T21:45:51.353882+00:00
87b1d98d-be57-41a1-b857-4b7ff19c5347,Cookiepedia,TARGETING,pb_rtb_ev,False,,2025-03-27T21:46:21.398359+00:00
ab7dbfa3-9fb8-4c9a-9985-77ac43487dc3,Cookiepedia,TARGETING,V,False,,2025-03-27T21:46:51.590280+00:00
bea47f23-cd00-4481-a3b7-d9a1f66570fb,Open Cookie Database,STRICTLY_NECESSARY,gdpr,False,,2025-03-27T21:46:51.633342+00:00
c25a4061-fc03-4dfc-b357-41fe789cd629,Open Cookie Database,STRICTLY_NECESSARY,INGRESSCOOKIE,False,,2025-03-27T21:46:51.672163+00:00
ee24760f-d80e-4c3c-ad99-3c803642bab2,Cookiepedia,FUNCTIONALITY,sa-user-id,False,,2025-03-27T21:47:22.430480+00:00
4dfdde46-73ed-454c-9c71-c9954126c901,Cookiepedia,PERFORMANCE,sa-user-id-v2,False,,2025-03-27T21:47:51.308626+00:00
94a594b8-2ebc-4b9b-9f31-b8b244c35f51,Cookiepedia,TARGETING,sa-user-id-v3,False,,2025-03-27T21:48:21.423888+00:00
b1a83d6d-0ce3-42a4-839e-9b0f1c5e2aae,Open Cookie Database,TARGETING,KRTBCOOKIE_860,True,KRTBCOOKIE_,2025-03-27T21:48:21.455139+00:00
e09e47fa-33be-449b-be93-c05e3177f010,Open Cookie Database,TARGETING,KRTBCOOKIE_699,True,KRTBCOOKIE_,2025-03-27T21:48:21.486388+00:00
ebe3b3f2-de73-41da-bf22-03e992cad520,Cookie Analysis,UNKNOWN,_tfpvi,False,,2025-03-27T21:48:51.381108+00:00
358902bb-0144-44f5-a15e-12c68f07e7a3,Cookiepedia,TARGETING,cto_bidid,False,,2025-03-27T21:49:21.427281+00:00
4e6b5a92-5be1-49cf-a02e-21cdd40bcd06,Open Cookie Database,TARGETING,pd,False,,2025-03-27T21:49:21.458520+00:00
b841d1be-6647-493b-8911-8c4ca2158178,Open Cookie Database,TARGETING,anj,False,,2025-03-27T21:49:21.489771+00:00
94ff59a7-5062-4518-8d58-c26e6cc71f7b,Cookie Analysis,UNKNOWN,SyncRTB4,False,,2025-03-27T21:49:51.505482+00:00
f7433ed0-718d-4510-81b3-334f33ecb06f,Cookie Analysis,UNKNOWN,_ssuma,False,,2025-03-27T21:50:21.499999+00:00
74942786-8790-4cae-ad84-e6530dff6ae2,Cookiepedia,TARGETING,DotomiTest,False,,2025-03-27T21:50:51.458971+00:00
b4fc448c-2ec2-4c4b-a559-79de64051b63,Open Cookie Database,TARGETING,dc,False,,2025-03-27T21:50:51.524428+00:00
abff963c-96d3-45a8-9afe-6b7fb2777252,Open Cookie Database,STRICTLY_NECESSARY,ss,False,,2025-03-27T21:50:51.590716+00:00
d2710bf4-3dff-475c-a8d8-d3f14668c929,Cookiepedia,TARGETING,ruds,False,,2025-03-27T21:51:21.744453+00:00
b343f92a-b528-4aa4-8ec3-1e00e9fbb419,Cookiepedia,TARGETING,eud,False,,2025-03-27T21:51:51.702147+00:00
603ef750-25f9-4ec9-ba20-8a65840e37a7,Cookie Analysis,UNKNOWN,rud,False,,2025-03-27T21:52:21.729111+00:00
446fa50a-0b4e-47bb-8025-918c06f5705f,Open Cookie Database,TARGETING,rlas3,False,,2025-03-27T21:52:21.760358+00:00
5e146014-a3a1-4355-a16a-187c4bb4cd66,Open Cookie Database,TARGETING,pxrc,False,,2025-03-27T21:52:21.791611+00:00
1bf75a1e-848b-4e35-8443-ca12e5195dd3,Cookie Analysis,UNKNOWN,ut,False,,2025-03-27T21:52:51.663410+00:00
521434a3-181e-4fe1-86f3-ba7494664b09,Open Cookie Database,TARGETING,audit_p,False,,2025-03-27T21:52:51.694691+00:00
b728d5eb-3271-4f74-a80f-165bf2e0a6e1,Open Cookie Database,TARGETING,audit,False,,2025-03-27T21:52:51.741531+00:00
152128c9-2b09-4ba5-86e7-c659a2f43b6a,Cookie Analysis,UNKNOWN,adtheorent[cuid],False,,2025-03-27T21:53:21.756968+00:00
b20b6b54-b34c-47ed-943f-83090ec69f5a,Cookiepedia,TARGETING,ANON_ID,False,,2025-03-27T21:53:51.758729+00:00
c17c3716-c65f-4a83-9e46-4aa335006492,Cookiepedia,TARGETING,id,False,,2025-03-27T21:54:22.012168+00:00
7e0ddef0-0310-41ec-8ca4-85ffb980dbc1,Cookie Analysis,UNKNOWN,done_redirects190,False,,2025-03-27T21:54:51.778011+00:00
47f45ff8-5e73-4c0d-96b3-b88c596e625e,Cookiepedia,TARGETING,ayl_visitor,False,,2025-03-27T21:55:21.754142+00:00
18eb4e85-a0d0-46c5-b3f5-54dd1d1cda9e,Open Cookie Database,TARGETING,KRTBCOOKIE_409,True,KRTBCOOKIE_,2025-03-27T21:55:21.793951+00:00
c51844bf-0fee-4232-8509-f7c63a12e121,Open Cookie Database,TARGETING,PugT,False,,2025-03-27T21:55:21.817661+00:00
a7c8ea2e-8cc7-41fa-8368-1eaea987aca3,Open Cookie Database,TARGETING,SPugT,False,,2025-03-27T21:55:21.840809+00:00
5d4d3a38-0c95-4d57-a566-1127ec005a4f,Open Cookie Database,STRICTLY_NECESSARY,chkChromeAb67Sec,False,,2025-03-27T21:55:21.864413+00:00
16dc3ca7-ec2d-4560-aab0-a023ef60d18e,Open Cookie Database,TARGETING,pi,False,,2025-03-27T21:55:21.887388+00:00
04befe27-aa05-4a76-8a51-fa7ca548593e,Open Cookie Database,STRICTLY_NECESSARY,pubsyncexp,False,,2025-03-27T21:55:21.910709+00:00
67d46064-a7a3-4017-89d5-46101fa3a8ac,Cookiepedia,STRICTLY_NECESSARY,csrftoken,False,,2025-03-27T21:55:51.793214+00:00
1c91849f-72c1-41d2-b4eb-82eb1d64d561,Cookie Analysis,UNKNOWN,DM_SitId457,False,,2025-03-27T21:56:21.731259+00:00
b731c641-b7ba-4672-b34d-279dcaea7889,Cookie Analysis,UNKNOWN,DM_SitId457SecId1831,False,,2025-03-27T21:56:51.745976+00:00
593db6f2-3907-4bf2-9742-2c5a289f0cf1,Cookie Analysis,UNKNOWN,lb_itis,False,,2025-03-27T21:57:21.747234+00:00
d797da14-dadc-4b08-8162-b63f6c559593,Open Cookie Database,STRICTLY_NECESSARY,ASP.NET_SessionId,False,,2025-03-27T21:57:21.783234+00:00
5435e56f-1849-4959-bbcc-e279737f88ce,Cookie Analysis,UNKNOWN,DM_SitId457SecId14208,False,,2025-03-27T21:57:51.736022+00:00
989f6a8b-f4cd-4db1-8323-a8f0a984c2d6,Cookie Analysis,UNKNOWN,DM_SitId457SecId2217,False,,2025-03-27T21:58:21.731210+00:00
87db0b4c-c0e8-4d33-a93c-4b7be7b7e6f4,Cookie Analysis,UNKNOWN,DM_SitId457SecId2232,False,,2025-03-27T21:58:51.952981+00:00
ee7143e3-f24c-4cdc-b7ee-e25b0d5a897e,Cookie Analysis,UNKNOWN,atid,False,,2025-03-27T21:59:21.961724+00:00
3143fea7-88bb-41d7-b384-be11b9d6212a,Open Cookie Database,TARGETING,_fbp,False,,2025-03-27T21:59:21.990146+00:00
a2572ab2-c1ed-4113-8f25-9ad1ba7ffb4e,Open Cookie Database,TARGETING,_gcl_au,False,,2025-03-27T21:59:22.013675+00:00
007553c7-52f9-479e-a0b2-0d2f22bc2c65,Open Cookie Database,PERFORMANCE,_ga_TM4X2QRRC0,True,_ga_,2025-03-27T21:59:22.053657+00:00
8cf7f1ef-30fc-46cd-a239-7a009fe04887,Open Cookie Database,STRICTLY_NECESSARY,test_cookie,False,,2025-03-27T21:59:22.084915+00:00
27867439-91c1-43a8-a490-24e8b6cd1967,Cookie Analysis,UNKNOWN,_oid,False,,2025-03-27T21:59:52.006079+00:00
ec503425-ebeb-4305-a5b0-1ab2b949a07c,Open Cookie Database,TARGETING,_cc_cc,False,,2025-03-27T21:59:52.098034+00:00
6ba04750-3c0d-432c-b0ad-206188b5c8cb,Open Cookie Database,TARGETING,_cc_aud,False,,2025-03-27T21:59:52.205010+00:00
7ecbf677-c6b3-4376-be70-80f70c0d1028,Open Cookie Database,PERFORMANCE,_ga_6NPY2EFBJD,True,_ga_,2025-03-27T21:59:52.310560+00:00
65df9558-f001-4df6-b939-564cb6d15cd1,Open Cookie Database,TARGETING,panoramaId_expiry,False,,2025-03-27T21:59:52.411031+00:00
1a74b8d3-3cac-4e0e-b6f0-063c9e26e80e,Open Cookie Database,TARGETING,panoramaId,False,,2025-03-27T21:59:52.610466+00:00
316cc0c0-3402-41bb-8e19-f4de10e0560a,Open Cookie Database,TARGETING,wfivefivec,False,,2025-03-27T21:59:52.974579+00:00
d22bf57f-5471-4004-827e-2a8d52c9494b,Open Cookie Database,TARGETING,C,False,,2025-03-27T21:59:53.006286+00:00
ab13557d-7e1d-4c95-b298-ebe8c565ad2f,Cookie Analysis,UNKNOWN,done_redirects153,False,,2025-03-27T22:00:21.815451+00:00
e23256dd-2b45-4cbc-8b52-4732fe3ddadc,Cookie Analysis,UNKNOWN,matchcasale,False,,2025-03-27T22:00:51.939822+00:00
8a3b9739-6b0b-46ff-990e-f2cb527143cf,Cookie Analysis,UNKNOWN,cid_9b13202a805540f583aac1dff3ce7d3f,False,,2025-03-27T22:01:21.784515+00:00
999919fc-cce9-4385-8abc-a7928e20aa00,Cookie Analysis,UNKNOWN,browser_id,False,,2025-03-27T22:01:52.574947+00:00
b38de833-ad4b-4380-9b86-38265db5374a,Open Cookie Database,TARGETING,stx_user_id,False,,2025-03-27T22:01:52.626945+00:00
adae6568-50eb-4104-9a82-1d4e105c906b,Open Cookie Database,TARGETING,KRTBCOOKIE_466,True,KRTBCOOKIE_,2025-03-27T22:01:52.769949+00:00
39f70dad-550c-4e7d-8cc6-0c2bddaed986,Open Cookie Database,TARGETING,TestIfCookieP,False,,2025-03-27T22:01:52.840954+00:00
b38a0868-074b-43fc-b356-7e0dbe7b7c93,Cookie Analysis,UNKNOWN,linker-conversion-1535590,False,,2025-03-27T22:02:22.387125+00:00
d60852f5-50b1-485a-92ae-81a148a37f43,Cookie Analysis,UNKNOWN,DM_SitId457Stress,False,,2025-03-27T22:02:52.352741+00:00
184c2986-838f-4903-adfc-4d45b7bd52ed,Cookie Analysis,UNKNOWN,DM_SitId457SecId14208Stress,False,,2025-03-27T22:03:22.498732+00:00
1f4acd25-669a-4e54-bfac-484e001806b0,Open Cookie Database,TARGETING,aniC,False,,2025-03-27T22:03:22.534114+00:00
e32d2510-c817-4944-84e4-f44cedf8fb92,Cookie Analysis,UNKNOWN,ccpa,False,,2025-03-27T22:03:52.482378+00:00
92660c43-6919-4289-9718-8cc7949be8c0,Cookie Analysis,UNKNOWN,pxId,False,,2025-03-27T22:04:22.401074+00:00
771ef109-f8c9-4a7e-992c-2e8380437c5e,Cookiepedia,TARGETING,_pubcid,False,,2025-03-27T22:04:52.381407+00:00
9a77a63f-d355-47cb-b142-3be0c0660f0f,Cookie Analysis,UNKNOWN,_pubcid_cst,False,,2025-03-27T22:05:22.447692+00:00
78c12967-b06f-4f7d-a771-f478e8ffad74,Cookie Analysis,UNKNOWN,1_C_55,False,,2025-03-27T22:05:52.430663+00:00
10c93a42-643f-443a-84a8-86acda431c46,Cookie Analysis,UNKNOWN,1_C_10,False,,2025-03-27T22:06:22.383071+00:00
3ef5c79c-b6e9-4af7-9420-8b4efd270108,Cookie Analysis,UNKNOWN,1_C_9,False,,2025-03-27T22:06:52.382008+00:00
b6df9bdd-2569-4a7a-9102-2005fdabaf18,Cookie Analysis,UNKNOWN,1_C_23,False,,2025-03-27T22:07:22.443273+00:00
9f8f533a-0a9f-451a-be5c-59584fc7f6cd,Cookie Analysis,UNKNOWN,1_C_5,False,,2025-03-27T22:07:52.458082+00:00
a9451b29-b3f7-443b-95fe-6e9384423057,Open Cookie Database,TARGETING,SCM,False,,2025-03-27T22:07:52.489336+00:00
fbb474d6-df72-4ded-9670-d9565222bb88,Open Cookie Database,TARGETING,SCMaps,False,,2025-03-27T22:07:52.504966+00:00
c76fa3ae-6999-4885-8ec7-041e9fd750fd,Cookie Analysis,UNKNOWN,zuid,False,,2025-03-27T22:08:22.434973+00:00
bf32ae00-367a-4d5b-853a-ced272727699,Cookiepedia,TARGETING,__mguid_,False,,2025-03-27T22:08:52.397482+00:00
4a83977d-352f-49ed-b6f6-9b35459d6927,Cookie Analysis,UNKNOWN,done_redirects154,False,,2025-03-27T22:09:22.508636+00:00
adce672c-2947-4e2a-8d13-696201417671,Open Cookie Database,TARGETING,obuid,False,,2025-03-27T22:09:22.539886+00:00
fb482c50-307b-47f9-a3be-1e077fdd8f92,Cookie Analysis,UNKNOWN,SONATA_ID,False,,2025-03-27T22:09:52.510112+00:00
bb08775f-cd19-48ef-b83d-f84804bc4af1,Open Cookie Database,TARGETING,tt_exelate,False,,2025-03-27T22:09:52.541401+00:00
23578df9-50f9-41b4-9d33-e7f34cec2ef2,Open Cookie Database,TARGETING,tt_liveramp,False,,2025-03-27T22:09:52.572652+00:00
79f7b754-a3b7-475f-ba36-861cd63bcb72,Open Cookie Database,TARGETING,tt_neustar,False,,2025-03-27T22:09:52.588271+00:00
703d9468-308c-4723-a029-822177e652a2,Open Cookie Database,TARGETING,uid-bp-41499,True,uid-bp-,2025-03-27T22:09:52.635153+00:00
9db4f7d8-8445-42f3-8990-a585359c826c,Cookiepedia,FUNCTIONALITY,_uid,False,,2025-03-27T22:10:22.494457+00:00
e31554f9-7639-4ff7-8695-f154fdce9570,Open Cookie Database,TARGETING,uid-bp-36033,True,uid-bp-,2025-03-27T22:10:22.543460+00:00
f6cc8424-e7de-4b00-af3b-5583fc67e520,Open Cookie Database,TARGETING,MRM_UID,False,,2025-03-27T22:10:22.576970+00:00
cd0ca267-1e3b-4101-b5fc-e838eb56a9f7,Open Cookie Database,TARGETING,uid-bp-159,True,uid-bp-,2025-03-27T22:10:22.610213+00:00
41289409-a8ba-4aca-9535-ca2a7217a89b,Open Cookie Database,TARGETING,uid-bp-26913,True,uid-bp-,2025-03-27T22:10:22.660066+00:00
3b00d880-7f83-4053-b33d-ebca9b55045c,Open Cookie Database,TARGETING,uid-bp-717,True,uid-bp-,2025-03-27T22:10:22.709070+00:00
f6662ca8-45c3-4e3d-b111-ff9b6bc6b6a9,Open Cookie Database,TARGETING,uid-bp-892,True,uid-bp-,2025-03-27T22:10:22.743463+00:00
e12d60eb-a3d4-459c-bf1c-447d1278ee52,Open Cookie Database,TARGETING,uid-bp-951,True,uid-bp-,2025-03-27T22:10:22.793387+00:00
bbce8038-cc28-4b8e-85ad-a369e4b7b43f,Open Cookie Database,TARGETING,uid-bp-41408,True,uid-bp-,2025-03-27T22:10:22.827721+00:00
e060f2a4-6499-4926-8005-dd49362adec9,Open Cookie Database,TARGETING,uid-bp-41396,True,uid-bp-,2025-03-27T22:10:22.876835+00:00
64803c46-0834-4a3f-b676-5501451b5af4,Cookie Analysis,UNKNOWN,DM_SitId457SecId2217Stress,False,,2025-03-27T22:10:52.501086+00:00
9d2dbb2c-d56b-4457-99dd-d8854d7eb53f,Open Cookie Database,TARGETING,data-g,True,data-,2025-03-27T22:10:52.563586+00:00
99da5a06-af11-46d2-a2c1-4fcd946a4c50,Cookiepedia,TARGETING,euds,False,,2025-03-27T22:11:22.602199+00:00
fa6534a2-66e4-43e9-b52a-f4232db78cee,Cookie Analysis,UNKNOWN,b,False,,2025-03-27T22:11:52.728450+00:00
cbc14f27-9334-4ea3-a360-b36419afbcf2,Cookie Analysis,UNKNOWN,ktcid,False,,2025-03-27T22:12:22.745945+00:00
8ce2a34a-c405-497b-85c1-d65e027b2dce,Open Cookie Database,PERFORMANCE,yieldmo_id,False,,2025-03-27T22:12:22.960071+00:00
c1346f05-7156-4129-a379-639905c16ede,Open Cookie Database,TARGETING,ptrrc,False,,2025-03-27T22:12:23.133901+00:00
76b79c1c-ca0e-4db5-ad12-89b702ff895e,Cookie Analysis,UNKNOWN,linker-conversion-1506199,False,,2025-03-27T22:12:52.746197+00:00
b70d201d-bba8-466c-a369-80b1c34969c0,Cookie Analysis,UNKNOWN,DM_SitId457SecId2232Stress,False,,2025-03-27T22:13:22.705410+00:00
b97e5065-56b9-49be-9ce3-d91d5cce50d0,Cookie Analysis,UNKNOWN,ADK_EX_11,False,,2025-03-27T22:13:52.781883+00:00
ed270693-1a51-42c6-ac5c-e018a157ad85,Open Cookie Database,TARGETING,ADKUID,False,,2025-03-27T22:13:52.813133+00:00
8fa6d956-f137-47a4-b6b7-ff4e15e2ad42,Open Cookie Database,TARGETING,__uis,False,,2025-03-27T22:13:52.828761+00:00
f3e94ce8-7cf2-4ea4-acc7-d3491dee2c1d,Cookie Analysis,UNKNOWN,HAPLB8G,False,,2025-03-27T22:14:22.787733+00:00
11af24c4-0d24-4e0a-9e5e-3db245b9e2cd,Cookiepedia,TARGETING,matchgoogle,False,,2025-03-27T22:14:52.708013+00:00
afb622d3-4279-44a3-af7a-de906bde59d0,Open Cookie Database,TARGETING,DotomiUser,False,,2025-03-27T22:14:52.739451+00:00
e145170b-72cf-44ff-a811-75c817b3ffe9,Cookie Analysis,UNKNOWN,exco-uids,False,,2025-03-27T22:15:22.840092+00:00
a93ba3aa-d18a-49cb-b221-f04df4cb2494,Cookie Analysis,UNKNOWN,zuuid,False,,2025-03-27T22:15:52.929871+00:00
cdd055dd-36da-4807-b95f-c984e7b08e05,Cookie Analysis,UNKNOWN,zuuid_lu,False,,2025-03-27T22:16:23.078968+00:00
afbdb44a-0e1c-4c63-a8a3-e3eed7ac39cf,Cookie Analysis,UNKNOWN,zuuid_k,False,,2025-03-27T22:16:52.989628+00:00
e0cf7340-e8af-490c-a012-156d3d6a63ec,Cookie Analysis,UNKNOWN,zuuid_k_lu,False,,2025-03-27T22:17:22.934107+00:00
6a89bcc2-19d8-41b4-85a1-aae394b076ce,Open Cookie Database,TARGETING,icu,False,,2025-03-27T22:17:22.960260+00:00
f00e6c56-8a8b-460e-9538-14f48a8bc80f,Cookie Analysis,UNKNOWN,linker-conversion-1520964,False,,2025-03-27T22:17:52.872365+00:00
bd5119d0-6a62-4c08-8f2b-a4cf10053152,Cookie Analysis,UNKNOWN,linker-conversion-1506454,False,,2025-03-27T22:18:22.912204+00:00
bd5a09d1-b518-4e1b-a5ab-8f6b185ab2b5,Cookie Analysis,UNKNOWN,linker-conversion-1527641,False,,2025-03-27T22:18:52.857702+00:00
4f013105-1577-49cd-ba06-8b2f7066721f,Cookie Analysis,UNKNOWN,activeHeader,False,,2025-03-27T22:19:22.935731+00:00
a662722c-4585-4ce4-9e5d-9ab3932ba58e,Cookiepedia,STRICTLY_NECESSARY,PH_HPXY_CHECK,False,,2025-03-27T22:19:52.899314+00:00
f5e1da82-2b4a-4238-a96e-7aecb160618b,Cookie Analysis,UNKNOWN,DM_SitId467,False,,2025-03-27T22:20:22.893095+00:00
e3833f11-899f-4379-a902-05733ca15dd3,Cookie Analysis,UNKNOWN,DM_SitId467SecId1925,False,,2025-03-27T22:20:52.955108+00:00
624edf70-bfa9-4b12-89e4-90041da6eeb9,Cookie Analysis,UNKNOWN,DM_SitId467SecId1929,False,,2025-03-27T22:21:22.884014+00:00
f741a946-0bdd-4840-9fd5-67de91324a38,Cookie Analysis,UNKNOWN,udid,False,,2025-03-27T22:21:52.842810+00:00
df2d6c7e-4d6b-4593-b213-14436ff510b3,Cookie Analysis,UNKNOWN,OTP,False,,2025-03-27T22:22:22.844023+00:00
57273ab3-6c42-4cb9-b3cb-502b444da884,Cookie Analysis,UNKNOWN,px2-uidH-magnite,False,,2025-03-27T22:22:52.951337+00:00
286284d6-7ee5-4044-a463-e3db22b69305,Cookie Analysis,UNKNOWN,px2-uidH-openx,False,,2025-03-27T22:23:22.898870+00:00
486895d7-3221-4c05-9c5e-fd75a9a0dff1,Cookie Analysis,UNKNOWN,px2-uid-magnite,False,,2025-03-27T22:23:53.244291+00:00
484db609-04d7-417e-8846-3c7ee8f599dd,Cookie Analysis,UNKNOWN,px2-uid-openx,False,,2025-03-27T22:24:22.973083+00:00
b9649cc7-c21d-4284-a918-21a2054c34f8,Cookie Analysis,UNKNOWN,px2-uidH-xandr,False,,2025-03-27T22:24:52.950855+00:00
b3badc18-ec4a-4546-b32f-94f67d937096,Cookie Analysis,UNKNOWN,px2-uidH-rtbhouse,False,,2025-03-27T22:25:22.949058+00:00
f2139f29-ec93-4fbd-8ff0-26a95aa6070d,Cookie Analysis,UNKNOWN,px2-uid-xandr,False,,2025-03-27T22:25:52.955549+00:00
fff37990-1b5d-4180-8eab-52f0396f8bd5,Cookie Analysis,UNKNOWN,px2-uid-rtbhouse,False,,2025-03-27T22:26:23.025799+00:00
f5c7a620-0696-41d9-a2c1-5dc530eb13d4,Cookie Analysis,UNKNOWN,px2-uidH-ix,False,,2025-03-27T22:26:52.939229+00:00
4ec4d4af-4fc1-484a-b3eb-0b89d4f9b7f1,Cookie Analysis,UNKNOWN,px2-uid-ix,False,,2025-03-27T22:27:23.277475+00:00
dbcb9100-09c0-4e02-a6e1-6fa7d85b2e5d,Cookie Analysis,UNKNOWN,px2-uidH-connectad,False,,2025-03-27T22:27:53.179514+00:00
0e3c777b-04eb-45bb-a79c-216f8c5c6575,Cookie Analysis,UNKNOWN,px2-uid-connectad,False,,2025-03-27T22:28:23.148953+00:00
fec08980-bc2f-4dca-8991-8425c3c3a3fd,Cookie Analysis,UNKNOWN,px2-uidH-onetag,False,,2025-03-27T22:28:53.179505+00:00
c2e1369f-4390-4457-8227-20e0d46bed8a,Open Cookie Database,TARGETING,sessionid,False,,2025-03-27T22:28:53.226346+00:00
346c1655-f75e-4084-8e5d-ff0b285fa786,Cookie Analysis,UNKNOWN,DM_SitId467SecId2123,False,,2025-03-27T22:29:23.191316+00:00
4547f910-47d7-4014-b970-4a8e32484c62,Open Cookie Database,STRICTLY_NECESSARY,_pbjs_userid_consent_data,False,,2025-03-27T22:29:23.222567+00:00
8a8e814f-7bb2-432f-908e-7e3ca9a8e39c,Cookie Analysis,UNKNOWN,pxFirstData,False,,2025-03-27T22:29:53.144335+00:00
e6829040-e31e-4c91-afd0-f03488ff20ff,Cookie Analysis,UNKNOWN,DM_SitId467Stress,False,,2025-03-27T22:30:23.155322+00:00
d18fdca1-3268-43c8-b0e5-f18d2e677637,Cookie Analysis,UNKNOWN,DM_SitId467SecId2123Stress,False,,2025-03-27T22:30:53.188701+00:00
043d0998-29ff-4eda-9bcc-97aa1c406f1e,Open Cookie Database,TARGETING,_ljtrtb_27,True,_ljtrtb_,2025-03-27T22:30:53.254178+00:00
d74ec01b-b13f-4fab-a2c5-162a8e6d49bf,Cookie Analysis,UNKNOWN,google_push,False,,2025-03-27T22:31:23.233950+00:00
d9ffe6cb-a8e0-49bb-8020-3eea861ff124,Open Cookie Database,PERFORMANCE,_ga_LS5XHQPXPP,True,_ga_,2025-03-27T22:31:23.280818+00:00
7ae02e45-842b-4593-85d7-9c60805ac572,Cookie Analysis,UNKNOWN,_ifpcid,False,,2025-03-27T22:31:53.165517+00:00
796033c0-8497-453b-9cee-2d03eee7cc6e,Cookiepedia,STRICTLY_NECESSARY,sid,False,,2025-03-27T22:32:23.614967+00:00
df2a1b6e-65f4-47f7-bf66-301f34e18e22,Cookie Analysis,UNKNOWN,gid_CAESEPXwnZT34I9JdbJjeU3yuwA,False,,2025-03-27T22:32:53.180869+00:00
e9630735-bf07-467d-9e8d-dd79740e8356,Cookie Analysis,UNKNOWN,cid_c0d4127b2e0c4b47a6f3023c92250b93,False,,2025-03-27T22:33:23.180559+00:00
79d4e223-47e7-4f68-ada4-642bd5fb6b1d,Open Cookie Database,PERFORMANCE,FCNEC,False,,2025-03-27T22:33:23.227435+00:00
3c18bbda-d6c3-486e-8a47-251b525a258a,Open Cookie Database,TARGETING,DSID,False,,2025-03-27T22:33:23.258685+00:00
9271e19b-7112-4781-acc8-30f5de7bda16,Cookiepedia,TARGETING,_auid,False,,2025-03-27T22:33:53.241471+00:00
4f93a3de-21c8-4bc3-8165-30ab9adce9a5,Cookiepedia,TARGETING,_gu,False,,2025-03-27T22:34:23.313944+00:00
eda18237-a074-4077-a18d-d5bd71103774,Cookie Analysis,UNKNOWN,cx_id,False,,2025-03-27T22:34:53.336726+00:00
ef70baba-208d-4579-8380-2c8d97847e16,Cookie Analysis,UNKNOWN,cx_last_match,False,,2025-03-27T22:35:23.297414+00:00
1d138d58-8228-4911-a1fa-40636ecc25ca,Open Cookie Database,PERFORMANCE,pbw,False,,2025-03-27T22:35:23.380421+00:00
25fed9d5-d28c-4b19-9426-c1f66f7cdd2c,Open Cookie Database,STRICTLY_NECESSARY,cf_clearance,False,,2025-03-27T22:35:23.445629+00:00
ffa6913e-c819-4830-b97c-7ed214eb6e33,Cookie Analysis,UNKNOWN,px2-uidH-pubmatic,False,,2025-03-27T22:35:53.221084+00:00
5f4aa2ff-0bce-4996-a1ed-0cebb392d400,Cookie Analysis,UNKNOWN,px2-uid-pubmatic,False,,2025-03-27T22:36:23.292540+00:00
77b2d03a-06c3-4ab0-bc8c-5a7a4096d4e8,Open Cookie Database,STRICTLY_NECESSARY,ipc,False,,2025-03-27T22:36:23.370647+00:00
0c8361cb-e179-46a5-b1c8-ec70f83c6256,Open Cookie Database,TARGETING,KCCH,False,,2025-03-27T22:36:23.495642+00:00
5d659ff2-857a-4e11-be20-e9886a6f55e1,Open Cookie Database,TARGETING,taboola_session_id,False,,2025-03-27T22:36:23.573773+00:00
300f7abb-87cc-4112-8dca-17283607c469,Open Cookie Database,TARGETING,sync,False,,2025-03-27T22:36:23.605021+00:00
0a73476b-c967-43bc-8f23-816ca5b0af7e,Cookie Analysis,UNKNOWN,_tracker,False,,2025-03-27T22:36:53.326177+00:00
5da12b12-c300-4695-98b0-f601f39d32f5,Open Cookie Database,TARGETING,st_ssp,False,,2025-03-27T22:36:53.513703+00:00
2d198450-0174-475a-9de4-17f24dd80a9f,Open Cookie Database,TARGETING,CT,False,,2025-03-27T22:36:53.560536+00:00
58018668-ab73-4fb4-930b-a4290098f3a5,Open Cookie Database,TARGETING,st_uid,False,,2025-03-27T22:36:53.576162+00:00
93d29bc0-9242-4ebb-86d5-b6756244a850,Open Cookie Database,TARGETING,sasd2,False,,2025-03-27T22:36:53.623035+00:00
0e48c652-7ca4-4ddd-8134-c5e3157d8b4b,Open Cookie Database,TARGETING,sasd,False,,2025-03-27T22:36:53.654341+00:00
cd214ab5-ca5a-42be-b066-3db4e5966d63,Cookie Analysis,UNKNOWN,E,False,,2025-03-27T22:37:23.263828+00:00
9016a924-a20e-4662-955d-3b670de2051b,Cookie Analysis,UNKNOWN,ljtrtbexp,False,,2025-03-27T22:37:53.284582+00:00
6f096981-1b9c-468b-a866-6c2d433a2bcc,Cookie Analysis,UNKNOWN,done_redirects147,False,,2025-03-27T22:38:23.322414+00:00
8217a9e8-2705-466c-8630-e14af9924e1c,Cookie Analysis,UNKNOWN,ver,False,,2025-03-27T22:38:53.312931+00:00
adedad70-e2d7-42bc-92d4-c55249636a34,Cookie Analysis,UNKNOWN,done_redirects252,False,,2025-03-27T22:39:23.335690+00:00
6058f390-b50d-4e69-8d99-447dea34bff9,Open Cookie Database,TARGETING,_ljtrtb_43,True,_ljtrtb_,2025-03-27T22:39:23.366939+00:00
125361e2-be82-465a-a3a4-772bc4e7fc4c,Open Cookie Database,TARGETING,_ljtrtb_103,True,_ljtrtb_,2025-03-27T22:39:23.413807+00:00
f1eb3fe7-6265-4588-b3b5-3c1c4a5f3cf3,Open Cookie Database,TARGETING,_ljtrtb_86,True,_ljtrtb_,2025-03-27T22:39:23.488241+00:00
fc398b7e-d6f4-4990-b33a-d10017bbdcd8,Open Cookie Database,TARGETING,_ljtrtb_85,True,_ljtrtb_,2025-03-27T22:39:23.597616+00:00
45c146dc-e903-400f-9547-8b09c35ca68d,Open Cookie Database,TARGETING,_ljtrtb_92,True,_ljtrtb_,2025-03-27T22:39:23.660115+00:00
1b188540-0ac5-4387-9242-93b09d64cf56,Cookie Analysis,UNKNOWN,done_redirects219,False,,2025-03-27T22:39:53.217487+00:00
210f4165-71e2-4050-b4bc-0ee53883239e,Open Cookie Database,TARGETING,zsc,False,,2025-03-27T22:39:53.248778+00:00
1f717cb7-f495-472e-9784-dc39d3142842,Open Cookie Database,TARGETING,pdid,False,,2025-03-27T22:39:53.279989+00:00
18ba5ac1-66f7-4de2-8410-54c877f740ed,Cookiepedia,PERFORMANCE,vid,False,,2025-03-27T22:40:23.382462+00:00
5eaa5f4b-46af-4ba5-a536-00d6c5e798f7,Cookie Analysis,UNKNOWN,_sv3_0,False,,2025-03-27T22:40:53.317461+00:00
7f831421-8014-4f10-9a1c-cb2d46cc4e7d,Cookie Analysis,UNKNOWN,_sv3_3,False,,2025-03-27T22:41:23.341511+00:00
81b16e6e-3c43-4e3f-8d24-b06dee1c6563,Cookie Analysis,UNKNOWN,DM_SitId467SecId1929Stress,False,,2025-03-27T22:41:53.309716+00:00
259671cc-1958-44d4-a48e-f427f5fb78ff,Cookiepedia,TARGETING,TEST-COOKIE,False,,2025-03-27T22:42:23.322426+00:00
bdc69c47-1302-4295-a0c6-b37e66aa0b79,Cookie Analysis,UNKNOWN,iid,False,,2025-03-27T22:42:53.357115+00:00
22befccd-4336-4500-bc26-1cb0adc696df,Cookie Analysis,UNKNOWN,gob_cookie,False,,2025-03-27T22:43:23.356846+00:00
7b33a5fc-bed3-4952-b1b6-af13ae2eba16,Cookie Analysis,UNKNOWN,mlcb,False,,2025-03-27T22:43:53.343554+00:00
a6956d16-f92a-425d-8320-b7a4c5631ab3,Open Cookie Database,TARGETING,uuid,False,,2025-03-27T22:43:53.390471+00:00
c31fa315-1035-4939-b020-560e616eccec,Open Cookie Database,TARGETING,APC,False,,2025-03-27T22:43:53.406057+00:00
e87e541c-d98a-44e5-937a-c564a709e353,Open Cookie Database,TARGETING,_ljtrtb_26,True,_ljtrtb_,2025-03-27T22:43:53.484180+00:00
800dd13a-b6a4-4e6a-908d-b7d1007957c0,Open Cookie Database,TARGETING,_ljtrtb_76,True,_ljtrtb_,2025-03-27T22:43:53.531054+00:00
d47ed447-df86-4c47-8b0c-2f2688fc014b,Cookie Analysis,UNKNOWN,cnx_userId,False,,2025-03-27T22:44:23.384852+00:00
9a26eb68-6533-492a-8a64-01987bdbf1d3,Open Cookie Database,TARGETING,st_cs,False,,2025-03-27T22:44:23.431728+00:00
636c73c7-8b6b-4626-b1a2-fd39f87aea54,Open Cookie Database,TARGETING,st_csd,False,,2025-03-27T22:44:23.447353+00:00
3e2d651b-54f8-405e-8fe9-3c544c2fb6d1,Cookie Analysis,UNKNOWN,p_uid,False,,2025-03-27T22:44:53.351204+00:00
e0454175-f409-4a1d-9803-5276e68f18d9,Cookie Analysis,UNKNOWN,matchtriplelift,False,,2025-03-27T22:45:23.384499+00:00
db94b578-b045-43a2-b8dd-b8da4f2bfcb1,Cookie Analysis,UNKNOWN,gid_CAESEOTBSPe4qrWisNhntoyQB2E,False,,2025-03-27T22:45:53.388409+00:00
4e4fbb0f-b76c-498e-8433-76f041a3efdb,Open Cookie Database,TARGETING,cid,False,,2025-03-27T22:45:53.426790+00:00
ff9edf9e-c5d5-45af-b49d-38a836b481ab,Cookie Analysis,UNKNOWN,matchfreewheel,False,,2025-03-27T22:46:23.394220+00:00
d698a19c-58f6-470f-81d8-9cea6b08f7da,Open Cookie Database,TARGETING,mics_vid,False,,2025-03-27T22:46:23.425469+00:00
c2468fde-02f8-4205-8535-41960c2b9d8d,Open Cookie Database,TARGETING,mics_uaid,False,,2025-03-27T22:46:23.456680+00:00
2308576c-09ff-45cc-9041-7dbaf7cc2159,Open Cookie Database,TARGETING,mics_lts,False,,2025-03-27T22:46:23.538580+00:00
0b2466b8-e808-439c-acb8-d9cc5d6a2405,Open Cookie Database,PERFORMANCE,__stid,False,,2025-03-27T22:46:23.679203+00:00
2419ff78-1e74-4740-8b0c-8f2aa80bc8fd,Open Cookie Database,TARGETING,__stidv,False,,2025-03-27T22:46:23.772957+00:00
87370d1b-2809-4630-a1db-f75cdaf63569,Open Cookie Database,TARGETING,u,False,,2025-03-27T22:46:23.788577+00:00
6f91febf-348f-402a-a468-2a1f71e82c9e,Cookie Analysis,UNKNOWN,idsp_c,False,,2025-03-27T22:46:53.869895+00:00
2ccf19fc-9ac0-43e9-89b7-5784912a9448,Cookie Analysis,UNKNOWN,matchid5,False,,2025-03-27T22:47:24.061478+00:00
65f248ce-ba12-4851-a342-3497dc5fad1e,Open Cookie Database,TARGETING,_ljtrtb_71,True,_ljtrtb_,2025-03-27T22:47:24.344980+00:00
d30f208d-258f-40b0-8a3e-55bc2e3811e3,Cookie Analysis,UNKNOWN,cid_d81cdf44948e4834babf57f0a5218dbb,False,,2025-03-27T22:47:54.046209+00:00
78c960f2-a4c4-49c1-8812-e404f14fee5b,Cookie Analysis,UNKNOWN,gid_CAESEFjYGGKbaEQcNANae_eBgl0,False,,2025-03-27T22:48:24.029836+00:00
a61efeb4-1bd6-41db-95a8-f9d9af388031,Open Cookie Database,TARGETING,cf,False,,2025-03-27T22:48:24.169984+00:00
ff7cd695-6f82-4dd4-95a6-b1a526503aa0,Open Cookie Database,TARGETING,cip,False,,2025-03-27T22:48:24.185607+00:00
97b162b8-58d6-47bb-bbaf-ebbf9ebd5b4c,Open Cookie Database,TARGETING,cnac,False,,2025-03-27T22:48:24.216865+00:00
02dd755f-02a2-422e-bea6-a0356666a8c4,Open Cookie Database,TARGETING,car,False,,2025-03-27T22:48:24.232514+00:00
a88d8e14-3dad-47f9-829a-764c548cbda3,Open Cookie Database,PERFORMANCE,_pk_id.3.6011,True,_pk_id.,2025-03-27T22:48:24.310614+00:00
d48815d2-67a1-41f3-941d-0686055c7ab6,Open Cookie Database,PERFORMANCE,_pk_ses.3.6011,True,_pk_ses.,2025-03-27T22:48:24.357489+00:00
f9eed5d3-a97b-4b9e-8318-338d2f4630bd,Open Cookie Database,PERFORMANCE,_ga_LNCJ8BRVMB,True,_ga_,2025-03-27T22:48:24.388739+00:00
661f53b3-81dc-426f-be33-f1343e11dde8,Open Cookie Database,PERFORMANCE,_ga_MDSVE704LP,True,_ga_,2025-03-27T22:48:24.451236+00:00
05fd7053-6d57-4c66-b8b9-d84cdfe80244,Cookie Analysis,UNKNOWN,DM_SitId464,False,,2025-03-27T22:48:54.103798+00:00
a2ad5475-44b7-4b09-a72b-a1955be61ae9,Cookie Analysis,UNKNOWN,DM_SitId464SecId14527,False,,2025-03-27T22:49:24.105150+00:00
5f7c5409-38e0-4a25-9872-e1756c0bdb44,Open Cookie Database,STRICTLY_NECESSARY,usprivacy,False,,2025-03-27T22:49:24.135963+00:00
e7f5b8b0-b9fb-464e-b27f-1e77de7a339d,Cookiepedia,STRICTLY_NECESSARY,addtl_consent,False,,2025-03-27T22:49:54.126256+00:00
19aeb4ce-0f63-408b-b88c-fd4343cef51b,Cookie Analysis,UNKNOWN,IABGPP_HDR_GppString,False,,2025-03-27T22:50:24.097710+00:00
d8b3e514-1023-4e7a-b460-0946ef951d9c,Cookie Analysis,UNKNOWN,panoramaIdType,False,,2025-03-27T22:50:54.044168+00:00
4c6c7c69-7291-43d0-82df-700e65330070,Cookie Analysis,UNKNOWN,partners,False,,2025-03-27T22:51:24.126719+00:00
40bbdff1-faeb-40b4-8ef8-17a393cf26a2,Cookie Analysis,UNKNOWN,checkForPermission,False,,2025-03-27T22:51:54.235106+00:00
ec9ec11d-31f5-462c-8692-e7e4400415d1,Cookie Analysis,UNKNOWN,ssh,False,,2025-03-27T22:52:24.186721+00:00
0aa6df1d-bb6a-4db6-b5e2-40bc59d5252d,Cookie Analysis,UNKNOWN,krm_usr,False,,2025-03-27T22:52:54.121746+00:00
24d077e2-1add-472e-9b41-98359112e793,Cookie Analysis,UNKNOWN,DM_SitId464Stress,False,,2025-03-27T22:53:24.268604+00:00
2ed9560a-248b-416b-8560-769eb0fbdf8f,Cookie Analysis,UNKNOWN,DM_SitId464SecId14527Stress,False,,2025-03-27T22:53:54.357811+00:00
a5ecb6f3-288c-45f6-ba8d-1abeaf4b6ffe,Cookie Analysis,UNKNOWN,_nauid,False,,2025-03-27T22:54:24.289328+00:00
e2d40eba-445d-4bc2-a6db-75c1a99f2e19,Cookie Analysis,UNKNOWN,_knxq_,False,,2025-03-27T22:54:54.350025+00:00
556f941a-fcff-427d-bf6b-b364bcb31850,Cookie Analysis,UNKNOWN,1_C_200,False,,2025-03-27T22:55:24.279801+00:00
1a9d4f01-3cd7-4de2-a25e-642298dccf26,Cookie Analysis,UNKNOWN,1_C_1,False,,2025-03-27T22:55:54.314074+00:00
27ac7c14-94d0-47a4-a7a5-18108a0adfb8,Open Cookie Database,TARGETING,uid-bp-23329,True,uid-bp-,2025-03-27T22:55:54.392198+00:00
43a0b18a-8165-4ccd-b251-4b252cd3d5be,Open Cookie Database,TARGETING,uid-bp-41414,True,uid-bp-,2025-03-27T22:55:54.517199+00:00
571e5e89-0381-4579-b028-0168d165ce5d,Open Cookie Database,TARGETING,uid-bp-25746,True,uid-bp-,2025-03-27T22:55:54.564083+00:00
03b843a0-49e6-4ea5-83c9-b1157acd083d,Open Cookie Database,TARGETING,uid-bp-20721,True,uid-bp-,2025-03-27T22:55:54.610948+00:00
3a443700-a8ad-43e1-9664-616ee2d3d547,Open Cookie Database,TARGETING,uid-bp-25522,True,uid-bp-,2025-03-27T22:55:54.657824+00:00
0a4cfda9-4508-49b6-aaa7-75bbf8ecde2d,Open Cookie Database,TARGETING,TPC,False,,2025-03-27T22:55:54.720324+00:00
5b402a2a-51ab-464b-80dc-68e2b394101e,Cookie Analysis,UNKNOWN,krm_r,False,,2025-03-27T22:56:24.339559+00:00
530594a7-1d85-4ba3-ba89-8fe06f866825,Cookie Analysis,UNKNOWN,icanhascookies,False,,2025-03-27T22:56:54.362574+00:00
9df315d7-bc57-4ad4-9b5c-68e4c178c27c,Open Cookie Database,PERFORMANCE,_gat_ctotal,True,_gat,2025-03-27T22:56:54.440709+00:00
ca54bb45-1074-448e-a3af-5ee65e77f415,Cookie Analysis,UNKNOWN,_sotmsid,False,,2025-03-27T22:57:24.340703+00:00
a253084d-875b-4fed-95e0-6186acf6df93,Cookie Analysis,UNKNOWN,_sotmpid,False,,2025-03-27T22:57:54.339157+00:00
6f119af2-b1e9-42ad-87e7-d5b7b3868b4b,Open Cookie Database,PERFORMANCE,_ga_EYWP3XYWTR,True,_ga_,2025-03-27T22:57:54.385994+00:00
038da479-f221-4a5a-8d9f-4369dfc3cc43,Cookie Analysis,UNKNOWN,DM_SitId807,False,,2025-03-27T22:58:24.332944+00:00
c8d22a18-2dc8-430a-a28b-95cde773f326,Cookie Analysis,UNKNOWN,DM_SitId807SecId4237,False,,2025-03-27T22:58:54.341655+00:00
fd12e623-3c51-4126-b172-dd93b89feab8,Open Cookie Database,TARGETING,dicbo_id,False,,2025-03-27T22:58:54.372924+00:00
4609cf3c-1099-4cfe-9edc-c0769e41c525,Open Cookie Database,PERFORMANCE,_gat_tr1,True,_gat,2025-03-27T22:58:54.451035+00:00
c83af1ff-62f1-4911-92e9-756849021aa4,Open Cookie Database,PERFORMANCE,_gat_total,True,_gat,2025-03-27T22:58:54.482284+00:00
03c93de9-8807-4253-a26f-47b22bd6cd1c,Cookie Analysis,UNKNOWN,_ain_cid,False,,2025-03-27T22:59:24.384304+00:00
de6b8678-d2e9-4bfc-ad3e-5055fd31f81c,Cookie Analysis,UNKNOWN,_ain_uid,False,,2025-03-27T22:59:54.317346+00:00
a02ab534-1ea7-46d9-bcea-da3a32c25972,Open Cookie Database,TARGETING,_ttp,False,,2025-03-27T22:59:54.348511+00:00
2eff6a1c-dbd9-4c56-b40a-32115b21274c,Open Cookie Database,TARGETING,_tt_enable_cookie,False,,2025-03-27T22:59:54.379769+00:00
decd4bb8-186c-4628-8b78-802fa5ef5dbd,Open Cookie Database,PERFORMANCE,_ga_9F23H4FT2F,True,_ga_,2025-03-27T22:59:54.426601+00:00
1e5fe244-a25e-4943-870c-557d3125a19c,Open Cookie Database,PERFORMANCE,_ga_75BLRZSP6Y,True,_ga_,2025-03-27T22:59:54.473472+00:00
6137c196-7983-4a87-9220-a4c314385fe9,Cookie Analysis,UNKNOWN,linker-conversion-1517686,False,,2025-03-27T23:00:24.329424+00:00
c42abcb3-a6ae-4bad-a598-9f0299e9b317,Cookie Analysis,UNKNOWN,DM_SitId807Stress,False,,2025-03-27T23:00:54.355125+00:00
d425dafa-19aa-4e4e-8ee5-2fab2cafe717,Cookie Analysis,UNKNOWN,DM_SitId807SecId4237Stress,False,,2025-03-27T23:01:24.396099+00:00
9bbb56e1-5626-44ac-9540-074fa166160c,Cookie Analysis,UNKNOWN,lnl,False,,2025-03-27T23:01:54.950583+00:00
b6ad01c5-a3af-4e96-ade1-1af7030790d2,Cookie Analysis,UNKNOWN,adverta_uxid,False,,2025-03-27T23:02:24.419509+00:00
d3231b9d-e920-4f83-abaf-9e64fb894340,Cookie Analysis,UNKNOWN,lnlxs,False,,2025-03-27T23:02:54.493356+00:00
c58d557e-e9be-4b87-b0d4-94ac80803c78,Cookie Analysis,UNKNOWN,suuid3,False,,2025-03-27T23:03:24.406951+00:00
1819ffa6-663b-4003-88cf-9658481c4e55,Cookie Analysis,UNKNOWN,__upin,False,,2025-03-27T23:03:54.509333+00:00
916fa68c-45fc-420f-bda9-fea85ca847c4,Cookie Analysis,UNKNOWN,__upints,False,,2025-03-27T23:04:24.452109+00:00
24da423c-328f-4e77-a247-0e846046047b,Cookie Analysis,UNKNOWN,TESTCOOKIESENABLED,False,,2025-03-27T23:04:54.544954+00:00
14dc64de-205d-42e3-b442-dafc9c161650,Open Cookie Database,PERFORMANCE,yuidss,False,,2025-03-27T23:04:54.669914+00:00
794b4087-280c-40c8-9742-3c055d71837e,Open Cookie Database,PERFORMANCE,yandexuid,False,,2025-03-27T23:04:54.701211+00:00
444dc3bc-0f43-4c42-8a26-a03ac3a3171d,Open Cookie Database,PERFORMANCE,yashr,False,,2025-03-27T23:04:54.732417+00:00
f6ba168b-4da6-4b2a-98f3-027fb1f8acd8,Open Cookie Database,PERFORMANCE,bh,False,,2025-03-27T23:04:54.748086+00:00
79f6a4e1-cf9c-497b-84b9-625812dca950,Cookiepedia,STRICTLY_NECESSARY,guid,False,,2025-03-27T23:05:24.586414+00:00
9188633f-6bd4-41bb-8f83-71db8b6646eb,Cookie Analysis,UNKNOWN,linker-conversion-1463955,False,,2025-03-27T23:05:54.491446+00:00
acfcba59-6ccb-4df6-89a8-5056b2d75a1b,Cookiepedia,FUNCTIONALITY,vmuid,False,,2025-03-27T23:06:24.541886+00:00
405bd336-b5bc-4dac-8d09-16bd76f41032,Cookie Analysis,UNKNOWN,linker-conversion-1088832,False,,2025-03-27T23:06:54.458345+00:00
3b01d559-7d52-46b9-9f09-a1934a6906db,Cookiepedia,TARGETING,aid,False,,2025-03-27T23:07:24.476881+00:00
64cc6bd7-2218-4963-b51d-f850dee8b860,Cookie Analysis,UNKNOWN,cSyncDp14v4,False,,2025-03-27T23:07:54.449002+00:00
7bf8a55a-da30-4d86-a932-c848b1ee0a7a,Cookie Analysis,UNKNOWN,sspuid,False,,2025-03-27T23:08:24.462333+00:00
59c958c0-e1d8-44d3-945d-dea6f6996e05,Cookie Analysis,UNKNOWN,cSyncDp14v6,False,,2025-03-27T23:08:54.478410+00:00
5ce09388-99a0-4007-82f7-4ae4a5ef7dbc,Cookie Analysis,UNKNOWN,cSyncDp17v2,False,,2025-03-27T23:09:24.496072+00:00
b412cc19-45a8-41e7-b672-afd2e0d9358c,Cookiepedia,TARGETING,gi_u,False,,2025-03-27T23:09:54.552688+00:00
6891f5f2-4540-4f06-b711-23f5111a4bc8,Cookie Analysis,UNKNOWN,sape_sync,False,,2025-03-27T23:10:24.680732+00:00
7583d5e0-3647-4fde-9e9f-ee493bdf31c8,Cookie Analysis,UNKNOWN,cSyncDp104v2,False,,2025-03-27T23:10:54.615524+00:00
e297f14e-ea53-480d-bce2-24573f6f8ba4,Cookiepedia,STRICTLY_NECESSARY,userId,False,,2025-03-27T23:11:24.690964+00:00
a1fa8f58-91ce-4393-b297-a83a861b010f,Cookiepedia,FUNCTIONALITY,muidn,False,,2025-03-27T23:11:54.697977+00:00
c291ec9b-4078-4c2b-898e-09cbc55445a4,Cookie Analysis,UNKNOWN,mg_sync,False,,2025-03-27T23:12:24.682446+00:00
a9cd15e3-b412-4578-a716-062c979fa0f9,Cookie Analysis,UNKNOWN,rtv.SOUND_DESCRIPTION,False,,2025-03-27T23:12:54.663226+00:00
caa86ce3-1388-4d84-a8d2-7c90c035f13e,Cookie Analysis,UNKNOWN,showDarkmodeSession,False,,2025-03-27T23:13:24.609450+00:00
3e7fb28c-0289-4dd6-8b0f-1d6a25b65746,Cookie Analysis,UNKNOWN,weatherLocation,False,,2025-03-27T23:13:54.873546+00:00
54f0a582-3262-41c8-8295-3cc40219cae0,Cookie Analysis,UNKNOWN,last_seen_timestamp,False,,2025-03-27T23:14:24.695242+00:00
a4cdf12d-0811-43f6-a3e3-d908607e352f,Open Cookie Database,PERFORMANCE,__gfp_64b,False,,2025-03-27T23:14:24.726496+00:00
7c7fbd91-7b12-4d16-8e6b-7b780019199f,Cookie Analysis,UNKNOWN,DM_SitId438,False,,2025-03-27T23:14:54.754750+00:00
3c6d00e7-cec2-4409-a4e3-38df9017b6e2,Cookie Analysis,UNKNOWN,DM_SitId438SecId2396,False,,2025-03-27T23:15:24.715807+00:00
2071ebb3-157c-4119-bfc0-ea9deb15e7e2,Cookie Analysis,UNKNOWN,DM_SitId438Stress,False,,2025-03-27T23:15:54.654531+00:00
8dfc0d9c-5fd1-4b81-814a-cfa6680e8d82,Cookie Analysis,UNKNOWN,DM_SitId438SecId2396Stress,False,,2025-03-27T23:16:24.681674+00:00
8574248a-dfe3-473e-b02c-cd4b1b95127c,Open Cookie Database,PERFORMANCE,_pk_id.15.00bd,True,_pk_id.,2025-03-27T23:16:24.822299+00:00
efbd87b5-82d2-4fa2-98d3-b73a6c249b6d,Cookie Analysis,UNKNOWN,DM_SitId438SecId14165,False,,2025-03-27T23:16:54.832089+00:00
79e22f98-01f3-4532-8f39-11693aa78642,Cookie Analysis,UNKNOWN,DM_SitId438SecId14165Stress,False,,2025-03-27T23:17:24.687547+00:00
0e9cd947-6f4c-4753-a98d-40e2e5b014cd,Cookie Analysis,UNKNOWN,DM_SitId438SecId4505,False,,2025-03-27T23:17:54.696788+00:00
743d0100-6d7d-4936-b546-3d6dcc5c6f06,Cookie Analysis,UNKNOWN,DM_SitId438SecId4505Stress,False,,2025-03-27T23:18:24.759736+00:00
ee754fe6-9dd3-4b84-9bd1-832c056cb88f,Cookiepedia,FUNCTIONALITY,cc_social,False,,2025-03-27T23:18:54.749978+00:00
0a32061d-43d3-4809-b029-9c8da1e90448,Cookiepedia,STRICTLY_NECESSARY,cc_advertising,False,,2025-03-27T23:19:24.837908+00:00
5ab64810-a743-4ece-a297-77d3e1f1a94f,Open Cookie Database,STRICTLY_NECESSARY,OptanonConsent,False,,2025-03-27T23:19:25.457930+00:00
f57f84eb-38cd-48a7-8233-1c54014287ab,Cookie Analysis,UNKNOWN,DM_SitId1350,False,,2025-03-27T23:19:54.830707+00:00
3a768c06-d481-4a91-87f9-dd13d403274f,Cookie Analysis,UNKNOWN,DM_SitId1350SecId11608,False,,2025-03-27T23:20:24.813453+00:00
07b74eef-c1ce-4d55-b768-6d63266daeca,Cookie Analysis,UNKNOWN,fastcomments-eu.sid,False,,2025-03-27T23:20:54.856542+00:00
1f4334aa-870b-4336-b398-c43ddb8c4a87,Cookie Analysis,UNKNOWN,DM_SitId1350SecId14173,False,,2025-03-27T23:21:24.781073+00:00
671e2090-57ed-4d88-a1f2-00ae2d3b955f,Cookie Analysis,UNKNOWN,DM_SitId1350SecId11589,False,,2025-03-27T23:21:54.825407+00:00
8290bf63-4b40-4343-8ff6-87394b40d2aa,Cookie Analysis,UNKNOWN,DM_SitId1350SecId14171,False,,2025-03-27T23:22:24.789696+00:00
7579542b-a738-45f2-9945-32d22a91d6a2,Cookie Analysis,UNKNOWN,DM_SitId1350SecId14186,False,,2025-03-27T23:22:54.886930+00:00
783d9ca9-3499-4e56-b7d6-a5e98ba00068,Cookie Analysis,UNKNOWN,DM_SitId421,False,,2025-03-27T23:23:24.874825+00:00
991a272d-da49-4389-b25e-a2091e819329,Cookie Analysis,UNKNOWN,DM_SitId421SecId2763,False,,2025-03-27T23:23:54.892500+00:00
5e6c4611-1016-4a07-a6f2-2614a1754d4e,Cookie Analysis,UNKNOWN,_sharedID,False,,2025-03-27T23:24:25.037168+00:00
b3d017af-ae08-4e66-9212-fd604cff82ac,Cookie Analysis,UNKNOWN,_sharedID_cst,False,,2025-03-27T23:24:54.972789+00:00
42148c27-a63f-478b-be9f-d856863ff7be,Cookie Analysis,UNKNOWN,unm,False,,2025-03-27T23:25:25.264620+00:00
81b20259-6efd-4db0-984d-8d39b61a8765,Cookie Analysis,UNKNOWN,DM_SitId421SecId2764,False,,2025-03-27T23:25:54.978272+00:00
093477dd-cca3-430e-ae3e-78e8e0c98224,Cookie Analysis,UNKNOWN,btw_sync,False,,2025-03-27T23:26:25.089694+00:00
728cd124-e11c-4168-9bfd-bf8499f255d7,Cookiepedia,STRICTLY_NECESSARY,user,False,,2025-03-27T23:26:55.050309+00:00
c735554f-1beb-497b-94f9-6b1432c21e0b,Open Cookie Database,PERFORMANCE,AFFICHE_W,False,,2025-03-27T23:26:55.083176+00:00
db7438d9-bb1b-41a8-8266-23e51c11d84a,Cookie Analysis,UNKNOWN,dmpuid,False,,2025-03-27T23:27:24.961232+00:00
902dd26c-5628-4e64-a5b1-8b9d250a4e9f,Cookie Analysis,UNKNOWN,CLCPT,False,,2025-03-27T23:27:54.980686+00:00
9cf1e48c-5884-4639-8411-cae5debc112e,Cookie Analysis,UNKNOWN,DM_SitId421SecId14283,False,,2025-03-27T23:28:25.023214+00:00
3610e303-6a3e-47df-b471-6172f307e869,Cookie Analysis,UNKNOWN,nmm-ss-cps-usr-exp,False,,2025-03-27T23:28:55.053947+00:00
af5d4807-8636-4458-ba39-d4e6ba8dc518,Cookie Analysis,UNKNOWN,nmm-ss-cps-usr,False,,2025-03-27T23:29:25.079023+00:00
83440c55-ff4a-4a33-823f-23595111523c,Cookie Analysis,UNKNOWN,__amc,False,,2025-03-27T23:29:55.112257+00:00
2cbb078c-761b-4e55-92e7-0b4659da924e,Cookie Analysis,UNKNOWN,DM_SitId421Stress,False,,2025-03-27T23:30:25.020320+00:00
9b83510e-d3ef-472a-8472-f57caac925c2,Cookie Analysis,UNKNOWN,DM_SitId421SecId2763Stress,False,,2025-03-27T23:30:55.031422+00:00
70ebc664-5327-4d76-b1ef-1ca40966870d,Cookie Analysis,UNKNOWN,cid_ab30313ade604115bf6bff50f4dcf616,False,,2025-03-27T23:31:25.013724+00:00
5797cae8-ba8c-49db-8f18-f80a1339167f,Cookiepedia,FUNCTIONALITY,NMUID,False,,2025-03-27T23:31:55.061085+00:00
c9a3cf43-857c-444f-86d9-42b0f3619684,Cookie Analysis,UNKNOWN,_sv3_13,False,,2025-03-27T23:32:25.123300+00:00
07bb16df-cd9d-42e3-8dfe-93bc145ea260,Cookie Analysis,UNKNOWN,g199,False,,2025-03-27T23:32:55.172896+00:00
a7f075a4-f1cd-4212-8099-6e9c850410b3,Cookie Analysis,UNKNOWN,a307558,False,,2025-03-27T23:33:25.187806+00:00
43c954de-6b20-406c-8ed7-055ef426331b,Cookie Analysis,UNKNOWN,_sv3_8,False,,2025-03-27T23:33:55.205851+00:00
f469df33-7754-40da-93c4-b4c4fd1f1fa2,Open Cookie Database,TARGETING,avcid-opx-uid,True,avcid-,2025-03-27T23:33:55.254610+00:00
dfa8d722-4b9a-4113-bfc8-313d51514047,Cookie Analysis,UNKNOWN,preutid,False,,2025-03-27T23:34:25.125359+00:00
7ceb028b-7414-4c77-8747-48bd6a3b5feb,Cookie Analysis,UNKNOWN,sw_user_params_infos,False,,2025-03-27T23:34:55.275152+00:00
d226678e-b7c7-4b47-9291-c8f82f27c71e,Open Cookie Database,TARGETING,avcid-ayl-uid,True,avcid-,2025-03-27T23:34:55.344563+00:00
4ca78024-fa24-40b9-8eb8-38159e6476ff,Cookie Analysis,UNKNOWN,mpid,False,,2025-03-27T23:35:25.320540+00:00
e60e28f7-c43f-44c1-9af0-85a04510bce3,Cookie Analysis,UNKNOWN,wrvUserID,False,,2025-03-27T23:35:55.251815+00:00
1b43e77b-0412-4d3d-8840-1183023796d5,Open Cookie Database,TARGETING,avcid-smw-uid,True,avcid-,2025-03-27T23:35:55.314308+00:00
a66ae864-104c-45db-b324-cca9548df865,Cookie Analysis,UNKNOWN,vdz_sync,False,,2025-03-27T23:36:25.258046+00:00
15e3c543-3af8-4cb9-bc83-b8f97d2e93e1,Cookie Analysis,UNKNOWN,_sv3_6,False,,2025-03-27T23:36:55.417738+00:00
b925cb6c-a508-4e5b-8bf2-355154e4e649,Cookie Analysis,UNKNOWN,_sv3_4,False,,2025-03-27T23:37:25.334088+00:00
3c636acd-c783-4b1c-9cae-1bf1c89c600f,Cookie Analysis,UNKNOWN,_amuts,False,,2025-03-27T23:37:55.346221+00:00
80fb1063-8e9f-466d-846e-e8bf40339e20,Cookie Analysis,UNKNOWN,amdt_t,False,,2025-03-27T23:38:25.355514+00:00
7e8da8d4-b9a4-4abb-ac73-8fb6a15b7e3f,Cookie Analysis,UNKNOWN,_sv3_14,False,,2025-03-27T23:38:55.322427+00:00
2578e37f-e4f6-4a78-9739-7e121d563174,Cookie Analysis,UNKNOWN,rubicon,False,,2025-03-27T23:39:25.373635+00:00
491aa23e-fb2f-4338-b270-5271487942ff,Cookie Analysis,UNKNOWN,done_redirects200,False,,2025-03-27T23:39:55.465783+00:00
46d1b056-6182-4bba-9178-d65b3207fe4b,Cookie Analysis,UNKNOWN,done_redirects280414,False,,2025-03-27T23:40:25.267642+00:00
7646c5b5-d04c-4deb-ac51-b6688a87cf6e,Cookie Analysis,UNKNOWN,DM_SitId421SecId14283Stress,False,,2025-03-27T23:40:55.339737+00:00
32298c82-c1f7-43b7-8782-d96c46506076,Cookie Analysis,UNKNOWN,SCMsas,False,,2025-03-27T23:41:25.353637+00:00
75154e02-e592-41be-9da0-6e1734d9b039,Open Cookie Database,TARGETING,avcid-amx-uid,True,avcid-,2025-03-27T23:41:25.431792+00:00
c5dbbf2c-1b8c-436d-bccd-dbee93a623b9,Open Cookie Database,TARGETING,avcid-apn-uid,True,avcid-,2025-03-27T23:41:25.478662+00:00
deb99de2-5df2-447c-bc13-9df05a9569c7,Open Cookie Database,TARGETING,avcid-bsx-uid,True,avcid-,2025-03-27T23:41:25.541178+00:00
4c53a214-1759-4563-b9ad-73b8721179a9,Cookie Analysis,UNKNOWN,g108,False,,2025-03-27T23:41:55.451513+00:00
3a01d878-9994-4d13-b6cc-5b02ca1dc79b,Cookie Analysis,UNKNOWN,PVID,False,,2025-03-27T23:42:25.430364+00:00
2f42c70f-7c32-4144-86ec-390779dac5f1,Open Cookie Database,PERFORMANCE,VID,False,,2025-03-27T23:42:25.445532+00:00
dfa7f8c7-5aa6-4fbe-9906-90f34862b5d2,Cookie Analysis,UNKNOWN,g76,False,,2025-03-27T23:42:55.498120+00:00
605f84d0-fb0b-411c-bc1b-233ad52fb200,Open Cookie Database,TARGETING,am-uid,False,,2025-03-27T23:42:55.547153+00:00
799222a8-7145-498f-8c18-6b79af4ea806,Cookie Analysis,UNKNOWN,vidazoo,False,,2025-03-27T23:43:25.415319+00:00
4342dd61-3e20-421a-933d-28f31512f1f6,Cookie Analysis,UNKNOWN,iqm.retarget.uid,False,,2025-03-27T23:43:55.474583+00:00
f6653a0e-296c-4778-847a-53d0c3877232,Cookie Analysis,UNKNOWN,DM_SitId421SecId2765,False,,2025-03-27T23:44:25.373371+00:00
8cfabbbd-ac0c-497f-9035-294b614c7f96,Cookie Analysis,UNKNOWN,DM_SitId421SecId2765Stress,False,,2025-03-27T23:44:55.389030+00:00
b42b3d91-eb29-4a3b-b86e-cafe2f8e1c13,Open Cookie Database,TARGETING,KRTBCOOKIE_594,True,KRTBCOOKIE_,2025-03-27T23:44:55.448973+00:00
ad2cf496-b02b-4609-8f0f-c99821b0c52b,Cookie Analysis,UNKNOWN,sync6,False,,2025-03-27T23:45:25.395907+00:00
3a02cfb7-8705-41d2-83ef-44df0ec9d282,Cookie Analysis,UNKNOWN,lastSync,False,,2025-03-27T23:45:55.446992+00:00
223734b1-efd6-4cff-bdc1-0dcc9278524e,Open Cookie Database,TARGETING,avcid-rub-uid,True,avcid-,2025-03-27T23:45:55.493870+00:00
c980d42c-58bd-473c-b697-c7c488b99b0d,Open Cookie Database,TARGETING,avcid-ttd-uid,True,avcid-,2025-03-27T23:45:55.540746+00:00
14f41a71-83f3-4c55-bfb1-a1e7bcc0fc42,Cookie Analysis,UNKNOWN,openx,False,,2025-03-27T23:46:25.418593+00:00
8bcdb7e6-21f4-49f8-9b0b-27be7ce8582c,Cookie Analysis,UNKNOWN,adnxs,False,,2025-03-27T23:46:55.376748+00:00
1d9fb3ee-496e-4819-aab9-e474e96f3891,Cookie Analysis,UNKNOWN,syncedBidders,False,,2025-03-27T23:47:25.419075+00:00
0dd59f9e-4f0a-41a5-ba7a-0e7b11551135,Cookie Analysis,UNKNOWN,minutemedia,False,,2025-03-27T23:47:55.472240+00:00
97757405-2cb1-4bb8-8fbf-350a86159cf1,Cookie Analysis,UNKNOWN,yieldmo,False,,2025-03-27T23:48:25.405540+00:00
45f6e9dc-b267-4c55-ab63-c9e3bc4b4bf2,Cookie Analysis,UNKNOWN,unruly,False,,2025-03-27T23:48:55.366811+00:00
60b8a8f3-93fc-4658-8141-096b9706afc7,Cookie Analysis,UNKNOWN,adkernel,False,,2025-03-27T23:49:25.424448+00:00
c4e046f4-41d1-44f9-b72d-9992784cf929,Cookie Analysis,UNKNOWN,rise,False,,2025-03-27T23:49:55.471160+00:00
a0f54864-cc3c-4313-a2eb-f7ab7b408629,Open Cookie Database,TARGETING,avcid-id5-uid,True,avcid-,2025-03-27T23:49:55.686459+00:00
047d1a18-dbd2-4f5a-ad1e-afaebd6f60c1,Cookiepedia,STRICTLY_NECESSARY,as-user,False,,2025-03-27T23:50:25.436084+00:00
46db2c99-e2fe-4d62-bbe9-b34ea59a83e3,Cookie Analysis,UNKNOWN,viuserid,False,,2025-03-27T23:50:55.488218+00:00
b3ab3976-3492-4f58-9e26-f6175b59ff12,Cookie Analysis,UNKNOWN,vr_uid,False,,2025-03-27T23:51:25.435716+00:00
cacf819b-2676-45d1-8171-b76c967ca2a8,Cookie Analysis,UNKNOWN,u-profile,False,,2025-03-27T23:51:55.483123+00:00
4f31d0ba-cb2f-4185-86d8-6dda4447ed6d,Cookie Analysis,UNKNOWN,csd,False,,2025-03-27T23:52:25.416482+00:00
570840fa-497f-415d-b1cd-228b46be1bc8,Cookie Analysis,UNKNOWN,equativ,False,,2025-03-27T23:52:55.530052+00:00
b70bc7a9-f7eb-4425-bbff-87f93964fc78,Cookie Analysis,UNKNOWN,av-mid,False,,2025-03-27T23:53:25.506116+00:00
3e6effd2-622a-4252-a933-beadb3c82fdb,Cookie Analysis,UNKNOWN,av-tp-bsw,False,,2025-03-27T23:53:55.498113+00:00
93fcb6c1-b5fc-4c55-927d-9fed25d8a784,Cookiepedia,TARGETING,dmp,False,,2025-03-27T23:54:25.534433+00:00
2b937069-16b7-40a9-8d99-4a6ae134c44e,Open Cookie Database,STRICTLY_NECESSARY,chk,False,,2025-03-27T23:54:25.565644+00:00
e68b5de0-1ca2-466b-81c1-19bfa2f4e1e7,Cookie Analysis,UNKNOWN,utid,False,,2025-03-27T23:54:55.510522+00:00
d0b2ff81-9839-440b-a2f9-3f15bf7e595c,Cookie Analysis,UNKNOWN,DM_SitId420,False,,2025-03-27T23:55:25.502217+00:00
efa79001-7ea9-4a5a-a755-b480a3c495d2,Cookie Analysis,UNKNOWN,DM_SitId420SecId1794,False,,2025-03-27T23:55:55.450861+00:00
cee304db-f99f-40ad-8238-a468e464f65d,Cookie Analysis,UNKNOWN,DM_SitId420SecId14244,False,,2025-03-27T23:56:25.533114+00:00
62dfab5e-71ca-4182-866f-d77cc5af6c7d,Cookie Analysis,UNKNOWN,DM_SitId420SecId14247,False,,2025-03-27T23:56:55.532625+00:00
b45d270c-1051-4a37-bb44-78727c8d8351,Open Cookie Database,PERFORMANCE,_pk_id.12.6f5c,True,_pk_id.,2025-03-27T23:56:55.722741+00:00
c9797aca-8547-4ac7-9a85-7ee7dfcdf665,Open Cookie Database,PERFORMANCE,_pk_ses.12.6f5c,True,_pk_ses.,2025-03-27T23:56:55.828069+00:00
7d2996c4-c06d-473a-b72c-472022fc3202,Open Cookie Database,PERFORMANCE,CLID,False,,2025-03-27T23:56:55.889872+00:00
30d29856-317a-42dc-8984-88a20898c9ee,Open Cookie Database,PERFORMANCE,_ga_2SZFS934CL,True,_ga_,2025-03-27T23:56:55.946061+00:00
a6366ee6-996e-4c0a-8131-ab423047649e,Open Cookie Database,TARGETING,__hstc,False,,2025-03-27T23:56:55.976301+00:00
e35c168f-402d-44d1-a198-2ba0a1241758,Open Cookie Database,TARGETING,hubspotutk,False,,2025-03-27T23:56:56.013825+00:00
f51eac6d-83f8-4487-bc66-cdf4fe1a68cd,Open Cookie Database,TARGETING,__hssrc,False,,2025-03-27T23:56:56.042970+00:00
85313b1f-e798-43f4-90fa-f2ff5312e5c1,Open Cookie Database,TARGETING,__hssc,False,,2025-03-27T23:56:56.076398+00:00
85ef6709-431c-431d-a8c8-7105f2478822,Open Cookie Database,TARGETING,guest_id_marketing,False,,2025-03-27T23:56:56.091703+00:00
cbc0ae33-8adb-4a68-aa49-edb8545581d5,Open Cookie Database,TARGETING,guest_id_ads,False,,2025-03-27T23:56:56.134349+00:00
cdaa5570-4a1b-4698-a022-64eac677418b,Open Cookie Database,TARGETING,personalization_id,False,,2025-03-27T23:56:56.158370+00:00
b5a31062-1798-41ae-8d3a-2674f8483f14,Open Cookie Database,TARGETING,guest_id,False,,2025-03-27T23:56:56.176394+00:00
c6e00db2-5883-4464-a686-e75998bc52c2,Open Cookie Database,TARGETING,muc_ads,False,,2025-03-27T23:56:56.220725+00:00
53d8c71a-c83e-4f3f-a050-7a86a48152f1,Open Cookie Database,PERFORMANCE,_clck,False,,2025-03-27T23:56:56.268632+00:00
d01a8cb6-9342-44ac-b1b9-2e0fed0e4e27,Open Cookie Database,STRICTLY_NECESSARY,_cfuvid,False,,2025-03-27T23:56:56.291629+00:00
2d196c70-9dcc-4f73-8308-56612484eaa2,Open Cookie Database,TARGETING,MUID,False,,2025-03-27T23:56:56.329296+00:00
5a08abad-cc30-49a3-a751-23fab53787d7,Open Cookie Database,TARGETING,MR,False,,2025-03-27T23:56:56.342889+00:00
9f365ec2-f832-4d57-b976-7365794b97fa,Open Cookie Database,STRICTLY_NECESSARY,SRM_B,False,,2025-03-27T23:56:56.385322+00:00
27803e00-7910-43cd-8576-51b88a2ddd5a,Open Cookie Database,PERFORMANCE,SM,False,,2025-03-27T23:56:56.409623+00:00
f0b3091a-b9e7-4955-9e33-3f3569eadddc,Open Cookie Database,TARGETING,ANONCHK,False,,2025-03-27T23:56:56.449923+00:00
89188256-9c58-4049-baf3-841fd83fc3b8,Open Cookie Database,PERFORMANCE,_clsk,False,,2025-03-27T23:56:56.476205+00:00
f62699f2-53c1-4782-a1a8-810da1452dcd,Cookie Analysis,UNKNOWN,DM_SitId420Stress,False,,2025-03-27T23:57:25.526271+00:00
322618b3-f49e-4b92-b923-62b14f619c8a,Cookie Analysis,UNKNOWN,DM_SitId420SecId14244Stress,False,,2025-03-27T23:57:55.597210+00:00
f20422cb-cc23-414f-8efc-f722919e8a72,Cookie Analysis,UNKNOWN,DM_SitId420SecId14247Stress,False,,2025-03-27T23:58:25.512244+00:00
6f64f89a-fc21-4cfb-98e6-5ada0cc7c00c,Cookiepedia,STRICTLY_NECESSARY,__uzma,False,,2025-03-27T23:58:55.542373+00:00
5b8f10e2-1fec-4b80-9e59-1b7fa313f5c5,Cookiepedia,STRICTLY_NECESSARY,__uzmb,False,,2025-03-27T23:59:25.540132+00:00
99399d49-2ea0-4b7b-ba31-fb334ca1dcc9,Cookie Analysis,UNKNOWN,__uzme,False,,2025-03-27T23:59:55.551729+00:00
e7e8fa78-7cd3-4efd-9b88-e11bd6447a26,Cookiepedia,STRICTLY_NECESSARY,__uzmc,False,,2025-03-28T00:00:26.164905+00:00
70cafc05-e5de-4eef-8ea0-906799c22471,Cookiepedia,FUNCTIONALITY,__uzmd,False,,2025-03-28T00:00:56.412834+00:00
d7f19bf6-04b3-4847-9a5b-638810255bdd,Cookie Analysis,UNKNOWN,__ssds,False,,2025-03-28T00:01:26.181785+00:00
f49ced5d-31ef-4ae2-87ee-57c32cc3cbf3,Cookie Analysis,UNKNOWN,nuka-fp,False,,2025-03-28T00:01:56.081340+00:00
f353f48d-00c7-4d68-905f-b9bec49222a3,Cookie Analysis,UNKNOWN,login_2fa,False,,2025-03-28T00:02:27.015043+00:00
7a1f46ce-75c0-4599-88e4-f60e0a2db2e6,Cookiepedia,FUNCTIONALITY,__ssuzjsr2,False,,2025-03-28T00:02:55.877959+00:00
0bce5149-bd73-4e5c-bfe2-34ddd9a79327,Cookiepedia,STRICTLY_NECESSARY,__uzmaj2,False,,2025-03-28T00:03:25.890326+00:00
8650dafb-a78f-4d03-b974-ac0b2ddfa478,Cookie Analysis,UNKNOWN,__uzmbj2,False,,2025-03-28T00:03:56.060514+00:00
bb8f6dd4-d497-4933-babf-34f09c7caf0f,Cookiepedia,STRICTLY_NECESSARY,__uzmcj2,False,,2025-03-28T00:04:26.054520+00:00
52928c6f-4571-4965-95d3-ac01255ff4a8,Cookiepedia,FUNCTIONALITY,__uzmdj2,False,,2025-03-28T00:04:56.465587+00:00
de5b31dd-a5d1-4b3d-af68-f7da120ea48a,Cookie Analysis,UNKNOWN,b_tp,False,,2025-03-28T00:05:25.692614+00:00
a64cdc27-e6ce-447a-af05-f3a0cdd6f94c,Cookie Analysis,UNKNOWN,nuka-ppid,False,,2025-03-28T00:05:55.617231+00:00
e02f1c8e-376b-4dee-8bfe-de2cf565a98c,Cookie Analysis,UNKNOWN,bolha_adblock_detected,False,,2025-03-28T00:06:25.680878+00:00
dfe3baaf-15a6-4c84-8a50-87e8a5444d70,Cookie Analysis,UNKNOWN,nuka-recommender-fp,False,,2025-03-28T00:06:55.959642+00:00
b3a0875f-51ea-452c-a936-06740c6a0bd5,Cookie Analysis,UNKNOWN,pa_privacy,False,,2025-03-28T00:07:25.875947+00:00
8da320ef-9529-4ba5-b58a-f7d2d222cefa,Open Cookie Database,PERFORMANCE,pa_user,False,,2025-03-28T00:07:25.910274+00:00
77e29274-e29c-4772-bcc2-1196e94773f0,Open Cookie Database,STRICTLY_NECESSARY,_pcid,False,,2025-03-28T00:07:25.952362+00:00
11f08d6f-0a63-4b4a-9c27-5f8c2a12b9c6,Open Cookie Database,STRICTLY_NECESSARY,_pctx,False,,2025-03-28T00:07:25.998592+00:00
37c081c2-3d69-474b-a914-c0f7aa5df7c1,Open Cookie Database,PERFORMANCE,__utma,False,,2025-03-28T00:07:26.089556+00:00
444b700d-43ac-4a92-9338-51b513d3e66a,Open Cookie Database,PERFORMANCE,__utmc,False,,2025-03-28T00:07:26.131542+00:00
7679d8b3-7ada-4ab4-865d-edde297d2447,Open Cookie Database,PERFORMANCE,__utmz,False,,2025-03-28T00:07:26.173907+00:00
d20b3202-ae82-4a2c-baa4-b930118b5b3e,Open Cookie Database,PERFORMANCE,__utmt,False,,2025-03-28T00:07:26.234487+00:00
f433e47b-017b-48b4-9082-561cde4dbc0e,Open Cookie Database,PERFORMANCE,__utmb,False,,2025-03-28T00:07:26.344766+00:00
bb11e766-a101-45fd-862b-b2e5f58f1788,Cookiepedia,TARGETING,lotame_domain_check,False,,2025-03-28T00:07:55.930187+00:00
bb987d43-c67f-45ae-997d-28e035ca6901,Open Cookie Database,PERFORMANCE,_ga_H9M3NJEC3L,True,_ga_,2025-03-28T00:07:56.021191+00:00
ff2f2b47-9988-499c-a32c-30cf4bb3cb76,Cookie Analysis,UNKNOWN,df_uid,False,,2025-03-28T00:08:26.153624+00:00
e3382ecf-4792-407d-bb33-6f4a1c7467e6,Open Cookie Database,STRICTLY_NECESSARY,_hjSessionUser_1864642,True,_hjSessionUser_,2025-03-28T00:08:26.209520+00:00
52e7bb76-ea56-479d-b65d-0a77a5ce3a1d,Open Cookie Database,STRICTLY_NECESSARY,_hjSession_1864642,True,_hjSession_,2025-03-28T00:08:26.256402+00:00
6d0e6e5c-32d1-4aaa-b6bd-ce013f0505aa,Open Cookie Database,PERFORMANCE,_ga_1GCTTPHB0C,True,_ga_,2025-03-28T00:08:26.369335+00:00
53b59765-afe5-4aeb-8a87-204ed3d74864,Cookie Analysis,UNKNOWN,DM_SitId475,False,,2025-03-28T00:08:55.882328+00:00
8dabc435-e186-4dfa-8ab2-967f691e2ef0,Cookie Analysis,UNKNOWN,DM_SitId475SecId2068,False,,2025-03-28T00:09:25.965173+00:00
81f63508-22fa-4e63-bc91-333054faa183,Cookie Analysis,UNKNOWN,DM_SitId475Stress,False,,2025-03-28T00:09:55.897064+00:00
e511a6b7-7906-4525-81cc-23ebb79e5fb3,Cookie Analysis,UNKNOWN,DM_SitId475SecId2068Stress,False,,2025-03-28T00:10:25.821303+00:00
d867e1ca-0c40-495e-9353-7cb0799ddb63,Cookie Analysis,UNKNOWN,udf,False,,2025-03-28T00:10:55.947852+00:00
8dbeb3e8-7117-4b6c-8b47-fb6721002a92,Cookie Analysis,UNKNOWN,DM_SitId475SecId2124,False,,2025-03-28T00:11:25.918163+00:00
5b4bce40-e22c-46c9-94c1-75ceafe3b149,Cookie Analysis,UNKNOWN,DM_SitId475SecId2124Stress,False,,2025-03-28T00:11:55.936067+00:00
3fe9f747-9833-427c-9692-f59a398889bc,Cookie Analysis,UNKNOWN,cid_a51419d1407b4baaa635072dfcc5e776,False,,2025-03-28T00:12:25.932166+00:00
b19aeb66-1495-4011-a972-926068e74a6a,Cookie Analysis,UNKNOWN,gid_CAESELRH8jjdnyUzc4zC8h326tc,False,,2025-03-28T00:12:55.935494+00:00
5b6f1188-b5bf-46a9-ae7e-69dd121ca003,Cookie Analysis,UNKNOWN,GAD,False,,2025-03-28T00:13:26.015009+00:00
5a48f09e-8f69-4cbd-8441-a892aea73f84,Cookie Analysis,UNKNOWN,DM_SitId475SecId2092,False,,2025-03-28T00:13:55.918799+00:00
58848704-3f25-428a-8560-0cbe6bbb7b4f,Cookie Analysis,UNKNOWN,DM_SitId475SecId2092Stress,False,,2025-03-28T00:14:26.013757+00:00
f3417bcc-68fb-4d66-a594-edb64f16751c,Cookie Analysis,UNKNOWN,__eConsent,False,,2025-03-28T00:14:55.965851+00:00
f7cb0c08-6b49-4c20-b571-2404d8a22540,Cookie Analysis,UNKNOWN,__eDId,False,,2025-03-28T00:15:25.886926+00:00
190f1928-327a-4017-90ed-e59fadabc04b,Cookie Analysis,UNKNOWN,__eP,False,,2025-03-28T00:15:56.004166+00:00
0d015c98-c119-4dab-8103-c16e258b4114,Open Cookie Database,STRICTLY_NECESSARY,KTPCACOOKIE,False,,2025-03-28T00:15:56.066691+00:00
b7cd3ce9-8f71-401f-9114-2ae279f0adc9,Open Cookie Database,STRICTLY_NECESSARY,PHPSESSID,False,,2025-03-28T00:15:56.113564+00:00
394743c3-500e-466e-a9d5-a30648e53fe9,Cookie Analysis,UNKNOWN,campaigns,False,,2025-03-28T00:16:26.036850+00:00
be06aeaf-6e1d-4e83-9ba9-15ca3574fe91,Open Cookie Database,PERFORMANCE,_pk_id.5.a077,True,_pk_id.,2025-03-28T00:16:26.083724+00:00
b9ce3ebe-f911-4351-9a43-4724fcb7314f,Open Cookie Database,PERFORMANCE,_pk_ses.5.a077,True,_pk_ses.,2025-03-28T00:16:26.130597+00:00
1031163d-15eb-4f76-b167-d9da44069225,Cookie Analysis,UNKNOWN,remp_session_id,False,,2025-03-28T00:16:56.033728+00:00
24a944c6-f56c-429d-895c-b2b982dfc897,Cookie Database,TARGETING,smvr,False,,2025-03-28T00:16:56.969847+00:00
e8baf417-2486-47e1-b9c5-be6abad67e71,Cookie Database,FUNCTIONALITY,smuuid,False,,2025-03-28T00:17:07.081757+00:00
352f1904-7584-4767-b823-d09a52686c8e,Open Cookie Database,STRICTLY_NECESSARY,_hjSessionUser_2087036,True,_hjSessionUser_,2025-03-28T00:17:07.139816+00:00
bb4a201c-ce80-4433-9749-db8bd949f002,Open Cookie Database,STRICTLY_NECESSARY,_hjSession_2087036,True,_hjSession_,2025-03-28T00:17:07.201813+00:00
38eef3c7-97b6-4786-a5f5-9010ae25a15c,Cookie Analysis,UNKNOWN,DM_SitId403,False,,2025-03-28T00:17:25.993512+00:00
3681eeac-083f-4d1e-b877-85600b8aaadd,Cookie Analysis,UNKNOWN,DM_SitId403SecId14095,False,,2025-03-28T00:17:55.984679+00:00
bbc050c1-12c7-40a8-9f86-03efbd7a8fe4,Open Cookie Database,PERFORMANCE,_ga_6YZYHK37YL,True,_ga_,2025-03-28T00:17:56.031559+00:00
a2d41d95-3cc7-4091-9175-d40851e2efd8,Cookie Analysis,UNKNOWN,DM_SitId403SecId14097,False,,2025-03-28T00:18:26.058161+00:00
7f839595-35f1-4101-9627-e08ea45a8bfd,Open Cookie Database,STRICTLY_NECESSARY,YSC,False,,2025-03-28T00:18:26.103159+00:00
2e93c2d1-937b-427e-95b4-3468bc8faa2a,Open Cookie Database,TARGETING,VISITOR_INFO1_LIVE,False,,2025-03-28T00:18:26.145210+00:00
6aac661f-ef76-4d74-80ce-fa94345874b3,Open Cookie Database,TARGETING,VISITOR_PRIVACY_METADATA,False,,2025-03-28T00:18:26.186209+00:00
25ce655b-a7af-46d5-a9d3-f24d75ab13f4,Cookie Analysis,UNKNOWN,__Secure-ROLLOUT_TOKEN,False,,2025-03-28T00:18:56.018490+00:00
7b60647b-8ed9-46ae-90d4-c6ae2cd9b4a3,Cookie Analysis,UNKNOWN,DM_SitId403SecId14096,False,,2025-03-28T00:19:26.049833+00:00
58798f7d-8620-477e-ad4f-bebfaad81e0f,Cookie Analysis,UNKNOWN,DM_SitId403SecId14099,False,,2025-03-28T00:19:56.090376+00:00
57066c4e-9c6f-43c5-8d3c-a0056b84c49d,Cookie Analysis,UNKNOWN,DM_SitId403Stress,False,,2025-03-28T00:20:26.037171+00:00
7124db17-4b4d-4c3a-90c7-ef67d8805e86,Cookie Analysis,UNKNOWN,DM_SitId403SecId14099Stress,False,,2025-03-28T00:20:56.138435+00:00
bfa0f4fd-43fc-4277-ad5b-2afeb4b24e01,Cookie Analysis,UNKNOWN,thirdparty,False,,2025-03-28T00:21:26.102030+00:00
bbca2a52-869d-48e5-bacc-10e25ad9dc44,Cookie Analysis,UNKNOWN,DM_SitId403SecId14097Stress,False,,2025-03-28T00:21:56.091072+00:00
cb518c54-fb72-49ee-aa93-5924f7ebd541,Cookie Analysis,UNKNOWN,gdpr_pd,False,,2025-03-28T00:22:26.087505+00:00
2e1c9f6a-c914-4cce-b1df-f0393e32016a,Cookie Analysis,UNKNOWN,us_privacy,False,,2025-03-28T00:22:56.123543+00:00
7791fc0b-434c-4766-aaf7-a05e9a0941bc,Open Cookie Database,TARGETING,SCMo,False,,2025-03-28T00:22:56.170459+00:00
f5b725eb-d138-46e7-9766-96ab42955cb0,Cookie Analysis,UNKNOWN,matcheyeota,False,,2025-03-28T00:23:26.115333+00:00
999801d5-2844-4d1f-b6f7-6a9bfaea31ee,Cookie Analysis,UNKNOWN,outbrain,False,,2025-03-28T00:23:56.149408+00:00
74a7aa46-71b6-4404-bab1-142f0ad1b96d,Cookie Analysis,UNKNOWN,DM_SitId403SecId14096Stress,False,,2025-03-28T00:24:26.161499+00:00
547ff90f-bf4e-454d-bd0b-5017073866b1,Cookie Analysis,UNKNOWN,DM_SitId437,False,,2025-03-28T00:24:56.136406+00:00
6ca5c486-0d41-478e-aca3-e32ec5edbed9,Cookie Analysis,UNKNOWN,DM_SitId437SecId14312,False,,2025-03-28T00:25:26.114093+00:00
0aa95d61-8245-4fcd-9ec7-1a7f902d6696,Cookie Analysis,UNKNOWN,DM_SitId437SecId14315,False,,2025-03-28T00:25:56.182131+00:00
95fe4fb5-b4aa-421a-b13b-83f163973782,Cookie Analysis,UNKNOWN,DM_SitId437SecId14317,False,,2025-03-28T00:26:26.139515+00:00
215ee562-b9cc-471e-9029-ef618eea0fc4,Cookie Analysis,UNKNOWN,DM_SitId437SecId14318,False,,2025-03-28T00:26:56.167915+00:00
04f83dc7-1a72-4577-9d3a-73c45831415e,Open Cookie Database,PERFORMANCE,_gat_UA-4100826-20,True,_gat,2025-03-28T00:26:56.291860+00:00
0a5dfb48-087d-4510-aa2d-98fca12c0540,Open Cookie Database,PERFORMANCE,_ga_QT6SPWLHE9,True,_ga_,2025-03-28T00:26:56.335004+00:00
2927dc29-a0a3-4cc2-852a-5789ced1450c,Cookiepedia,FUNCTIONALITY,popup,False,,2025-03-28T00:27:26.195926+00:00
9d9e9eda-56fb-44b9-8893-c506536342a9,Cookie Analysis,UNKNOWN,DM_SitId437Stress,False,,2025-03-28T00:27:56.195709+00:00
ad73b0fe-c565-4bca-9bcd-161f10b4515d,Cookie Analysis,UNKNOWN,DM_SitId437SecId14315Stress,False,,2025-03-28T00:28:26.204677+00:00
f6bcf2c6-fdcd-4c7a-b75d-3c1fb222b04a,Cookie Analysis,UNKNOWN,DM_SitId437SecId14317Stress,False,,2025-03-28T00:28:56.246479+00:00
dfd2ec1a-3580-4cac-b161-1f22f459783e,Cookie Analysis,UNKNOWN,cid_423f93e4128b42928ffaa9bbd16fc6ac,False,,2025-03-28T00:29:26.228538+00:00
44e8a2f6-06b5-47de-9d32-acb39997f649,Cookie Analysis,UNKNOWN,DM_SitId437SecId14318Stress,False,,2025-03-28T00:29:56.170930+00:00
5a363189-9ea3-4d5a-a454-ec6250f92a4c,Cookie Analysis,UNKNOWN,DM_SitId466,False,,2025-03-28T00:30:26.186365+00:00
e2629a61-0370-435f-a4bf-ae945ccf5c41,Cookie Analysis,UNKNOWN,DM_SitId466SecId2121,False,,2025-03-28T00:30:56.230893+00:00
1cddf476-d9d0-42b3-bca6-6eb417e1287b,Cookie Analysis,UNKNOWN,DM_SitId466SecId15399,False,,2025-03-28T00:31:26.237333+00:00
de487208-24ab-4071-b078-6e3bf358a219,Cookie Analysis,UNKNOWN,DM_SitId466SecId1922,False,,2025-03-28T00:31:56.218204+00:00
54bcebad-db65-46cc-aa6a-40fa806b1aac,Open Cookie Database,PERFORMANCE,_ga_QJKNK792YE,True,_ga_,2025-03-28T00:31:56.255534+00:00
312f165c-6a8d-4495-b7f0-e999c1831802,Cookie Analysis,UNKNOWN,___nrbic,False,,2025-03-28T00:32:26.217165+00:00
b65f0c82-5a2a-476f-b849-63e285adf2f7,Cookie Analysis,UNKNOWN,___nrbi,False,,2025-03-28T00:32:56.232142+00:00
3868d447-a401-4c2b-a99f-f74cc1403125,Open Cookie Database,PERFORMANCE,compass_uid,False,,2025-03-28T00:32:56.263389+00:00
738f1b8f-3d95-4762-9a9a-d7319c3bd4eb,Cookie Analysis,UNKNOWN,8001_u,False,,2025-03-28T00:33:26.356943+00:00
6820544f-c2df-47dc-ac15-3aaf3a282931,Cookie Analysis,UNKNOWN,8001_s,False,,2025-03-28T00:33:56.262179+00:00
78dc9f32-bd6e-4d6c-974f-3a4e65e16ab4,Cookie Analysis,UNKNOWN,8001_lv,False,,2025-03-28T00:34:26.246459+00:00
c07b226e-f1dd-482e-a011-5284e7002309,Cookie Analysis,UNKNOWN,8001_ut,False,,2025-03-28T00:34:56.268087+00:00
cbd77ab2-4d06-44b7-b4f5-57e48b9a7794,Cookie Analysis,UNKNOWN,linker-conversion-881402,False,,2025-03-28T00:35:26.259966+00:00
3f7c1047-3ca5-4cfb-a637-a5f9650ad4b3,Cookie Analysis,UNKNOWN,DM_SitId466Stress,False,,2025-03-28T00:35:56.401857+00:00
6aa6b337-41d5-47ed-a21a-d40aa750bca9,Cookie Analysis,UNKNOWN,DM_SitId466SecId15399Stress,False,,2025-03-28T00:36:26.282915+00:00
0ca2954d-9812-4830-a796-d711d2d1495b,Cookie Analysis,UNKNOWN,DM_SitId466SecId1922Stress,False,,2025-03-28T00:36:56.291280+00:00
66fe226f-6f18-410e-aad1-d17ef1811a81,Cookie Analysis,UNKNOWN,DM_SitId633,False,,2025-03-28T00:37:26.313985+00:00
2ba52ade-875c-4f7e-a1bd-ae17c7ad34e1,Cookie Analysis,UNKNOWN,DM_SitId633SecId3458,False,,2025-03-28T00:37:56.315625+00:00
c0e2c9ef-dd39-4f70-8eb5-3c1907f70751,Open Cookie Database,TARGETING,opt_out,False,,2025-03-28T00:37:56.471834+00:00
0dcefa40-ed18-42c3-b401-b55b06fe07ca,Open Cookie Database,PERFORMANCE,_ga_XZNRNZ60GP,True,_ga_,2025-03-28T00:37:56.565592+00:00
e61afd11-e9b9-4f70-b2d0-dd1dd9625d42,Cookie Analysis,UNKNOWN,dsp_TTD,False,,2025-03-28T00:38:26.343203+00:00
f4d5709d-de7e-43ac-958a-8e50914d3dd8,Cookie Analysis,UNKNOWN,dsp_app_nexus,False,,2025-03-28T00:38:56.364265+00:00
71668a6a-804f-4dd8-acc3-4f6821f10e68,Cookie Analysis,UNKNOWN,dsp_pubmatic,False,,2025-03-28T00:39:26.379429+00:00
63b09e62-414d-425a-8d2c-1591cffe2af0,Cookiepedia,STRICTLY_NECESSARY,fonce_current_user,False,,2025-03-28T00:39:56.304619+00:00
80cfa6fb-d0dd-4463-b601-33b7a2b0dd8d,Open Cookie Database,TARGETING,arcki2,False,,2025-03-28T00:39:57.148406+00:00
571c30e1-728e-4962-a7f9-a61d846634d4,Open Cookie Database,TARGETING,arcki2_adform,False,,2025-03-28T00:39:57.179655+00:00
04269d1f-f8ba-47d6-90f8-de4466802663,Open Cookie Database,TARGETING,arcki2_ddp2,True,arcki2,2025-03-28T00:39:57.226528+00:00
997158b2-124e-4fcd-9264-057fa1f56750,Open Cookie Database,TARGETING,rc,False,,2025-03-28T00:39:57.273366+00:00
0df00e45-dac2-4504-90eb-435426d5a407,Cookie Analysis,UNKNOWN,dsp_rubicon,False,,2025-03-28T00:40:26.352394+00:00
6e5e2458-a583-4097-a88e-6efc57bb96eb,Cookie Analysis,UNKNOWN,DM_SitId633Stress,False,,2025-03-28T00:40:56.458547+00:00
bfd45644-c2ae-4a37-849d-4aa09f49b36a,Cookie Analysis,UNKNOWN,DM_SitId633SecId3458Stress,False,,2025-03-28T00:41:26.379586+00:00
83285573-0273-45e6-8b08-33ca5e97611e,Cookie Analysis,UNKNOWN,gid_CAESEKpywgHKRdkv0lsJbFcwhfw,False,,2025-03-28T00:41:56.374232+00:00
e5bae15e-9b44-4293-8723-264296e49b11,Open Cookie Database,TARGETING,data-pbs,True,data-,2025-03-28T00:41:56.467983+00:00
7255ade8-4c8f-4a03-bbb3-56c28eb87e60,Open Cookie Database,TARGETING,uid-bp-34673,True,uid-bp-,2025-03-28T00:41:56.514858+00:00
e9ed2472-94ad-4620-85ba-82c0eb6f59d3,Cookie Analysis,UNKNOWN,g142,False,,2025-03-28T00:42:26.448475+00:00
10e87cef-1426-4a22-b899-bb7aeb1ec2ec,Open Cookie Database,TARGETING,avcid-imd-uid,True,avcid-,2025-03-28T00:42:26.553897+00:00
5912f663-f348-4528-9fed-9decfe133e17,Cookie Analysis,UNKNOWN,__eSSync,False,,2025-03-28T00:42:56.384928+00:00
15fe1d08-3d94-4980-8310-4bad1aa156b7,Cookie Analysis,UNKNOWN,linker-conversion-1510869,False,,2025-03-28T00:43:26.402361+00:00
fc16a9b4-29f4-4b35-afdc-cbf24e95fa17,Cookie Analysis,UNKNOWN,linker-conversion-1525091,False,,2025-03-28T00:43:56.467031+00:00
afdb1c01-432d-4c82-a0d0-be625b2f4bc9,Open Cookie Database,TARGETING,SCMg,False,,2025-03-28T00:43:56.529530+00:00
22130ef9-481b-43a3-823b-6669771d0b87,Cookie Analysis,UNKNOWN,__eDSync,False,,2025-03-28T00:44:26.451988+00:00
8d44f1a8-3b5a-4958-9e38-c4a599c040da,Cookie Analysis,UNKNOWN,raibs,False,,2025-03-28T00:44:56.348381+00:00
3f039cbb-935d-4ed5-9237-a11385a4ea69,Open Cookie Database,TARGETING,avcid-bsw-uid,True,avcid-,2025-03-28T00:44:56.397186+00:00
de0a4b3a-048c-4c9c-8cdc-9d295e465957,Cookie Analysis,UNKNOWN,matchrubicon,False,,2025-03-28T00:45:26.431022+00:00
561bb9bc-0a4e-47ff-b540-283736b05c56,Cookie Analysis,UNKNOWN,SCM1001989,False,,2025-03-28T00:45:56.468867+00:00
fb19f926-0ebb-4034-8c0c-be8e44e741ae,Cookie Analysis,UNKNOWN,SCMv,False,,2025-03-28T00:46:26.431191+00:00
b2dbf62f-6e64-4c3f-b1dc-b6bb0b481fee,Open Cookie Database,STRICTLY_NECESSARY,_GRECAPTCHA,False,,2025-03-28T00:46:27.192900+00:00
7cd8ae28-f4b5-4f67-b579-712d1c5e1d70,Cookie Analysis,UNKNOWN,personalization-tracking-id,False,,2025-03-28T00:46:56.324022+00:00
f9dc1cf5-9aca-463f-aa8d-7bb26a722b76,Open Cookie Database,PERFORMANCE,_ga_JWS04ZLBYB,True,_ga_,2025-03-28T00:46:56.386520+00:00
29bd6f78-ae2e-47e1-8ddd-e51e749c62d7,Open Cookie Database,PERFORMANCE,_ga_6KZEM90YE9,True,_ga_,2025-03-28T00:46:56.433395+00:00
fd3d0a5f-2b20-47d0-be2e-c53344467ddf,Cookie Analysis,UNKNOWN,cookie-notice-accepted,False,,2025-03-28T00:47:26.418213+00:00
b1baf310-5320-4007-a817-568b16c93747,Cookie Analysis,UNKNOWN,cookie-notice-analytical,False,,2025-03-28T00:47:56.327129+00:00
087d07bc-20f5-4cdc-bcfd-30fe23f5ea85,Cookie Analysis,UNKNOWN,cookie-notice-personalization,False,,2025-03-28T00:48:26.482547+00:00
3d61a641-96fc-444f-b801-0aebd194a861,Cookie Analysis,UNKNOWN,cookie-notice-remarketing,False,,2025-03-28T00:48:56.444150+00:00
c66087a4-e1be-40a4-a5dc-60a63d3052ba,Cookie Analysis,UNKNOWN,DM_SitId667,False,,2025-03-28T00:49:26.473900+00:00
a4064757-09f2-4f28-971a-2b4f8623c3e9,Cookie Analysis,UNKNOWN,DM_SitId667SecId3745,False,,2025-03-28T00:49:56.446136+00:00
2586a3da-6501-49db-8d0d-22bb9c4dcfd0,Cookie Analysis,UNKNOWN,DM_SitId667Stress,False,,2025-03-28T00:50:26.452553+00:00
cc8107b6-39d8-46a8-a537-b78ad1c06d08,Cookie Analysis,UNKNOWN,DM_SitId667SecId3745Stress,False,,2025-03-28T00:50:56.576790+00:00
14805e94-94ac-470e-89d3-2381b4efd9b5,Cookie Analysis,UNKNOWN,DM_SitId1429,False,,2025-03-28T00:51:26.523480+00:00
28e178f8-ce13-44a3-abe1-bda1c9e6e3ef,Cookie Analysis,UNKNOWN,DM_SitId1429SecId12392,False,,2025-03-28T00:51:56.469566+00:00
cc36838d-f367-435f-a5fd-77586a1f0f5b,Cookie Analysis,UNKNOWN,DM_SitId1429Stress,False,,2025-03-28T00:52:26.476438+00:00
f94509a5-dd6c-4910-802e-4348b81f9eb7,Cookie Analysis,UNKNOWN,DM_SitId1429SecId12392Stress,False,,2025-03-28T00:52:56.514506+00:00
e52a7625-4929-4119-bd68-809428e7afc6,Open Cookie Database,STRICTLY_NECESSARY,cookieyes-consent,False,,2025-03-28T00:52:56.548819+00:00
d75b8c22-7e8c-4ab6-8cf0-564b8146ed89,Cookie Analysis,UNKNOWN,wp_consent_preferences,False,,2025-03-28T00:53:26.557049+00:00
be1ab054-e802-4ee6-8a2e-220251543f0a,Cookie Analysis,UNKNOWN,wp_consent_statistics,False,,2025-03-28T00:53:56.502478+00:00
e27a3a08-c2ae-4aee-9a60-e953d72bfec1,Cookie Analysis,UNKNOWN,wp_consent_statistics-anonymous,False,,2025-03-28T00:54:26.416305+00:00
a0904249-d274-43b2-b383-23a06098401a,Cookie Analysis,UNKNOWN,wp_consent_functional,False,,2025-03-28T00:54:56.546846+00:00
ad411425-ef68-451b-8859-823d330d51d3,Cookie Analysis,UNKNOWN,wp_consent_marketing,False,,2025-03-28T00:55:26.516084+00:00
1dc2d741-b8de-4deb-8f47-8d27692c185c,Open Cookie Database,PERFORMANCE,_ga_898VCP5MNM,True,_ga_,2025-03-28T00:55:26.580783+00:00
2becee43-0a44-4f95-969b-f688a5ee136f,Open Cookie Database,PERFORMANCE,pvc_visits[0],False,,2025-03-28T00:55:26.946336+00:00
21bcd843-8a43-453c-b3e3-f0fe3435f753,Open Cookie Database,PERFORMANCE,_gat_overAll,True,_gat,2025-03-28T00:55:27.227545+00:00
34200050-2be0-4b25-972a-95ab3bef5342,Open Cookie Database,PERFORMANCE,_ga_S0FK2VC84S,True,_ga_,2025-03-28T00:55:27.290047+00:00
909af383-a89d-43fd-8719-58cefe2306be,Open Cookie Database,PERFORMANCE,_ga_TDGF59JSFH,True,_ga_,2025-03-28T00:55:27.336922+00:00
4d10abd9-ee99-4fd3-b132-adb07be901c7,Cookie Analysis,UNKNOWN,DM_SitId429,False,,2025-03-28T00:55:56.556630+00:00
24d7f55a-97df-43e4-a4e3-4bb1ea54c8be,Cookie Analysis,UNKNOWN,DM_SitId429SecId1803,False,,2025-03-28T00:56:26.561650+00:00
1418b7b6-0db0-4786-a0a1-742c9f083f67,Cookie Analysis,UNKNOWN,DM_SitId429Stress,False,,2025-03-28T00:56:56.720432+00:00
2e310102-1455-4559-b659-3222aafc4159,Cookie Analysis,UNKNOWN,DM_SitId429SecId1803Stress,False,,2025-03-28T00:57:26.663545+00:00
7580744f-f763-4f54-a553-0947550d333c,Open Cookie Database,PERFORMANCE,_pk_id.1.6354,True,_pk_id.,2025-03-28T00:57:31.270426+00:00
8f769a37-67e0-4d29-a54c-8c162f3053dd,Open Cookie Database,PERFORMANCE,_pk_ses.1.6354,True,_pk_ses.,2025-03-28T00:57:31.363849+00:00
501084b2-fa91-4bf5-a28c-817bb5a9b12f,Open Cookie Database,PERFORMANCE,_ga_NCNXK74CDP,True,_ga_,2025-03-28T00:57:32.206706+00:00
eec0f20e-ecc9-41a1-a018-e37ca29c0f6f,Cookie Analysis,UNKNOWN,DM_SitId444,False,,2025-03-28T00:57:56.644935+00:00
3896aeaa-cd52-488c-86a2-5dbfe2200c16,Cookie Analysis,UNKNOWN,DM_SitId444SecId1818,False,,2025-03-28T00:58:26.920778+00:00
b85b35dd-fdb2-4e33-9397-493576da581e,Cookie Analysis,UNKNOWN,_sharedid,False,,2025-03-28T00:58:56.802512+00:00
f74356cf-e35f-439b-9688-79178d03d02e,Cookie Analysis,UNKNOWN,_sharedid_cst,False,,2025-03-28T00:59:26.846911+00:00
a3b4f894-2107-42e4-8ccc-5bbef07da9f1,Cookie Analysis,UNKNOWN,ucWibh9ss5hqE,False,,2025-03-28T00:59:56.810330+00:00
5f639f57-6b16-424c-b6e1-2a7fe352cccd,Cookie Analysis,UNKNOWN,__jtuid,False,,2025-03-28T01:00:26.840746+00:00
233be9f1-bc4f-4841-9683-74274d945354,Cookie Analysis,UNKNOWN,__jtut,False,,2025-03-28T01:00:56.829563+00:00
c790d839-0faa-4dd6-b154-8691fe7dab42,Cookie Analysis,UNKNOWN,1_C_72,False,,2025-03-28T01:01:26.813755+00:00
3d31fe8d-55ad-40bb-8426-85e87c7a2c45,Cookie Analysis,UNKNOWN,_dynamicAdBoost_aMSgyMs_userid_consent_data,False,,2025-03-28T01:01:56.824690+00:00
ad8621ed-bc69-4639-abc5-96fbc178fad5,Cookie Analysis,UNKNOWN,cid_76db64a2b29940969aa6f6c1046e7c21,False,,2025-03-28T01:02:26.820631+00:00
7ec02ff0-1d7e-4025-88cc-6ac593f9e77e,Cookie Analysis,UNKNOWN,gid_CAESEHwUCQK9O-bec2AyYg7qAg4,False,,2025-03-28T01:02:56.845881+00:00
c3debd02-3a50-402d-a6a4-71b126fc93b9,Cookie Analysis,UNKNOWN,gid_CAESEGMleOmL24d_vbCu5IjyiLQ,False,,2025-03-28T01:03:26.843508+00:00
f788aaac-e1da-4781-9022-e901b6a2c673,Cookie Analysis,UNKNOWN,cid_a304d2081da247a3b40f43707f3fc322,False,,2025-03-28T01:03:56.877877+00:00
f75f5e06-2c2f-4c20-a4b5-cce7c7194067,Cookie Analysis,UNKNOWN,DM_SitId444Stress,False,,2025-03-28T01:04:26.899075+00:00
cbf2ba64-9f4d-43ea-99a0-7dd30e5069d3,Cookie Analysis,UNKNOWN,DM_SitId444SecId1818Stress,False,,2025-03-28T01:04:56.913891+00:00
8f6c09a3-ccca-4d1c-97d7-6129b8086f19,Open Cookie Database,TARGETING,avcid-sma-uid,True,avcid-,2025-03-28T01:04:57.275506+00:00
093d30d5-5da8-47ce-8789-6981870abda4,Open Cookie Database,TARGETING,avcid-sov-uid,True,avcid-,2025-03-28T01:04:57.325347+00:00
ee9ae3fd-fce3-440e-917e-ec0942e95861,Open Cookie Database,TARGETING,_ljtrtb_97,True,_ljtrtb_,2025-03-28T01:04:57.514790+00:00
f2d5df88-92eb-4242-8fdd-f9a2a5788266,Open Cookie Database,TARGETING,avcid-pmr-uid,True,avcid-,2025-03-28T01:04:57.608361+00:00
086d2613-c4a6-4f45-8a17-75cae47a1fd5,Open Cookie Database,TARGETING,avcid-sht-uid,True,avcid-,2025-03-28T01:04:57.842077+00:00
72cf2463-ee7b-4074-9099-65ccbb1e9a3b,Open Cookie Database,TARGETING,avcid-adf-uid,True,avcid-,2025-03-28T01:04:57.903915+00:00
7269f914-7b0d-4a5b-9e49-355de28631a2,Cookie Analysis,UNKNOWN,custom_data,False,,2025-03-28T01:05:26.920997+00:00
d157c57a-c289-425b-ba45-093cb48cdb47,Cookie Analysis,UNKNOWN,DM_SitId435,False,,2025-03-28T01:05:56.852890+00:00
49bdae7b-962a-4e97-ad70-b68b6aaf2021,Cookie Analysis,UNKNOWN,DM_SitId435SecId14390,False,,2025-03-28T01:06:26.931941+00:00
1845a7d0-3ce3-417a-b0fb-b390237eec5c,Cookie Analysis,UNKNOWN,DM_SitId435SecId1809,False,,2025-03-28T01:06:56.847924+00:00
8dcfc400-02a5-4219-95cd-62e2d4e5c27b,Cookie Analysis,UNKNOWN,DM_SitId435SecId14347,False,,2025-03-28T01:07:26.889692+00:00
f8ba8267-99d9-4ac9-9f1b-5aba11fe21ee,Open Cookie Database,PERFORMANCE,_gat_UA-4100826-11,True,_gat,2025-03-28T01:07:27.092388+00:00
9c749bfc-af65-47c0-86b6-a747948ff39a,Open Cookie Database,PERFORMANCE,_ga_5JXZWKC72J,True,_ga_,2025-03-28T01:07:27.147396+00:00
2b42a074-d267-46fb-8a23-ffe4d8bb0e54,Cookie Analysis,UNKNOWN,DM_SitId435Stress,False,,2025-03-28T01:07:56.902220+00:00
79e9c311-83cf-4b74-a425-ddbfb689b47b,Cookie Analysis,UNKNOWN,DM_SitId435SecId1809Stress,False,,2025-03-28T01:08:26.942818+00:00
1b7411b4-6598-448b-b99c-4a8d97b2173e,Cookie Analysis,UNKNOWN,DM_SitId435SecId14347Stress,False,,2025-03-28T01:08:56.984892+00:00
3daf53b2-f643-4d58-87b9-588e17185f73,Cookie Analysis,UNKNOWN,cid_e2997d68e6d9412aadc2404f6b37fca6,False,,2025-03-28T01:09:26.979290+00:00
5c62bca1-5a12-4724-aabe-d75512ae4578,Cookie Analysis,UNKNOWN,DM_SitId433,False,,2025-03-28T01:09:56.899099+00:00
bb8a4d79-cc64-4e16-8986-cdce950db95a,Cookie Analysis,UNKNOWN,DM_SitId433SecId14320,False,,2025-03-28T01:10:26.946151+00:00
889aab4b-8054-48e9-933f-5c4ac578109d,Cookie Analysis,UNKNOWN,DM_SitId433SecId14328,False,,2025-03-28T01:10:56.927749+00:00
7685a248-6bd2-454f-b331-dd66d8ddf017,Open Cookie Database,PERFORMANCE,_gat_UA-4100826-10,True,_gat,2025-03-28T01:10:57.067540+00:00
7b45d6fb-e113-404c-b913-0d69198869ae,Open Cookie Database,PERFORMANCE,_ga_RSZRM3PQ5N,True,_ga_,2025-03-28T01:10:57.134257+00:00
316973da-6d39-49fa-8e47-4c43ef52283d,Cookie Analysis,UNKNOWN,DM_SitId433Stress,False,,2025-03-28T01:11:27.022579+00:00
0d3b5734-2dd9-446b-998d-b5322ac0ddd1,Cookie Analysis,UNKNOWN,DM_SitId433SecId14320Stress,False,,2025-03-28T01:11:57.010130+00:00
0198ce0c-5025-4f51-bc86-09b8dec6d4de,Cookie Analysis,UNKNOWN,DM_SitId433SecId14328Stress,False,,2025-03-28T01:12:26.974250+00:00
049060f7-2e53-4366-b45c-51c14a506567,Cookie Analysis,UNKNOWN,dergan,False,,2025-03-28T01:12:56.999521+00:00
29fdfe6f-df26-4f34-83b7-33976877477e,Cookie Analysis,UNKNOWN,TRINITY_USER_DATA,False,,2025-03-28T01:13:27.013084+00:00
6173ebc7-3dee-4a1b-98a5-af43030c26a9,Cookie Analysis,UNKNOWN,TRINITY_USER_ID,False,,2025-03-28T01:13:57.026518+00:00
8003104a-6a2a-48de-a529-656ed6f412b7,Cookiepedia,TARGETING,AUID,False,,2025-03-28T01:14:27.111962+00:00
1cc33935-b0dc-4436-aa7d-365e806fee6c,Cookie Analysis,UNKNOWN,finance_mq,False,,2025-03-28T01:14:56.954678+00:00
c6314add-e718-4df0-8519-71e1975dafac,Cookie Analysis,UNKNOWN,DM_SitId472,False,,2025-03-28T01:15:27.009672+00:00
85827ce5-1d81-4c00-bf10-3a407df17a97,Cookie Analysis,UNKNOWN,DM_SitId472SecId2134,False,,2025-03-28T01:15:57.002708+00:00
24e75a97-8f2e-4b3e-9dc7-3d5340312134,Open Cookie Database,STRICTLY_NECESSARY,AWSALBTGCORS,False,,2025-03-28T01:15:57.038092+00:00
4aa397fe-af5e-450f-818c-f752cdb89c41,Open Cookie Database,STRICTLY_NECESSARY,AWSALBCORS,False,,2025-03-28T01:15:57.069307+00:00
e31d4943-052a-49e7-917c-f75b7c67f942,Cookie Analysis,UNKNOWN,finance.si_ga,False,,2025-03-28T01:16:27.012529+00:00
c5f0093a-b515-4e68-a2a9-1f63c92c5076,Cookie Analysis,UNKNOWN,finance.si_au,False,,2025-03-28T01:16:57.013114+00:00
b32ea6ce-52e9-407e-b61d-6577a80c0391,Open Cookie Database,PERFORMANCE,_gat_gtag_UA_883062_1,True,_gat_gtag_,2025-03-28T01:16:57.059988+00:00
825746ee-ff4f-401e-9a48-e7b63d2b568d,Cookie Analysis,UNKNOWN,finance_cookies,False,,2025-03-28T01:17:27.023444+00:00
9300560f-e156-48cb-9b47-84e3eaf8be08,Open Cookie Database,PERFORMANCE,_ga_YWR1RESH3T,True,_ga_,2025-03-28T01:17:27.070327+00:00
f5109bff-e0f6-44c6-b091-70d24283553e,Cookie Analysis,UNKNOWN,finance.si_ga_S79413LWJK,False,,2025-03-28T01:17:57.032155+00:00
2e5364c7-d126-4296-966d-9531e38f4938,Cookie Analysis,UNKNOWN,DM_SitId431,False,,2025-03-28T01:18:27.040499+00:00
f2b2e71a-6d2e-45e7-9245-8e973f880ede,Cookie Analysis,UNKNOWN,DM_SitId431SecId14267,False,,2025-03-28T01:18:56.923606+00:00
97fbdea1-1ca4-4886-a94e-2849c1397c5e,Cookie Analysis,UNKNOWN,DM_SitId431SecId14277,False,,2025-03-28T01:19:27.058507+00:00
4e2aa60d-b105-49ef-8d04-ca7060cd69c1,Open Cookie Database,PERFORMANCE,_ga_RRQQHE3NV0,True,_ga_,2025-03-28T01:19:27.214771+00:00
81562744-cdc9-47ea-9d08-c75fb3f5ca89,Open Cookie Database,PERFORMANCE,_gat_UA-4100826-2,True,_gat,2025-03-28T01:19:27.261644+00:00
834d7812-b077-4057-9148-e4f90962206d,Cookie Analysis,UNKNOWN,DM_SitId431Stress,False,,2025-03-28T01:19:57.087629+00:00
86269dc6-9387-446b-b076-9afd885c88aa,Cookie Analysis,UNKNOWN,DM_SitId431SecId14277Stress,False,,2025-03-28T01:20:27.087532+00:00
8913c064-1f6d-4c53-a3c6-bc3a9435d91d,Cookie Analysis,UNKNOWN,admtr,False,,2025-03-28T01:20:57.099171+00:00
038f5357-c98e-4c85-ace9-7fdf6f07ddfc,Cookie Analysis,UNKNOWN,ac_r,False,,2025-03-28T01:21:27.215832+00:00
181c6a6a-1e62-478c-8dcd-f2a2f80f4aef,Cookie Analysis,UNKNOWN,cid_6ed268e520284843b151746198007dd6,False,,2025-03-28T01:21:57.141462+00:00
86b66dfe-f284-4bda-84a6-a9bd6409aacf,Open Cookie Database,STRICTLY_NECESSARY,.ASPXANONYMOUS,False,,2025-03-28T01:21:57.636623+00:00
bee36e4b-d6ef-44fd-8f9a-a3395c62f3e5,Cookie Analysis,UNKNOWN,lb_bizi,False,,2025-03-28T01:22:27.108924+00:00
c61ffee4-ef67-4ed4-b015-63e7fbb771ea,Cookie Analysis,UNKNOWN,DM_SitId460,False,,2025-03-28T01:22:57.039326+00:00
d25ae675-4088-496a-b96d-d915b1d6bc09,Cookie Analysis,UNKNOWN,DM_SitId460SecId4509,False,,2025-03-28T01:23:27.125789+00:00
2b9392f3-745a-4225-8434-76eeba44dc91,Open Cookie Database,PERFORMANCE,_gat_UA-2267330-2,True,_gat,2025-03-28T01:23:27.297672+00:00
4f8123ec-055e-4fbb-adf3-f947cff087df,Open Cookie Database,PERFORMANCE,_ga_W87DWT3CR0,True,_ga_,2025-03-28T01:23:27.360127+00:00
1810c03d-b72d-437b-8c9e-89e2521b9b52,Cookie Analysis,UNKNOWN,DM_SitId460Stress,False,,2025-03-28T01:23:57.170008+00:00
8d7f624f-a166-440c-9036-f4e6bab0979e,Cookie Analysis,UNKNOWN,DM_SitId460SecId4509Stress,False,,2025-03-28T01:24:27.165866+00:00
7f5753ca-4531-4b6b-b23c-87903e327e21,Cookie Analysis,UNKNOWN,cid_29caef4f907d433faad1f1345c6fd5b6,False,,2025-03-28T01:24:57.186938+00:00
baa15949-f156-4371-bc9c-e8acedefa8af,Cookie Analysis,UNKNOWN,cid_c78bde5b1a354e7d8d4caf2207cc36ab,False,,2025-03-28T01:25:27.145233+00:00
f00fc177-ef74-436f-ac18-1c6314d51128,Open Cookie Database,PERFORMANCE,_pk_id.2.cc25,True,_pk_id.,2025-03-28T01:25:27.735918+00:00
48436573-c48b-4b69-b644-e68326cd4841,Open Cookie Database,PERFORMANCE,_pk_ses.2.cc25,True,_pk_ses.,2025-03-28T01:25:27.781900+00:00
f04e050f-5c66-42c6-a54a-14c0a25d4dbd,Open Cookie Database,PERFORMANCE,_ga_LZK6QRV1Z0,True,_ga_,2025-03-28T01:25:27.825882+00:00
3a178b1e-99db-44a1-b305-2354049d4f85,Cookie Analysis,UNKNOWN,DM_SitId808,False,,2025-03-28T01:25:57.184519+00:00
dcf89769-c7c0-481d-a5e0-d272e1c81d51,Cookie Analysis,UNKNOWN,DM_SitId808SecId4245,False,,2025-03-28T01:26:27.226976+00:00
a1733a0a-9a6a-4420-b15f-e9a2532c67da,Cookie Analysis,UNKNOWN,linker-conversion-1081839,False,,2025-03-28T01:26:57.150205+00:00
ec2ca4e2-48c7-444d-82ba-e18c954292d5,Cookie Analysis,UNKNOWN,DM_SitId808Stress,False,,2025-03-28T01:27:27.205406+00:00
a20f6301-2fb9-420c-8e84-20acb12fafaf,Cookie Analysis,UNKNOWN,DM_SitId808SecId4245Stress,False,,2025-03-28T01:27:57.192864+00:00
2ec8bb12-87db-464e-a3ab-4fa934551e7a,Cookie Analysis,UNKNOWN,gid_CAESEEB8OOGcRJwIM34kWGbCOvc,False,,2025-03-28T01:28:27.200364+00:00
36e3abcb-c60e-43db-805a-2899765bd65a,Open Cookie Database,TARGETING,_ljtrtb_16,True,_ljtrtb_,2025-03-28T01:28:28.104949+00:00
f0f74697-aab7-4acf-89ca-c4bff5342565,Cookie Analysis,UNKNOWN,lb_najdi,False,,2025-03-28T01:28:57.177558+00:00
67c450ca-f2e5-4614-82b6-7d4a96912445,Cookie Analysis,UNKNOWN,lb_zemljevid_najdi_si,False,,2025-03-28T01:29:27.196887+00:00
3078b6bb-0eea-4352-bdf0-d3f6329519ef,Cookie Analysis,UNKNOWN,lb_pic_najdi_si,False,,2025-03-28T01:29:57.188258+00:00
7a7a35f2-cdbe-4d0a-b470-5beade6d7a57,Cookie Analysis,UNKNOWN,DM_SitId458,False,,2025-03-28T01:30:27.204038+00:00
ba83e01f-9d96-4c52-b768-0b2348dcd2d8,Cookie Analysis,UNKNOWN,DM_SitId458SecId1847,False,,2025-03-28T01:30:57.204067+00:00
13467c9d-82da-4c90-ae0b-642678a713ff,Open Cookie Database,PERFORMANCE,_ga_TKJEZGH9M9,True,_ga_,2025-03-28T01:30:58.047821+00:00
70afa84a-740a-42c9-bf0c-b5bd42248251,Open Cookie Database,PERFORMANCE,_pk_id.3.2d47,True,_pk_id.,2025-03-28T01:30:58.094732+00:00
48d1017e-46fd-4415-babf-ee4a51038558,Open Cookie Database,PERFORMANCE,_pk_ses.3.2d47,True,_pk_ses.,2025-03-28T01:30:58.141567+00:00
5c3a1daf-03fa-4850-a4c6-2ec093e6573c,Cookie Analysis,UNKNOWN,DM_SitId609,False,,2025-03-28T01:31:27.248871+00:00
0a57b3c8-b009-4852-a426-8aba0595db53,Cookie Analysis,UNKNOWN,DM_SitId609SecId3274,False,,2025-03-28T01:31:57.197118+00:00
c8c468ef-c136-45c7-a1da-9e9a1319ba1c,Cookie Analysis,UNKNOWN,_dynamicAdBoost_nZM0ylR_userid_consent_data,False,,2025-03-28T01:32:27.240367+00:00
ea2db390-dd4d-476b-af6d-16d7fe1a13da,Cookie Analysis,UNKNOWN,DM_SitId609Stress,False,,2025-03-28T01:32:57.249264+00:00
24918926-9ade-4169-8989-bce80f7f2560,Cookie Analysis,UNKNOWN,DM_SitId609SecId3274Stress,False,,2025-03-28T01:33:27.269670+00:00
cc0ba2ab-78a5-4aa3-85b5-b8f56beb3218,Cookie Analysis,UNKNOWN,gid_CAESEG2PwCjtYXGuNKZ9kq0Y66Q,False,,2025-03-28T01:33:57.319176+00:00
57f7dd4c-5447-489c-bc5e-5aa6a07918c7,Cookie Analysis,UNKNOWN,DM_SitId432,False,,2025-03-28T01:34:27.295760+00:00
556c0073-3860-4b66-a665-54a54564bf14,Cookie Analysis,UNKNOWN,DM_SitId432SecId14391,False,,2025-03-28T01:34:57.300229+00:00
73aba2eb-e9fb-4ef3-8182-0ae558048ef6,Cookie Analysis,UNKNOWN,DM_SitId432SecId1806,False,,2025-03-28T01:35:27.342422+00:00
77d7f4ed-6aa4-461e-ad80-9fbec8f085e1,Open Cookie Database,PERFORMANCE,_gat_UA-4100826-4,True,_gat,2025-03-28T01:35:27.478733+00:00
5b8449e2-dc7a-486f-8243-eaec780d80de,Open Cookie Database,PERFORMANCE,_ga_3JLPT1DNHK,True,_ga_,2025-03-28T01:35:27.521477+00:00
a7dd8312-f6ba-4eb6-9896-0ee99dbe7302,Cookie Analysis,UNKNOWN,DM_SitId432Stress,False,,2025-03-28T01:35:57.297571+00:00
5ebcadfd-68c5-464a-9365-b06f6da6fb56,Cookie Analysis,UNKNOWN,DM_SitId432SecId1806Stress,False,,2025-03-28T01:36:27.350127+00:00
d71f3a02-611e-400e-a58c-88abb175dd33,Cookie Analysis,UNKNOWN,gid_CAESENbMxsIFbnAxhmXIDDFesYM,False,,2025-03-28T01:36:57.346549+00:00
a3a49c6c-5ee6-418f-a2d6-9107c4585ece,Cookie Analysis,UNKNOWN,DM_SitId434,False,,2025-03-28T01:37:27.319106+00:00
ed0554aa-bce0-41e2-86c5-96fc47baf0a9,Cookie Analysis,UNKNOWN,DM_SitId434SecId14330,False,,2025-03-28T01:37:57.333784+00:00
8ac51add-1d09-467b-a31b-bce6b1f08d9c,Cookie Analysis,UNKNOWN,DM_SitId434SecId14335,False,,2025-03-28T01:38:27.348851+00:00
8dc51495-2777-4506-b7de-cd57b24ced8f,Cookie Analysis,UNKNOWN,DM_SitId434SecId14332,False,,2025-03-28T01:38:57.326858+00:00
044cec6e-c152-4aa1-a4c2-1239b3e7bf52,Cookie Analysis,UNKNOWN,DM_SitId434SecId14333,False,,2025-03-28T01:39:27.461583+00:00
e09ac7fc-0998-406b-b5d3-22c24be834dc,Open Cookie Database,PERFORMANCE,_gat_UA-4100826-6,True,_gat,2025-03-28T01:39:27.681184+00:00
b9da1508-cf86-4a6d-9d89-2b3df0c17a7b,Open Cookie Database,PERFORMANCE,_ga_0426FEN9FB,True,_ga_,2025-03-28T01:39:27.737458+00:00
84568783-49d8-4c7c-9fb4-42c9715981e1,Cookie Analysis,UNKNOWN,DM_SitId434Stress,False,,2025-03-28T01:39:57.428664+00:00
5ab10fb1-5915-4bf2-9e6b-a0728c9d71c3,Cookie Analysis,UNKNOWN,DM_SitId434SecId14335Stress,False,,2025-03-28T01:40:27.426550+00:00
de192a21-3ede-4841-8c10-d451d6357547,Cookie Analysis,UNKNOWN,DM_SitId434SecId14332Stress,False,,2025-03-28T01:40:57.430016+00:00
c1d33975-9f9e-43e5-9187-5656ee3810ef,Cookie Analysis,UNKNOWN,DM_SitId434SecId14333Stress,False,,2025-03-28T01:41:27.427513+00:00
11ed9891-1215-4199-b699-49f0d41cf3e4,Open Cookie Database,PERFORMANCE,_pk_id.1.fd88,True,_pk_id.,2025-03-28T01:41:27.880638+00:00
fef43e57-4b56-440d-8fb6-08cb4213cd9d,Open Cookie Database,PERFORMANCE,_pk_ses.1.fd88,True,_pk_ses.,2025-03-28T01:41:27.927513+00:00
0d476c11-8e61-4a42-9d83-8782771928b4,Open Cookie Database,PERFORMANCE,_ga_QW3LFVW3M5,True,_ga_,2025-03-28T01:41:27.990014+00:00
fb7d2c49-230b-473d-af08-7bb28f31512a,Cookie Analysis,UNKNOWN,DM_SitId449,False,,2025-03-28T01:41:57.439125+00:00
81d7842f-9740-4266-82ed-532fa8301fde,Cookie Analysis,UNKNOWN,DM_SitId449SecId1823,False,,2025-03-28T01:42:27.458705+00:00
fbea65ba-0313-4276-8450-d161bf2d957a,Cookie Analysis,UNKNOWN,DM_SitId449Stress,False,,2025-03-28T01:42:57.467209+00:00
90d4b792-b057-49b8-86fd-26b87b30a366,Cookie Analysis,UNKNOWN,DM_SitId449SecId1823Stress,False,,2025-03-28T01:43:27.466068+00:00
d97a3238-af85-40a6-8885-e463e3ff4bc4,Cookie Analysis,UNKNOWN,SC_sevenDay_Expires_683452,False,,2025-03-28T01:43:57.486175+00:00
226c0789-dc50-4663-b64f-ff70c2671e76,Cookie Analysis,UNKNOWN,SC_unique_683452,False,,2025-03-28T01:44:27.503657+00:00
12308360-5230-4588-92c5-cf745353936b,Cookie Analysis,UNKNOWN,SC_showNum_683452,False,,2025-03-28T01:44:57.501056+00:00
78338032-f638-4e7b-be22-0047dc6999e2,Cookie Analysis,UNKNOWN,cid_dc556f72e8f04b54a3e068e9d91cc104,False,,2025-03-28T01:45:27.562807+00:00
37c8bde1-a760-45d1-9720-7cb2273e0e85,Cookie Analysis,UNKNOWN,_mwayss_zone_imp[8584][count],False,,2025-03-28T01:45:57.509807+00:00
af29b225-0e53-49e4-a8bd-30d0fe568bc7,Cookie Analysis,UNKNOWN,_mwayss_zone_imp[8584][frequencyPeriodEnd],False,,2025-03-28T01:46:27.528952+00:00
8b4737fd-a7b1-4ddf-87a3-b0832eca9ed1,Cookie Analysis,UNKNOWN,_mwayss_zone_imp[8584][lastShow],False,,2025-03-28T01:46:57.590485+00:00
9efa91e9-11a7-4afb-ab3d-22b3667abab9,Cookie Analysis,UNKNOWN,DM_SitId436,False,,2025-03-28T01:47:27.597841+00:00
c7f2c042-bc0c-40be-8cc0-64f2262ba286,Cookie Analysis,UNKNOWN,DM_SitId436SecId14336,False,,2025-03-28T01:47:57.566106+00:00
ba2c8666-f0f0-4f34-94c1-e5b245439bd3,Cookie Analysis,UNKNOWN,DM_SitId436SecId14341,False,,2025-03-28T01:48:27.639749+00:00
d57078f2-15e1-4c71-863d-6d05d88b2d3c,Open Cookie Database,PERFORMANCE,_gat_UA-4100826-13,True,_gat,2025-03-28T01:48:27.780374+00:00
56c9ef17-99e8-4864-a7e7-a4a92a2c5cda,Open Cookie Database,PERFORMANCE,_ga_QTW65CV2WT,True,_ga_,2025-03-28T01:48:27.842916+00:00
ea3f2128-ca27-4b90-a1f8-364984e15f1a,Cookie Analysis,UNKNOWN,DM_SitId436Stress,False,,2025-03-28T01:48:57.580810+00:00
785160c8-c2dc-4918-80a2-57c68eadf219,Cookie Analysis,UNKNOWN,DM_SitId436SecId14341Stress,False,,2025-03-28T01:49:27.567140+00:00
56503ae8-df60-4ae9-9ba3-f079e06c4354,Cookie Analysis,UNKNOWN,DM_SitId436SecId14336Stress,False,,2025-03-28T01:49:57.577313+00:00
4d023292-abee-42af-8615-c1e33887639b,Cookie Analysis,UNKNOWN,cid_be8925444133438998b583bc90272dbf,False,,2025-03-28T01:50:27.636764+00:00
d22e38c5-4d05-4c29-9752-439c602c8407,Cookie Analysis,UNKNOWN,pomurec,False,,2025-03-28T01:50:57.640577+00:00
ab084a17-427d-4ff7-8605-2446d6e01415,Open Cookie Database,PERFORMANCE,_ga_4HL76Z02J1,True,_ga_,2025-03-28T01:50:57.687453+00:00
fc27c1f1-07c5-4792-8dde-832f4a312120,Open Cookie Database,PERFORMANCE,_pk_id.6.1817,True,_pk_id.,2025-03-28T01:50:57.784077+00:00
b744e2d7-e7d6-4580-80fa-3392d9210aa4,Open Cookie Database,PERFORMANCE,_pk_ses.6.1817,True,_pk_ses.,2025-03-28T01:50:57.834150+00:00
bf0a8a6d-bbc4-4351-bc03-77696fc08882,Cookie Analysis,UNKNOWN,DM_SitId1979,False,,2025-03-28T01:51:27.644344+00:00
f457d228-50cf-471d-bd2b-06bff27688ad,Cookie Analysis,UNKNOWN,DM_SitId1979SecId15264,False,,2025-03-28T01:51:57.653909+00:00
ccdaa56e-801d-4eec-8c17-ff043b734c35,Open Cookie Database,TARGETING,__qca,False,,2025-03-28T01:51:58.364693+00:00
8c81948e-7d0d-4d23-b07a-1e147c9610eb,Cookie Analysis,UNKNOWN,DM_SitId1979Stress,False,,2025-03-28T01:52:27.562740+00:00
20f1802f-4db0-4d1b-9e94-f13014bb3257,Cookie Analysis,UNKNOWN,DM_SitId1979SecId15264Stress,False,,2025-03-28T01:52:57.690109+00:00
475f7b1d-ed7e-4de0-81ab-58b93ce2fc89,Cookiepedia,TARGETING,flashtalkingad1,False,,2025-03-28T01:53:27.698778+00:00
79b69a0d-8f1f-4f11-a60c-bbaf3b116b43,Cookiepedia,TARGETING,_D9J,False,,2025-03-28T01:53:57.693184+00:00
76ced336-1e1e-4edb-b1e1-2f106481e0ca,Open Cookie Database,PERFORMANCE,_ga_3TF4LW12ZH,True,_ga_,2025-03-28T01:53:59.478433+00:00
e9ecdbca-ef2e-44e5-840c-9c79a0e519ec,Open Cookie Database,PERFORMANCE,_pk_id.4.9cbb,True,_pk_id.,2025-03-28T01:53:59.539453+00:00
963ba5d7-342f-4910-89e3-47a77c616676,Open Cookie Database,PERFORMANCE,_pk_ses.4.9cbb,True,_pk_ses.,2025-03-28T01:53:59.648070+00:00
e8ee8c07-97ca-467f-b080-6f3288507762,Cookie Analysis,UNKNOWN,DM_SitId842,False,,2025-03-28T01:54:27.628469+00:00
8684f48b-0265-434a-adf3-1a32eb7874b7,Cookie Analysis,UNKNOWN,DM_SitId842SecId4424,False,,2025-03-28T01:54:57.641694+00:00
c54a7bfd-9e66-4073-8751-e56872e2d6ee,Cookie Analysis,UNKNOWN,DM_SitId842Stress,False,,2025-03-28T01:55:27.674788+00:00
7121acd5-df72-406a-994f-82d971fa1fee,Cookie Analysis,UNKNOWN,DM_SitId842SecId4424Stress,False,,2025-03-28T01:55:57.651965+00:00
2a615c7c-9c2a-489c-ab4f-d5642331747c,Open Cookie Database,TARGETING,CM14,False,,2025-03-28T01:55:58.753821+00:00
a5688513-fc68-4975-96ae-9de5de02829a,Cookie Analysis,UNKNOWN,gid_CAESEJHbA5n4qpw-Qe88TmbT0hk,False,,2025-03-28T01:56:27.648092+00:00
ebb6c6cf-e826-4e33-8372-2ef78835a32e,Cookie Database,TARGETING,advanced_ads_browser_width,False,,2025-03-28T01:56:29.786795+00:00
5bf1029e-cab1-4ff7-b0ae-02d98ec7925a,Open Cookie Database,PERFORMANCE,_gat_UA-166388261-1,True,_gat,2025-03-28T01:56:29.896163+00:00
5c29cc69-f91d-4505-aa92-601df043f5ca,Open Cookie Database,PERFORMANCE,_ga_4S9HNC9080,True,_ga_,2025-03-28T01:56:29.943043+00:00
c5393f18-fe60-4118-b992-646734ba6d9c,Cookie Analysis,UNKNOWN,DM_SitId1971,False,,2025-03-28T01:56:57.706104+00:00
ade4399b-3934-4ae1-a798-0f46f947204a,Cookie Analysis,UNKNOWN,DM_SitId1971SecId15201,False,,2025-03-28T01:57:27.659563+00:00
169367ff-934e-49ed-aecb-df86113774a0,Cookie Analysis,UNKNOWN,DM_SitId1971Stress,False,,2025-03-28T01:57:57.687112+00:00
3ca19af8-60ca-420e-b90e-b40d8b74d9b8,Cookie Analysis,UNKNOWN,DM_SitId1971SecId15201Stress,False,,2025-03-28T01:58:27.669182+00:00
83136f34-8177-4c09-8f90-0372505cc490,Open Cookie Database,PERFORMANCE,FCCDCF,False,,2025-03-28T01:58:28.030002+00:00
4782692f-3644-4986-a0df-4227a3c75704,Cookie Analysis,UNKNOWN,gid_CAESEEOHbe0IYGn3eZMHkNs2ztQ,False,,2025-03-28T01:58:57.701134+00:00
97e13808-dd21-455a-b581-94f2796a7da1,Open Cookie Database,TARGETING,OAID,False,,2025-03-28T01:58:58.498010+00:00
be7d9d53-72b0-4a30-873b-39bddcc7c0e9,Open Cookie Database,PERFORMANCE,_ga_TF08R5BBL2,True,_ga_,2025-03-28T01:58:58.544883+00:00
6950cddf-3252-42d0-817d-2b30a4590aec,Cookie Analysis,UNKNOWN,DM_SitId843,False,,2025-03-28T01:59:27.680784+00:00
13b192a2-39e0-4123-a28b-09b74f22ca23,Cookie Analysis,UNKNOWN,DM_SitId843SecId4425,False,,2025-03-28T01:59:57.704127+00:00
ecc36e55-8c89-43d5-884d-8e46013dd972,Cookie Analysis,UNKNOWN,DM_SitId843Stress,False,,2025-03-28T02:00:27.713068+00:00
79995909-d503-4d1b-860f-59d309e82036,Cookie Analysis,UNKNOWN,DM_SitId843SecId4425Stress,False,,2025-03-28T02:00:57.776100+00:00
88d59dfe-f787-4036-a2a9-43474ded4d18,Cookie Analysis,UNKNOWN,OAVARS[aa20972d],False,,2025-03-28T02:01:27.761527+00:00
bb044149-7e21-4bcd-917c-a82be6ad3491,Cookiepedia,FUNCTIONALITY,cookie-agreed-version,False,,2025-03-28T02:01:57.750649+00:00
913c9cc2-6fae-44e6-8c63-607f4f1754a4,Cookiepedia,FUNCTIONALITY,cookie-agreed,False,,2025-03-28T02:02:27.732328+00:00
4bef01db-fccb-4e7e-b7ae-7f46d9d3cb68,Cookie Analysis,UNKNOWN,DM_SitId1592,False,,2025-03-28T02:02:57.824843+00:00
d3414cdc-3a68-47f4-9cf0-63492bd69b29,Cookie Analysis,UNKNOWN,DM_SitId1592SecId14259,False,,2025-03-28T02:03:27.888220+00:00
8e9304a7-9591-4c68-aa3c-ab6d86310e80,Cookie Analysis,UNKNOWN,DM_SitId1592SecId14264,False,,2025-03-28T02:03:57.836781+00:00
099c405d-c4bd-4edb-9f9d-5846387a9289,Cookie Analysis,UNKNOWN,DM_SitId1592SecId14262,False,,2025-03-28T02:04:27.894841+00:00
5c7b4f31-2251-475b-9da6-2fd251529509,Open Cookie Database,PERFORMANCE,_gat_UA-4100826-58,True,_gat,2025-03-28T02:04:28.019842+00:00
a45336d8-996d-4a0b-855c-0222bd353172,Open Cookie Database,PERFORMANCE,_ga_NHR0T8F4YJ,True,_ga_,2025-03-28T02:04:28.066713+00:00
27e09d6b-9c82-4b91-a0e1-14486f0c0801,Cookie Analysis,UNKNOWN,DM_SitId1592Stress,False,,2025-03-28T02:04:57.866824+00:00
bb4aafa0-d31d-4ea5-85e4-a52bffb90901,Cookie Analysis,UNKNOWN,DM_SitId1592SecId14264Stress,False,,2025-03-28T02:05:27.865317+00:00
ce55fa6e-e61a-4d9a-a227-60e67c1dacb8,Cookie Analysis,UNKNOWN,DM_SitId1592SecId14262Stress,False,,2025-03-28T02:05:57.769408+00:00
a4d53504-cb4d-498e-aa4f-45b48bd608d0,Open Cookie Database,PERFORMANCE,_ga_W949Z1P6QN,True,_ga_,2025-03-28T02:05:58.390973+00:00
40e5629f-636d-47af-811c-8b98c565ec22,Open Cookie Database,PERFORMANCE,_gat_UA-259613-20,True,_gat,2025-03-28T02:05:58.471774+00:00
f5b7e25e-43c9-4a40-b7da-60a14bdc5b91,Open Cookie Database,STRICTLY_NECESSARY,_hjSessionUser_3599885,True,_hjSessionUser_,2025-03-28T02:05:58.521696+00:00
427c4858-85eb-446a-a905-20d513e5d2ea,Open Cookie Database,STRICTLY_NECESSARY,_hjSession_3599885,True,_hjSession_,2025-03-28T02:05:58.571586+00:00
dcda9bde-28ee-4c48-a0ab-76a76196179c,Cookie Analysis,UNKNOWN,DM_SitId442,False,,2025-03-28T02:06:27.782452+00:00
c4cef3cc-b580-4d2f-b264-1146ead955bf,Cookie Analysis,UNKNOWN,DM_SitId442SecId1816,False,,2025-03-28T02:06:57.934374+00:00
ac11103a-b44e-495e-9e46-54fcb96cd144,Cookie Analysis,UNKNOWN,GuestSeeker,False,,2025-03-28T02:07:27.788562+00:00
3e9fabc3-6d05-471b-a96e-12ad592ab1ab,Cookie Analysis,UNKNOWN,_aimwel_session,False,,2025-03-28T02:07:57.903819+00:00
17cea2c2-ff93-4853-9892-f98a0738e227,Cookie Analysis,UNKNOWN,DM_SitId442Stress,False,,2025-03-28T02:08:27.835751+00:00
3da7024d-a4ce-4be5-80c0-750007417ff2,Cookie Analysis,UNKNOWN,DM_SitId442SecId1816Stress,False,,2025-03-28T02:08:57.918548+00:00
c168b38f-c7e1-4d31-b602-6cc7d9ad58ca,Cookie Analysis,UNKNOWN,Nogomania_Lang_Zone_7,False,,2025-03-28T02:09:28.023876+00:00
488a9aa4-c4c4-48a4-8034-268a17271fe7,Cookie Analysis,UNKNOWN,Nogomania_Lang,False,,2025-03-28T02:09:57.898545+00:00
e07f493b-97b3-41d2-881f-30f18f9a3c32,Cookie Analysis,UNKNOWN,Nogomania_Culture,False,,2025-03-28T02:10:27.903581+00:00
530020b1-56ce-4736-89c5-37a064c6faa0,Cookie Analysis,UNKNOWN,Nogomania_IsMobile,False,,2025-03-28T02:10:57.969972+00:00
36de4114-fdc8-4c64-8c0a-f34eafd64920,Cookie Analysis,UNKNOWN,Nogomania_AdminLang,False,,2025-03-28T02:11:27.945916+00:00
3b00c984-b457-4311-a574-7b47e9fdf084,Cookie Analysis,UNKNOWN,Nogomania_Lang_Zone_1,False,,2025-03-28T02:11:57.920779+00:00
2f0a2ac4-4980-463f-8281-ca03c2155065,Cookie Analysis,UNKNOWN,DM_SitId445,False,,2025-03-28T02:12:28.081403+00:00
7e0ac92e-1ba3-4777-8bc4-0626c9d626b2,Cookie Analysis,UNKNOWN,DM_SitId445SecId1819,False,,2025-03-28T02:12:58.090609+00:00
aca6adef-e210-4b51-8c9a-ce2cb3fc95ac,Open Cookie Database,PERFORMANCE,_gat_gtag_UA_16673266_1,True,_gat_gtag_,2025-03-28T02:12:58.248414+00:00
7d365625-6362-476b-9403-4fc2591e2bf7,Open Cookie Database,PERFORMANCE,_ga_0HMZ151HFL,True,_ga_,2025-03-28T02:12:58.365707+00:00
3deb35c3-f307-4a35-bde6-b2b572fb0106,Cookie Analysis,UNKNOWN,DM_SitId445Stress,False,,2025-03-28T02:13:28.058756+00:00
bf2e2d78-f368-4fd8-aeb3-2f7c29f2947c,Cookie Analysis,UNKNOWN,DM_SitId445SecId1819Stress,False,,2025-03-28T02:13:58.035924+00:00
c04d074c-aadd-4b83-989b-9851c935e1e0,Cookie Analysis,UNKNOWN,tvssa,False,,2025-03-28T02:14:28.114653+00:00
60aaedae-92e9-4a00-87ed-20f98fac12e4,Cookie Analysis,UNKNOWN,gid_CAESEJFzlbdtGl_-qvsui-v_SdQ,False,,2025-03-28T02:14:58.043016+00:00
74274267-229c-4cf6-94ab-0f33e7f74791,Cookiepedia,STRICTLY_NECESSARY,ASPSESSIONIDSQRDSSAC,False,,2025-03-28T02:15:28.106853+00:00
f30c6cda-4662-4d75-b27a-243b5d3e4171,Cookie Analysis,UNKNOWN,DM_SitId474,False,,2025-03-28T02:15:58.113410+00:00
48e028f8-d8f9-4238-9569-b71c69676089,Cookie Analysis,UNKNOWN,DM_SitId474SecId2066,False,,2025-03-28T02:16:28.158259+00:00
9a8ee0c6-5501-40ce-a964-cab370c839a0,Cookie Analysis,UNKNOWN,DM_SitId474SecId2057,False,,2025-03-28T02:16:58.220153+00:00
a7963015-1a77-4cd4-84d7-6f9278b153a1,Cookie Analysis,UNKNOWN,DM_SitId474SecId4519,False,,2025-03-28T02:17:28.331582+00:00
89f782db-f66a-4634-a264-32a8f1d01785,Cookie Analysis,UNKNOWN,piskoteu,False,,2025-03-28T02:17:58.374348+00:00
9feb97d6-5f8d-4e95-a6d9-bbc4c940e50b,Open Cookie Database,PERFORMANCE,_ga_R998HEVQ00,True,_ga_,2025-03-28T02:17:58.686308+00:00
5d2d8e67-2fa9-40a7-a7e4-7a5ca9381575,Open Cookie Database,TARGETING,OAGEO,False,,2025-03-28T02:17:58.751972+00:00
274ff83d-a1bf-4687-b350-091b2992bd93,Open Cookie Database,PERFORMANCE,_pk_id.1.c861,True,_pk_id.,2025-03-28T02:17:59.544458+00:00
bd968c4d-d079-43e4-9eab-e94e9a68726a,Open Cookie Database,PERFORMANCE,_pk_ses.1.c861,True,_pk_ses.,2025-03-28T02:17:59.629808+00:00
18c769b6-652f-4226-86a0-15e06d683cf9,Cookie Analysis,UNKNOWN,6144_u,False,,2025-03-28T02:18:28.387909+00:00
fe316bda-c8b6-4920-a385-6a651af128ce,Cookie Analysis,UNKNOWN,6144_s,False,,2025-03-28T02:18:58.133684+00:00
5c8689ec-ac76-4df4-a4ca-57d3420939b1,Cookie Analysis,UNKNOWN,6144_lv,False,,2025-03-28T02:19:28.272342+00:00
ffaca870-80d4-4d1a-ac70-fd6a6998b7ea,Cookie Analysis,UNKNOWN,6144_ut,False,,2025-03-28T02:19:58.311460+00:00
7b8b3957-bc85-4001-ae92-e8b724f44d10,Cookie Analysis,UNKNOWN,DM_SitId470,False,,2025-03-28T02:20:28.257154+00:00
396ec49f-3e4c-42cb-b6a4-86155ecfccc9,Cookie Analysis,UNKNOWN,DM_SitId470SecId2129,False,,2025-03-28T02:20:58.294298+00:00
3d9f5b3c-e85e-4b13-a427-75142ab9e97c,Cookie Analysis,UNKNOWN,DM_SitId470Stress,False,,2025-03-28T02:21:28.383825+00:00
ddb9f9ce-fc90-49c7-b734-8fff1ab12345,Cookie Analysis,UNKNOWN,DM_SitId470SecId2129Stress,False,,2025-03-28T02:21:58.360292+00:00
b4b472d2-8031-49e6-acfa-df2513340793,Cookie Analysis,UNKNOWN,DM_SitId470SecId4516,False,,2025-03-28T02:22:28.345763+00:00
b282080f-ccfa-4d09-a06e-fe3befb28709,Cookie Analysis,UNKNOWN,DM_SitId470SecId4516Stress,False,,2025-03-28T02:22:58.398129+00:00
73deaaee-fb1f-43fd-ade0-103e57018f5b,Open Cookie Database,PERFORMANCE,_ga_M8J2JPFBZH,True,_ga_,2025-03-28T02:22:58.943168+00:00
84a501e5-c9bd-4e46-bcd8-291709ee6b87,Cookie Analysis,UNKNOWN,DM_SitId485,False,,2025-03-28T02:23:28.222027+00:00
bfba76d9-a08a-470b-b872-89bab868a641,Cookie Analysis,UNKNOWN,DM_SitId485SecId2351,False,,2025-03-28T02:23:58.294013+00:00
55236a41-198f-4ce3-a0db-52b2cf905f8b,Open Cookie Database,PERFORMANCE,_ga_8F94878SHC,True,_ga_,2025-03-28T02:23:58.481478+00:00
04aa588e-f2da-4a33-a8dc-819e9bcb5300,Open Cookie Database,PERFORMANCE,_ga_6PJMMQ3M9X,True,_ga_,2025-03-28T02:23:58.748259+00:00
69a2a533-fc20-4dc4-8e7c-bf07e2380ff3,Cookie Analysis,UNKNOWN,DM_SitId451,False,,2025-03-28T02:24:28.331139+00:00
fb25a9d8-b1b4-4b8e-8d63-08c0024daf01,Cookie Analysis,UNKNOWN,DM_SitId451SecId1825,False,,2025-03-28T02:24:58.350560+00:00
22b629a4-193b-49e9-91fa-4d2638244d8b,Cookie Analysis,UNKNOWN,DM_SitId451Stress,False,,2025-03-28T02:25:28.408581+00:00
2ec65e52-f65e-468d-9feb-912408657aee,Cookie Analysis,UNKNOWN,DM_SitId451SecId1825Stress,False,,2025-03-28T02:25:58.357593+00:00
1fb016bf-823d-49dc-b915-58812a32555f,Open Cookie Database,STRICTLY_NECESSARY,XSRF-TOKEN,False,,2025-03-28T02:25:58.873219+00:00
1bd21c2f-2904-47a6-951f-e7df1bf441bb,Cookie Analysis,UNKNOWN,ex_session,False,,2025-03-28T02:26:28.444484+00:00
0215fc1e-eb7b-46aa-bc8e-27aab6074aa7,Open Cookie Database,PERFORMANCE,_gat_UA-1075557-7,True,_gat,2025-03-28T02:26:28.538226+00:00
1fb2ef44-3637-4cf4-ba9d-028c4f6e970e,Cookie Analysis,UNKNOWN,DM_SitId410,False,,2025-03-28T02:26:58.399680+00:00
c7e624e1-b7a7-49bb-b9c6-0d6cb8ee2821,Cookie Analysis,UNKNOWN,DM_SitId410SecId1784,False,,2025-03-28T02:27:28.395814+00:00
dd97f62b-52eb-4aec-a92a-a26419c8f6ea,Open Cookie Database,PERFORMANCE,_ga_DYBLKY9EDF,True,_ga_,2025-03-28T02:27:28.442689+00:00
c18ad334-486a-401d-90c4-da885d998ccf,Cookie Analysis,UNKNOWN,DM_SitId410Stress,False,,2025-03-28T02:27:58.490747+00:00
8929a9f7-c083-489a-a49b-0ce6739b8ac8,Cookie Analysis,UNKNOWN,DM_SitId410SecId1784Stress,False,,2025-03-28T02:28:28.447948+00:00
08acec76-bc02-47af-962a-c8d82a184999,Cookie Analysis,UNKNOWN,DM_SitId410SecId1987,False,,2025-03-28T02:28:58.440446+00:00
a7c18214-923c-47b8-b81f-5621d0912f6d,Cookiepedia,TARGETING,OACBLOCK,False,,2025-03-28T02:29:28.451824+00:00
92266910-60ef-40a8-8def-f39217857288,Cookiepedia,TARGETING,OASCCAP,False,,2025-03-28T02:29:58.520842+00:00
d0398d77-1ebd-407a-9c9c-048a8655ad32,Cookie Analysis,UNKNOWN,_OASCCAP[1435],False,,2025-03-28T02:30:28.488411+00:00
5e889a7a-d9f6-4848-bae8-436a85da06fe,Cookie Analysis,UNKNOWN,DM_SitId410SecId1990,False,,2025-03-28T02:30:58.496947+00:00
2da6c25a-9dd4-436b-ad73-41f1e7f91153,Cookie Analysis,UNKNOWN,DM_SitId410SecId1992,False,,2025-03-28T02:31:28.484414+00:00
88983784-7dc0-4ba3-bfce-c743f105321d,Open Cookie Database,PERFORMANCE,sbjs_migrations,False,,2025-03-28T02:31:29.350211+00:00
98ca4b74-6732-4694-bb5a-ec403b902d20,Open Cookie Database,PERFORMANCE,sbjs_current_add,False,,2025-03-28T02:31:29.384625+00:00
de2c2f35-c3c6-48db-b277-50dc9ad72111,Open Cookie Database,PERFORMANCE,sbjs_first_add,False,,2025-03-28T02:31:29.429502+00:00
c652fba9-4475-4460-b859-f64f60eea531,Open Cookie Database,PERFORMANCE,sbjs_current,False,,2025-03-28T02:31:29.497606+00:00
ef9757bf-9bfc-4fb7-8599-aed65e100508,Open Cookie Database,PERFORMANCE,sbjs_first,False,,2025-03-28T02:31:29.529773+00:00
135b9846-3138-4514-a1a2-91a506af660c,Open Cookie Database,PERFORMANCE,sbjs_udata,False,,2025-03-28T02:31:29.579455+00:00
4d20f150-7137-4544-a077-499f6efcaa6a,Open Cookie Database,PERFORMANCE,sbjs_session,False,,2025-03-28T02:31:29.629079+00:00
89b8eded-91bb-4796-8a64-55b8a0a7c766,Open Cookie Database,TARGETING,euconsent,False,,2025-03-28T02:31:29.906320+00:00
e390ef60-ca0c-478f-a40a-2a89acfe4912,Open Cookie Database,PERFORMANCE,_ga_YHEV065BP4,True,_ga_,2025-03-28T02:31:30.014919+00:00
20ab268a-9a51-479f-b5e1-cce8d2a11f93,Cookie Analysis,UNKNOWN,DM_SitId1834,False,,2025-03-28T02:31:58.504672+00:00
e221d336-f003-4876-9f54-9cace86e35a8,Cookie Analysis,UNKNOWN,DM_SitId1834SecId14526,False,,2025-03-28T02:32:28.621566+00:00
e9e7eb05-98fa-4cd8-abbe-f328946348e9,Cookie Analysis,UNKNOWN,DM_SitId1834Stress,False,,2025-03-28T02:32:58.552053+00:00
ebb0b567-4d60-4f03-9bc8-f42ef787b966,Cookie Analysis,UNKNOWN,DM_SitId1834SecId14526Stress,False,,2025-03-28T02:33:28.501756+00:00
c78dfbcb-ccb9-4ccc-a270-b7e745cf3aab,Cookie Analysis,UNKNOWN,cid_263bad8fd35f457d8b4d17854dd41bd4,False,,2025-03-28T02:33:58.552754+00:00
b5a6dbf5-9d42-46eb-9037-5c5e538266e3,Cookie Analysis,UNKNOWN,pys_session_limit,False,,2025-03-28T02:34:28.532965+00:00
ea620623-1cd9-4a3e-a21e-1c124260fe1a,Cookie Analysis,UNKNOWN,pys_start_session,False,,2025-03-28T02:34:58.597959+00:00
6db97cb2-41c8-4a1b-a64b-32f9c91ec6eb,Cookie Analysis,UNKNOWN,pys_first_visit,False,,2025-03-28T02:35:28.583101+00:00
1266a7c7-b7e8-4b9f-a6d4-3e10bdbdf48b,Cookie Database,PERFORMANCE,pysTrafficSource,False,,2025-03-28T02:35:29.538540+00:00
fa2d21c1-7a9d-4b12-8f69-e753705179ec,Cookie Database,PERFORMANCE,pys_landing_page,False,,2025-03-28T02:35:39.563878+00:00
72dcb80c-44c4-4e1f-84f2-733a66511b01,Cookie Analysis,UNKNOWN,last_pysTrafficSource,False,,2025-03-28T02:35:58.538509+00:00
c25ae7bf-554f-4e47-8aef-88f39514f2c5,Cookie Analysis,UNKNOWN,last_pys_landing_page,False,,2025-03-28T02:36:28.598733+00:00
0b41fce1-1236-4f5f-8a54-ad2c6b069a24,Cookie Analysis,UNKNOWN,gv,False,,2025-03-28T02:36:58.595743+00:00
d9d87e56-7066-448a-b742-762791cb9dc3,Open Cookie Database,TARGETING,CM,False,,2025-03-28T02:36:58.986367+00:00
b5eb9821-468a-4ec8-b377-641151688791,Open Cookie Database,TARGETING,uid-bp-617,True,uid-bp-,2025-03-28T02:36:59.048867+00:00
8ee55629-bfb0-4564-9612-c1e5989e8ba4,Open Cookie Database,TARGETING,matchadform,False,,2025-03-28T02:36:59.080118+00:00
99e971e8-752e-4679-b965-4f55c7511a87,Cookie Analysis,UNKNOWN,SCM1001213,False,,2025-03-28T02:37:28.544921+00:00
6fdaf632-0fd3-4f9e-89a4-3cb8a439f735,Cookie Analysis,UNKNOWN,SCMt,False,,2025-03-28T02:37:58.579216+00:00
970ea18a-5b72-4a95-958f-d5f20cf44754,Open Cookie Database,TARGETING,arcki2_GDPR_CONSENT,True,arcki2,2025-03-28T02:37:58.683691+00:00
0522fe12-9546-4fff-aafe-84a7fd93c23c,Open Cookie Database,TARGETING,arcki2_azerion,True,arcki2,2025-03-28T02:37:58.793032+00:00
55be3381-2c69-4ecd-9dd5-ee045e866545,Cookie Analysis,UNKNOWN,SCMco,False,,2025-03-28T02:38:28.616366+00:00
155bedb8-201c-4142-951a-ec7c6be46b64,Open Cookie Database,TARGETING,uu,False,,2025-03-28T02:38:28.710181+00:00
8de20497-3ff5-4419-ba13-6d07cd1ebab0,Open Cookie Database,TARGETING,tu,False,,2025-03-28T02:38:28.756996+00:00
d043c8e8-2a93-459d-a9dd-f7c03d22744e,Cookie Analysis,UNKNOWN,lijitPage_14day_c026,False,,2025-03-28T02:38:58.577160+00:00
a2d5218e-1755-4b38-b01c-c209f4dd927e,Cookie Analysis,UNKNOWN,lijitPage_default_c026,False,,2025-03-28T02:39:28.604364+00:00
40352fe2-5183-4431-9234-6d64601e2dd1,Cookie Analysis,UNKNOWN,lijitBcnLcy,False,,2025-03-28T02:39:58.627508+00:00
8c4d8f1e-f3ec-417b-811e-c2e05063bfd8,Cookie Analysis,UNKNOWN,lijitAcc3PC,False,,2025-03-28T02:40:28.550659+00:00
b3112115-aaa4-4963-b811-6fa72825ea7e,Cookie Analysis,UNKNOWN,advanced_ads_visitor,False,,2025-03-28T02:40:58.568724+00:00
cf69b435-5f78-421b-906c-4040f4440aa4,Cookie Analysis,UNKNOWN,DM_SitId1843,False,,2025-03-28T02:41:28.626026+00:00
07a7bab4-7279-4354-9e30-36320cb2147e,Cookie Analysis,UNKNOWN,DM_SitId1843SecId14570,False,,2025-03-28T02:41:58.642979+00:00
aa40f5c0-65c2-4e69-8924-15b58a3f14b8,Cookie Analysis,UNKNOWN,DM_SitId1843Stress,False,,2025-03-28T02:42:28.669572+00:00
8aef0849-3427-41e4-8526-a06761991131,Cookie Analysis,UNKNOWN,DM_SitId1843SecId14570Stress,False,,2025-03-28T02:42:58.619456+00:00
97838b1c-3530-4bff-9076-4407e35dcd06,Open Cookie Database,STRICTLY_NECESSARY,moove_gdpr_popup,False,,2025-03-28T02:42:58.684726+00:00
ba293935-b678-466f-a44f-2554e7b0a431,Open Cookie Database,PERFORMANCE,_ga_41ZEN64CNQ,True,_ga_,2025-03-28T02:42:58.750654+00:00
d80a04fd-ec5c-42e8-902c-1307df953055,Cookie Analysis,UNKNOWN,__utmt_UA-2726090-1,False,,2025-03-28T02:43:28.632679+00:00
36bf2a32-d17f-4e50-a7c4-827071d87eb6,Open Cookie Database,STRICTLY_NECESSARY,_hjSessionUser_276119,True,_hjSessionUser_,2025-03-28T02:43:28.726429+00:00
25af6da3-5bf0-45aa-8ab4-36b3da619a34,Open Cookie Database,STRICTLY_NECESSARY,_hjSession_276119,True,_hjSession_,2025-03-28T02:43:28.773305+00:00
7d5610a2-c208-441b-bd22-ae59fcc744b3,Cookie Analysis,UNKNOWN,DM_SitId409,False,,2025-03-28T02:43:58.621156+00:00
42783263-6b8c-4d54-be0f-d81a3ee154ee,Cookie Analysis,UNKNOWN,DM_SitId409SecId1783,False,,2025-03-28T02:44:28.637384+00:00
a86f8f8c-a4f5-4cee-8949-fe0b6b4265e6,Open Cookie Database,PERFORMANCE,_ga_E0ZL7VMNYP,True,_ga_,2025-03-28T02:44:28.694432+00:00
b3dcf70f-e4a3-4843-91d3-fb0e7a0c61e5,Cookie Analysis,UNKNOWN,DM_SitId409Stress,False,,2025-03-28T02:44:58.597454+00:00
850dcab3-c18e-4c04-a44b-028c938fecce,Cookie Analysis,UNKNOWN,DM_SitId409SecId1783Stress,False,,2025-03-28T02:45:28.716544+00:00
05f8ae78-214b-4c23-8889-9abcb1227d9d,Cookie Analysis,UNKNOWN,phpbb3_kq4ve_u,False,,2025-03-28T02:45:58.641085+00:00
4ac9b9cb-3c7f-447d-9101-10475768ba82,Cookie Analysis,UNKNOWN,phpbb3_kq4ve_k,False,,2025-03-28T02:46:28.631447+00:00
fcaae142-b011-47a6-ac6a-aaec2bb680ab,Cookie Analysis,UNKNOWN,phpbb3_kq4ve_sid,False,,2025-03-28T02:46:58.656407+00:00
ab31f4ea-a1a3-44c0-af8a-2907951e2310,Cookie Analysis,UNKNOWN,PregnancyTeaserCookie,False,,2025-03-28T02:47:28.888569+00:00
68f5e63e-4b63-4722-aeaf-750d62ac95df,Cookie Analysis,UNKNOWN,Ringaraja%5FSLOmembrowser,False,,2025-03-28T02:47:58.660389+00:00
35422d04-0873-4307-ae70-07d789e20b12,Cookiepedia,STRICTLY_NECESSARY,ASPSESSIONIDAQBSDBCS,False,,2025-03-28T02:48:28.682234+00:00
88637350-6943-43cd-8edc-681cede15ac4,Open Cookie Database,PERFORMANCE,_ga_DDSPEQGYGF,True,_ga_,2025-03-28T02:48:28.751278+00:00
d6c22f08-b6fd-4b7b-b983-69eec5538297,Cookie Analysis,UNKNOWN,DM_SitId461,False,,2025-03-28T02:48:58.691103+00:00
8fb66cc3-2fb4-4989-b28e-0887a59d1214,Cookie Analysis,UNKNOWN,DM_SitId461SecId1874,False,,2025-03-28T02:49:28.680198+00:00
9d4b3657-74ff-4991-9a06-c64220ef6e9f,Cookie Analysis,UNKNOWN,DM_SitId461Stress,False,,2025-03-28T02:49:58.654749+00:00
524cfc48-d46f-4754-9457-bb8bdbfe2786,Cookie Analysis,UNKNOWN,DM_SitId461SecId1874Stress,False,,2025-03-28T02:50:28.697900+00:00
4abdd9db-8b91-4e3c-acba-9f72b652c888,Cookie Analysis,UNKNOWN,DM_SitId461SecId1875,False,,2025-03-28T02:50:58.684624+00:00
6c8c9a9f-6e5a-4312-b30f-f17887ba0d31,Cookie Analysis,UNKNOWN,DM_SitId461SecId1878,False,,2025-03-28T02:51:28.574620+00:00
447dffbc-aaca-45ba-85d4-18233fc73394,Cookie Analysis,UNKNOWN,DM_SitId725,False,,2025-03-28T02:51:58.760850+00:00
88c6cc53-eeb3-4b60-978f-5ed17ae3c51a,Cookie Analysis,UNKNOWN,DM_SitId725SecId4027,False,,2025-03-28T02:52:28.643540+00:00
b56e10c7-7b53-4479-9196-e557de6610b7,Cookie Analysis,UNKNOWN,DM_SitId725Stress,False,,2025-03-28T02:52:58.710779+00:00
1376e33c-378f-4d94-a130-e4321586065a,Cookie Analysis,UNKNOWN,DM_SitId725SecId4027Stress,False,,2025-03-28T02:53:28.739298+00:00
552257c7-06c2-4056-9525-c394f8e097c5,Open Cookie Database,PERFORMANCE,_ga_VE9DL697FW,True,_ga_,2025-03-28T02:53:28.789657+00:00
bade98f7-031e-4ad7-9304-19cb33e08cf7,Open Cookie Database,STRICTLY_NECESSARY,cmplz_consented_services,False,,2025-03-28T02:53:29.193400+00:00
8d7e9f91-0e43-4c24-ad27-79fc57725cc0,Open Cookie Database,STRICTLY_NECESSARY,cmplz_policy_id,False,,2025-03-28T02:53:29.228714+00:00
21d87d70-0b06-401d-abf4-9f32b2c73fd1,Open Cookie Database,STRICTLY_NECESSARY,cmplz_marketing,False,,2025-03-28T02:53:29.264724+00:00
81556c89-5f0d-4909-adab-9bf2396643db,Open Cookie Database,STRICTLY_NECESSARY,cmplz_statistics,False,,2025-03-28T02:53:29.302252+00:00
23b09e0d-974c-4ccb-b636-3df640f370bd,Open Cookie Database,STRICTLY_NECESSARY,cmplz_preferences,False,,2025-03-28T02:53:29.340177+00:00
e6d1271b-1bd5-4b1c-ad47-52c56e5f4d32,Open Cookie Database,STRICTLY_NECESSARY,cmplz_functional,False,,2025-03-28T02:53:29.376737+00:00
8b42c6a1-68ad-4a9b-8eb8-066ca7ab2add,Open Cookie Database,STRICTLY_NECESSARY,cmplz_banner-status,False,,2025-03-28T02:53:29.411656+00:00
b90e3f57-f902-46c5-9b0d-72036228d6b2,Cookie Analysis,UNKNOWN,DM_SitId739,False,,2025-03-28T02:53:58.693497+00:00
85f4579d-efcd-482e-b081-2b24b21f06fb,Cookie Analysis,UNKNOWN,DM_SitId739SecId4155,False,,2025-03-28T02:54:28.801150+00:00
0229a050-ffcb-4b62-91c4-b6f3abaa2d7f,Cookie Analysis,UNKNOWN,DM_SitId739Stress,False,,2025-03-28T02:54:58.706133+00:00
91e59186-bbf9-43c4-bc1f-f20b236f1d3e,Cookie Analysis,UNKNOWN,DM_SitId739SecId4155Stress,False,,2025-03-28T02:55:28.740783+00:00
8124e9de-c463-4d93-a791-32ba8bec387b,Open Cookie Database,PERFORMANCE,_ga_0N0C6RL7P3,True,_ga_,2025-03-28T02:55:28.850191+00:00
6abd8692-7716-47da-beff-acfddf0e56bc,Cookie Analysis,UNKNOWN,Moja leta_Lang_Zone_2,False,,2025-03-28T02:55:58.899975+00:00
2179882c-3432-4ce3-a20b-e985e86e29e3,Cookie Analysis,UNKNOWN,Moja leta_Lang,False,,2025-03-28T02:56:28.821937+00:00
f7619b2a-d7f4-4e55-87c7-a954a6a5d68e,Cookie Analysis,UNKNOWN,Moja leta_Culture,False,,2025-03-28T02:56:58.833080+00:00
c1970b46-2998-4675-883d-fbf08118276c,Cookie Analysis,UNKNOWN,Moja leta_AdminLang,False,,2025-03-28T02:57:28.928666+00:00
189d6305-beca-4a93-95fa-eaa9693620a7,Cookie Analysis,UNKNOWN,Moja leta_Lang_Zone_1,False,,2025-03-28T02:57:58.831314+00:00
0330d9a0-5b28-464a-8e63-7c9b17ec48aa,Open Cookie Database,PERFORMANCE,_ga_GF5HG3E28H,True,_ga_,2025-03-28T02:57:58.893814+00:00
a14a6033-7495-4174-b288-1d53ba5d5776,Cookie Analysis,UNKNOWN,DM_SitId811,False,,2025-03-28T02:58:28.835343+00:00
9a709e25-4ce3-44ea-a91d-94100833b1ee,Cookie Analysis,UNKNOWN,DM_SitId811SecId4246,False,,2025-03-28T02:58:58.870547+00:00
38712755-040f-4646-bb98-5baf8fc37ba8,Open Cookie Database,PERFORMANCE,_gat_UA-1075557-8,True,_gat,2025-03-28T02:59:00.213764+00:00
3174bb20-be94-4485-a5ba-d27a83875d0a,Cookie Analysis,UNKNOWN,DM_SitId411,False,,2025-03-28T02:59:28.959296+00:00
17875008-7fd0-486d-8e6d-7f041cba7470,Cookie Analysis,UNKNOWN,DM_SitId411SecId1785,False,,2025-03-28T02:59:58.880575+00:00
1cf94d04-e455-4d7f-b4e0-87dcc27fa4e0,Open Cookie Database,PERFORMANCE,_ga_ST1RXDRPC8,True,_ga_,2025-03-28T02:59:58.927488+00:00
b91189ba-db77-4a76-806e-5ee4eaa130a2,Cookie Analysis,UNKNOWN,DM_SitId411Stress,False,,2025-03-28T03:00:28.868340+00:00
cd4464fc-22b9-4c25-92c1-0f84b6517ab7,Cookie Analysis,UNKNOWN,DM_SitId411SecId1785Stress,False,,2025-03-28T03:00:58.783011+00:00
68ade2d2-b9ba-4780-8537-42f5098ff67a,Cookie Analysis,UNKNOWN,DM_SitId411SecId1995,False,,2025-03-28T03:01:28.923720+00:00
1f12b7aa-527b-4066-adc8-fb2e6c1365ca,Cookie Analysis,UNKNOWN,Planet-Lepote,False,,2025-03-28T03:01:58.910536+00:00
0209baee-8221-4d5a-b66c-1d19f35ca5e6,Open Cookie Database,PERFORMANCE,_ga_BEJV3TVE8Q,True,_ga_,2025-03-28T03:01:58.978300+00:00
1a8a922b-d8ea-4f6f-bf10-fb04efaf43bd,Cookie Analysis,UNKNOWN,__smVID,False,,2025-03-28T03:02:29.197500+00:00
96e0cfb0-5721-4303-a90c-961aee0fa10d,Cookie Analysis,UNKNOWN,DM_SitId628,False,,2025-03-28T03:02:58.941654+00:00
b84a663e-77ce-4df8-9b43-74e64f36256b,Cookie Analysis,UNKNOWN,DM_SitId628SecId3351,False,,2025-03-28T03:03:28.981528+00:00
7e6e962f-52c5-4903-9217-8bd668a0c49f,Cookie Analysis,UNKNOWN,DM_SitId628Stress,False,,2025-03-28T03:03:58.941577+00:00
140b69c8-3797-4908-8242-215c80e26f69,Cookie Analysis,UNKNOWN,DM_SitId628SecId3351Stress,False,,2025-03-28T03:04:28.991136+00:00
fce53ef5-4fd3-4786-8dec-fcaed64df547,Cookie Analysis,UNKNOWN,cid_9aa9ef13349a48e195864b5b14679ca4,False,,2025-03-28T03:04:59.007847+00:00
759a6855-3bed-4c64-8300-f3404130fb1d,Cookie Analysis,UNKNOWN,gid_CAESEKXT24kgZPpwNQDguuSl0Fw,False,,2025-03-28T03:05:28.982937+00:00
fe777efc-b0c5-4726-b4a0-87a11792ff51,Cookie Analysis,UNKNOWN,cid_7268026167b04516835bba6664c21cba,False,,2025-03-28T03:05:58.930573+00:00
37babee8-52f5-41ce-9fd7-de5299e9522d,Cookie Analysis,UNKNOWN,cid_ac8f70c2ccb04caeb123202d389eb3f4,False,,2025-03-28T03:06:29.024634+00:00
48751a5b-3fe9-44da-b612-d8a3ecfce03d,Cookie Analysis,UNKNOWN,bhc,False,,2025-03-28T03:06:59.006944+00:00
3752a7ee-cbd7-4ac0-a9c8-b96976a116bf,Cookie Analysis,UNKNOWN,viva.bhc.si_ga_7GNVD6EDD5,False,,2025-03-28T03:07:29.061103+00:00
640a4f16-1584-4112-93fb-1909b831c409,Cookie Analysis,UNKNOWN,viva.bhc.si_ga,False,,2025-03-28T03:07:59.027086+00:00
a6fd6b3c-5e2c-4f1e-a8f7-2c1ba1a7815f,Cookie Analysis,UNKNOWN,DM_SitId1980,False,,2025-03-28T03:08:29.053597+00:00
f81ddbfa-cde9-4601-9885-a7e9e709d447,Cookie Analysis,UNKNOWN,DM_SitId1980SecId15269,False,,2025-03-28T03:08:59.047097+00:00
9f56d478-23b9-4c18-9852-6d0cc5b98030,Cookie Analysis,UNKNOWN,regwall,False,,2025-03-28T03:09:29.017862+00:00
52ebd2e7-8b93-44f0-80db-dd630220dd5d,Open Cookie Database,PERFORMANCE,_ga_1234567890,True,_ga_,2025-03-28T03:09:29.267901+00:00
3dafd152-9469-42af-b368-44d3aa6674c2,Open Cookie Database,STRICTLY_NECESSARY,OptanonAlertBoxClosed,False,,2025-03-28T03:09:29.799142+00:00
5c91baf4-ff76-4697-af6c-49d89bdad0d4,Open Cookie Database,PERFORMANCE,_gat_ga_0,True,_gat,2025-03-28T03:09:29.846024+00:00
c0c7fb17-0a5c-4b5d-a003-b8f05aae84d3,Open Cookie Database,PERFORMANCE,_gat_ga_1,True,_gat,2025-03-28T03:09:29.892897+00:00
c26a8287-a3ef-485c-b235-49b006206d18,Cookie Database,TARGETING,eupubconsent-v2,False,,2025-03-28T03:09:30.795351+00:00
36d9ce3f-acb9-4a5e-8542-74d87f1eff90,Open Cookie Database,PERFORMANCE,_ga_DK0CLDWFTX,True,_ga_,2025-03-28T03:09:30.967147+00:00
d13a5aeb-7fb5-4c25-8228-fa4be7c40f6b,Cookie Analysis,UNKNOWN,DM_SitId404,False,,2025-03-28T03:09:59.112640+00:00
7e5a107f-4df0-4bfb-9165-5a241ec35eeb,Cookie Analysis,UNKNOWN,DM_SitId404SecId1778,False,,2025-03-28T03:10:29.053977+00:00
cdb32bc2-f76e-45c8-8fc1-bfeb58781a09,Cookie Analysis,UNKNOWN,DM_SitId404Stress,False,,2025-03-28T03:10:59.065074+00:00
9bd0db7e-9d42-4a44-9d36-21b81afe39d2,Cookie Analysis,UNKNOWN,DM_SitId404SecId1778Stress,False,,2025-03-28T03:11:29.065286+00:00
c7a644c2-b9bb-4aee-a13e-f9cd7781cbd5,Open Cookie Database,TARGETING,ttwid,False,,2025-03-28T03:11:29.874670+00:00
4fe6a5b2-3afe-4988-8440-ce1f251b6308,Open Cookie Database,TARGETING,msToken,False,,2025-03-28T03:11:29.905918+00:00
6b7a6ee2-e007-4dd9-8ec8-92d39899c1fc,Cookie Analysis,UNKNOWN,mediacookie,False,,2025-03-28T03:11:59.059162+00:00
051acd70-116d-4b30-af9f-7d0c3e3de713,Cookie Analysis,UNKNOWN,performancecookie,False,,2025-03-28T03:12:29.132680+00:00
1a789247-9e16-4bcc-bf99-b14eb53ff3ce,Cookie Analysis,UNKNOWN,DM_SitId441,False,,2025-03-28T03:12:59.149389+00:00
6b2eff60-dd87-4d8c-b557-6beb8bfe0ab0,Cookie Analysis,UNKNOWN,DM_SitId441SecId1815,False,,2025-03-28T03:13:29.104853+00:00
a17a87ba-56a8-468b-a44c-a0907b00bacb,Cookie Analysis,UNKNOWN,DM_SitId441Stress,False,,2025-03-28T03:13:59.124360+00:00
cc6c568a-d3cc-4772-95c1-8fbd1fae2455,Cookie Analysis,UNKNOWN,DM_SitId441SecId1815Stress,False,,2025-03-28T03:14:29.109532+00:00
e9523141-3052-45e3-ba2f-9e9582186a46,Open Cookie Database,PERFORMANCE,_ga_PNBXJWS2SK,True,_ga_,2025-03-28T03:14:29.203290+00:00
7f568391-eb3a-4fe8-9faf-7d31c7b82912,Open Cookie Database,PERFORMANCE,_gat_gtag_UA_974018_1,True,_gat_gtag_,2025-03-28T03:14:29.375154+00:00
410098b0-2863-4628-bc97-3e5df1133fcf,Open Cookie Database,PERFORMANCE,_ga_9WKLPTVLK4,True,_ga_,2025-03-28T03:14:29.468905+00:00
2a596a1a-b60f-4c23-8a65-15fce8dcb823,Open Cookie Database,STRICTLY_NECESSARY,cookieconsent_status,False,,2025-03-28T03:14:30.015781+00:00
c3701522-a405-45af-a229-435be1371d6d,Open Cookie Database,STRICTLY_NECESSARY,_hjSessionUser_899322,True,_hjSessionUser_,2025-03-28T03:14:30.218906+00:00
58700bfa-d2cc-4468-962b-b3e1a69d0791,Open Cookie Database,STRICTLY_NECESSARY,_hjSession_899322,True,_hjSession_,2025-03-28T03:14:30.281405+00:00
08435f31-3251-4326-99fd-fcc767298cb2,Cookie Analysis,UNKNOWN,DM_SitId405,False,,2025-03-28T03:14:59.152682+00:00
44cfd6b3-eb98-4bd4-9687-0ba1601f5ae0,Cookie Analysis,UNKNOWN,DM_SitId405SecId1779,False,,2025-03-28T03:15:29.163031+00:00
19a34a48-8935-48e5-b02e-cea88b38d675,Cookie Analysis,UNKNOWN,DM_SitId405Stress,False,,2025-03-28T03:15:59.119447+00:00
3e598ca1-6e21-4200-9df5-2ae57110f46c,Cookie Analysis,UNKNOWN,DM_SitId405SecId1779Stress,False,,2025-03-28T03:16:29.087282+00:00
62a2c150-c558-481c-a970-53670f576510,Open Cookie Database,STRICTLY_NECESSARY,cookielawinfo-checkbox-necessary,False,,2025-03-28T03:16:29.384160+00:00
2b4f8a1a-e685-4361-ad05-a25d2ad64d44,Open Cookie Database,STRICTLY_NECESSARY,cookielawinfo-checkbox-non-necessary,False,,2025-03-28T03:16:29.431032+00:00
a28107c4-24fe-4e09-bdb5-f657485482d3,Open Cookie Database,PERFORMANCE,_gat_gtag_UA_123402808_1,True,_gat_gtag_,2025-03-28T03:16:29.477907+00:00
86371e71-bba8-43f0-be72-958645d64563,Open Cookie Database,PERFORMANCE,_ga_EJXMTC3DK4,True,_ga_,2025-03-28T03:16:29.546144+00:00
3dadcdb6-389e-41d6-9a88-df4591ede543,Open Cookie Database,STRICTLY_NECESSARY,CookieLawInfoConsent,False,,2025-03-28T03:16:29.833388+00:00
801766e0-6c9d-493b-b87e-38aa3edf17cb,Open Cookie Database,STRICTLY_NECESSARY,viewed_cookie_policy,False,,2025-03-28T03:16:29.890186+00:00
17f43369-4982-4696-a49f-faa06489eda1,Cookie Analysis,UNKNOWN,CMSSESSIDe31c9d43a47e,False,,2025-03-28T03:16:59.182221+00:00
bd3aca67-00d8-410f-b37b-ab349e0b8f1c,Cookiepedia,STRICTLY_NECESSARY,cookie_consent,False,,2025-03-28T03:17:29.215767+00:00
e7a40366-a2f3-4498-b3e7-7a707994b57d,Open Cookie Database,PERFORMANCE,_ga_V9TN7BQ5TV,True,_ga_,2025-03-28T03:17:29.388216+00:00
58b5a00e-599d-4459-b6a2-af1f72bbff66,Cookie Analysis,UNKNOWN,a6b2d2b26b3bd00ccf0e56cc821fb8bd,False,,2025-03-28T03:17:59.191913+00:00
13f74754-6cca-4f22-9717-dd3e02cbeb3e,Cookie Analysis,UNKNOWN,gdpr_agreements,False,,2025-03-28T03:18:29.215159+00:00
20e4e9bb-882d-4f1e-8497-aa7fa3b8a755,Open Cookie Database,TARGETING,s,False,,2025-03-28T03:18:29.362587+00:00
ce9343fe-29e9-458c-a424-f7785f2bcbac,Cookiepedia,STRICTLY_NECESSARY,secure_customer_sig,False,,2025-03-28T03:18:59.222900+00:00
0761f94d-5b41-4084-8107-10630498a7d4,Open Cookie Database,STRICTLY_NECESSARY,localization,False,,2025-03-28T03:18:59.254150+00:00
402c505b-b096-46a6-93ed-c68b835ae624,Open Cookie Database,TARGETING,_tracking_consent,False,,2025-03-28T03:18:59.285400+00:00
c4d92f4a-2721-427d-af86-5fe11277208d,Open Cookie Database,PERFORMANCE,_ga_7SJKRJ1Y7S,True,_ga_,2025-03-28T03:18:59.347901+00:00
09c8187c-32aa-414e-82cb-63cb97bc39c3,Cookie Analysis,UNKNOWN,_ply,False,,2025-03-28T03:19:29.232193+00:00
35f7e524-5f5f-41d8-84a0-ebb7ef215ecd,Cookiepedia,STRICTLY_NECESSARY,fsb_previous_pathname,False,,2025-03-28T03:19:59.257513+00:00
24a5c877-ac2c-455b-b1c9-c54e876f3d42,Cookie Analysis,UNKNOWN,fsb_total_price_requires_shipping_477667,False,,2025-03-28T03:20:29.230049+00:00
be04d49d-b0fd-4be7-9e3e-13e75fce30b7,Cookie Analysis,UNKNOWN,cdv,False,,2025-03-28T03:20:59.256230+00:00
9f3e7be1-2013-4380-b2b2-0288ebf98e89,Cookiepedia,FUNCTIONALITY,scarab.visitor,False,,2025-03-28T03:21:29.233193+00:00
8de5dfb5-f61e-4d54-97cc-94c5af58e50a,Cookiepedia,FUNCTIONALITY,xp,False,,2025-03-28T03:21:59.237731+00:00
97bb6e00-4805-4af0-95d2-591fdcd22ea3,Open Cookie Database,STRICTLY_NECESSARY,keep_alive,False,,2025-03-28T03:21:59.268984+00:00
1a1e477a-18ca-419f-95b6-b97254fe0e68,Cookie Analysis,UNKNOWN,fsb_total_price_477667,False,,2025-03-28T03:22:29.252697+00:00
051098bc-7f54-46ab-a052-567fa63cffe2,Cookiepedia,FUNCTIONALITY,scarab.profile,False,,2025-03-28T03:22:59.253722+00:00
1cdd0269-e9d3-4639-b70f-1337b84e540f,Open Cookie Database,PERFORMANCE,_shopify_y,False,,2025-03-28T03:22:59.644387+00:00
6863f5ed-1034-4363-a5cb-2c2876336202,Open Cookie Database,PERFORMANCE,_shopify_s,False,,2025-03-28T03:22:59.675638+00:00
7e412ec4-121f-4284-a6ed-4de6bf384d9c,Open Cookie Database,TARGETING,_orig_referrer,False,,2025-03-28T03:22:59.706848+00:00
2ddcce07-fcdd-49f4-98ee-a0950b28f821,Open Cookie Database,TARGETING,_landing_page,False,,2025-03-28T03:22:59.753722+00:00
bcaacb69-9b57-47ba-9a96-85656967b211,Open Cookie Database,TARGETING,_shopify_sa_t,False,,2025-03-28T03:22:59.784974+00:00
08fcbba7-7ecf-45e3-91b4-78963592d8e6,Open Cookie Database,PERFORMANCE,_shopify_sa_p,False,,2025-03-28T03:22:59.831846+00:00
88bc0c4f-4b0e-4e5a-93d3-696a364ca36e,Open Cookie Database,PERFORMANCE,_ga_134HM4W3JF,True,_ga_,2025-03-28T03:22:59.878721+00:00
053e3374-e428-4854-84b6-717f8dbeb188,Open Cookie Database,PERFORMANCE,_ga_9EDFYXX9K8,True,_ga_,2025-03-28T03:22:59.925597+00:00
02b5e57c-c7e5-47ab-b208-2050e8e81f95,Open Cookie Database,PERFORMANCE,_ga_6PXG9G1S83,True,_ga_,2025-03-28T03:23:00.800596+00:00
a8e98d1c-789f-4bc6-bd3c-5f0d599dd60d,Open Cookie Database,STRICTLY_NECESSARY,m,False,,2025-03-28T03:23:01.019348+00:00
089789a1-43fc-4f74-99d5-3866a046be88,Open Cookie Database,STRICTLY_NECESSARY,__stripe_mid,False,,2025-03-28T03:23:01.050599+00:00
44c53959-0f03-495d-b77b-c46db80f8d9f,Open Cookie Database,STRICTLY_NECESSARY,__stripe_sid,False,,2025-03-28T03:23:01.102665+00:00
2657d94e-1752-4b75-89af-45b96ac7b163,Open Cookie Database,STRICTLY_NECESSARY,woocommerce_recently_viewed,False,,2025-03-28T03:23:01.151896+00:00
f45f6778-c9a0-44af-b068-fab7d4ec4644,Cookie Analysis,UNKNOWN,globalSession,False,,2025-03-28T03:23:29.250263+00:00
1f94f15d-70c0-4dea-9f9c-bc3f4ea58f9a,Open Cookie Database,STRICTLY_NECESSARY,device_id,False,,2025-03-28T03:23:29.297155+00:00
18972d41-2b2d-4d60-a0ab-d8aa79e3e4c4,Cookie Analysis,UNKNOWN,cookies_consent,False,,2025-03-28T03:23:59.307704+00:00
9f1e82c2-4aaa-4b49-ab58-2449e601c30b,Cookiepedia,FUNCTIONALITY,cc_analytics,False,,2025-03-28T03:24:29.323430+00:00
a3d60bdf-86f2-4ea8-9d57-58a1703ebe36,Cookie Analysis,UNKNOWN,cc_ads,False,,2025-03-28T03:24:59.331805+00:00
7ec5b3c6-1ca1-4d24-815b-00b344f8f5b5,Open Cookie Database,PERFORMANCE,_ga_8F8W6VJWTF,True,_ga_,2025-03-28T03:24:59.470360+00:00
07e47852-02bb-41b4-92ad-4f9f10705781,Open Cookie Database,PERFORMANCE,_ga_JR9WBX4ZSP,True,_ga_,2025-03-28T03:24:59.515036+00:00
b3ef8f6a-0857-4f9c-b18f-aabdf84fe41d,Cookiepedia,PERFORMANCE,WZRK_G,False,,2025-03-28T03:25:29.339443+00:00
33cbf03d-f04f-4755-b1f6-065d04f45844,Cookie Analysis,UNKNOWN,WZRK_S_6ZR-KK8-K96Z,False,,2025-03-28T03:25:59.248691+00:00
e2d841bb-6266-4beb-af2d-0f801e9aee7f,Cookie Analysis,UNKNOWN,CLIENT_SHOP,False,,2025-03-28T03:26:29.271428+00:00
d8db77c5-1761-497c-a496-6f7630d5261a,Open Cookie Database,PERFORMANCE,_gat_gtag_UA_196817537_1,True,_gat_gtag_,2025-03-28T03:26:29.374050+00:00
35cd372c-d8dc-45dc-9c81-4c36736b541d,Open Cookie Database,PERFORMANCE,_ga_4D694YTL39,True,_ga_,2025-03-28T03:26:29.420869+00:00
c182086c-4f76-4a93-be60-e2e32b648312,Cookie Analysis,UNKNOWN,cookie_agree,False,,2025-03-28T03:26:59.361921+00:00
31827273-14f0-4691-b728-2c7b399028c3,Open Cookie Database,TARGETING,__ss,False,,2025-03-28T03:26:59.594866+00:00
748fbb26-aa41-4998-b22c-49f67ad0a5a3,Open Cookie Database,TARGETING,__ss_referrer,False,,2025-03-28T03:26:59.629136+00:00
d53b8cd5-4b8d-45aa-baac-6c55b20c9e85,Open Cookie Database,TARGETING,__ss_tk,False,,2025-03-28T03:26:59.678880+00:00
672d58fb-c94a-46b3-b402-bc6c4a64f95e,Open Cookie Database,TARGETING,koitk,False,,2025-03-28T03:26:59.712310+00:00
51a67429-6998-45ee-a9d0-7c72f367a033,Cookie Analysis,UNKNOWN,__ss_initial_referrer,False,,2025-03-28T03:27:29.370266+00:00
4cf3c911-4b48-4ed8-9dfc-a2e69003ac38,Cookie Analysis,UNKNOWN,klaro,False,,2025-03-28T03:27:59.389957+00:00
0a893de1-9a00-4c9e-9cdf-bb35a95daede,Open Cookie Database,PERFORMANCE,_ga_X686QHVMPM,True,_ga_,2025-03-28T03:27:59.565171+00:00
83b2581d-60ec-4a4e-a07c-055fadef03de,Cookiepedia,FUNCTIONALITY,visited,False,,2025-03-28T03:28:29.475647+00:00
8bbad39d-bf51-4d78-80dd-2e273b079cde,Cookie Analysis,UNKNOWN,_iub_previous_preference_id,False,,2025-03-28T03:28:59.352385+00:00
ca324ab1-56b7-4ce3-93b3-db66f921fdcc,Open Cookie Database,PERFORMANCE,_ga_FY3929R2B0,True,_ga_,2025-03-28T03:28:59.510229+00:00
44526e42-b194-459a-8089-91d2a3691a0c,Open Cookie Database,STRICTLY_NECESSARY,_iub_cs-19482060,True,_iub_cs-,2025-03-28T03:28:59.604573+00:00
8d6c0bdb-2ae1-4b81-9210-2a40e6669f30,Open Cookie Database,PERFORMANCE,_ga_BF8TTJ1H5W,True,_ga_,2025-03-28T03:28:59.785243+00:00
0c1f2a50-b7b7-4fae-8d5f-38ac1f9a8048,Cookie Analysis,UNKNOWN,cookieCheckNS,False,,2025-03-28T03:29:29.233334+00:00
21adb90e-c74f-4edc-86d0-a06480829134,Open Cookie Database,PERFORMANCE,_gat_gtag_UA_53881883_1,True,_gat_gtag_,2025-03-28T03:29:29.566588+00:00
0511d0d0-3184-47ae-b619-bf26a286d11a,Open Cookie Database,STRICTLY_NECESSARY,_hjSessionUser_2823674,True,_hjSessionUser_,2025-03-28T03:29:29.626574+00:00
0aa41acb-52dd-4e5b-87d7-67a84723ebdb,Open Cookie Database,STRICTLY_NECESSARY,_hjSession_2823674,True,_hjSession_,2025-03-28T03:29:29.683166+00:00
02646b0c-1f18-4e05-9795-246355f8d76f,Cookie Analysis,UNKNOWN,MSE_HTTP_REFERER,False,,2025-03-28T03:29:59.362437+00:00
feea0151-7e0c-4e06-9e47-c7c795cde0cb,Cookie Analysis,UNKNOWN,tu_campaign_impression_25282,False,,2025-03-28T03:30:29.380958+00:00
04c9061d-1df8-4972-9b61-383b31767ad5,Open Cookie Database,PERFORMANCE,_ga_00JE4XF66C,True,_ga_,2025-03-28T03:30:29.465572+00:00
e3c7d5bb-a8a3-4868-a410-0290ad670eac,Open Cookie Database,PERFORMANCE,vuid,False,,2025-03-28T03:30:29.715362+00:00
c11572dd-80c7-4a4f-a300-ffe2c86478fd,Cookie Analysis,UNKNOWN,sid_customer_34a28,False,,2025-03-28T03:30:59.384451+00:00
57208bc4-2bea-40b9-a73a-42d3ff82ea9e,Open Cookie Database,PERFORMANCE,_ga_Z83L15KG7M,True,_ga_,2025-03-28T03:30:59.446958+00:00
be4f4759-1518-4d0e-a3a4-c168fd404592,Open Cookie Database,PERFORMANCE,_gat_gtag_UA_7357273_1,True,_gat_gtag_,2025-03-28T03:30:59.821953+00:00
ee99302e-f366-4dac-93ae-8109c316946b,Open Cookie Database,PERFORMANCE,_ga_8KQK0XQWV7,True,_ga_,2025-03-28T03:30:59.868813+00:00
e8392abe-296a-412b-a6a3-dcd05e70d4ab,Cookiepedia,STRICTLY_NECESSARY,session,False,,2025-03-28T03:31:29.456914+00:00
86a14da7-a071-42eb-950e-fa6b90d59010,Cookie Analysis,UNKNOWN,pjAcceptCookie,False,,2025-03-28T03:31:59.405025+00:00
54a0c047-14ff-4874-81dd-dcb4638e123c,Open Cookie Database,PERFORMANCE,_ga_5C6SE0R2KQ,True,_ga_,2025-03-28T03:31:59.500619+00:00
79edaa1f-be72-41ee-923b-3fe11a0e073b,Cookie Analysis,UNKNOWN,cookieconsent_dismissed,False,,2025-03-28T03:32:29.393426+00:00
0c72283b-99cc-400b-8e48-0162b44460a8,Open Cookie Database,PERFORMANCE,_ga_QSJN90WCMG,True,_ga_,2025-03-28T03:32:29.518427+00:00
45330a9a-90af-4a75-b934-02ddeecc7d95,Cookie Analysis,UNKNOWN,cconsent,False,,2025-03-28T03:32:59.449315+00:00
e417b7f8-f06e-4a8f-bb44-8fbb214bc538,Open Cookie Database,PERFORMANCE,_ga_LBPHFCEGGH,True,_ga_,2025-03-28T03:32:59.605567+00:00
27548567-dea2-41ca-a273-d810c8a338b8,Open Cookie Database,PERFORMANCE,_gat_gtag_UA_144080556_1,True,_gat_gtag_,2025-03-28T03:32:59.668064+00:00
fe9f9880-b8cd-47fe-a4ad-66a02b964e4b,Open Cookie Database,STRICTLY_NECESSARY,pll_language,False,,2025-03-28T03:32:59.730571+00:00
8de8dd8d-6694-4c52-a820-87481f89bb5d,Cookie Analysis,UNKNOWN,ncc_id,False,,2025-03-28T03:33:29.350997+00:00
8877bd07-5f30-4ac5-85a5-e86288cbbd14,Cookie Analysis,UNKNOWN,ncs_id,False,,2025-03-28T03:33:59.418368+00:00
2ac63c06-e5f9-45da-a283-55cd1d9c99d1,Cookie Analysis,UNKNOWN,cc_id,False,,2025-03-28T03:34:29.343215+00:00
b160626f-73f5-4238-881b-4a845e9e3444,Open Cookie Database,PERFORMANCE,_gat_gtag_UA_1216694_11,True,_gat_gtag_,2025-03-28T03:34:29.405679+00:00
50a9ca14-e186-4e57-aa99-4e1f8fee4434,Open Cookie Database,PERFORMANCE,_ga_QW6LB91MSH,True,_ga_,2025-03-28T03:34:29.468179+00:00
0ff19e41-71e8-4058-a0fb-d1103955fb30,Cookie Analysis,UNKNOWN,CCTR,False,,2025-03-28T03:34:59.425923+00:00
579b70f4-16ac-4f6c-8419-a960f9dd126f,Open Cookie Database,PERFORMANCE,_ga_K03SZP0S40,True,_ga_,2025-03-28T03:34:59.768413+00:00
14d3a76f-1a3b-4611-85b1-6326af802dfb,Open Cookie Database,STRICTLY_NECESSARY,cookie_notice_accepted,False,,2025-03-28T03:34:59.936105+00:00
f62d6387-ba08-421f-a724-c52ebb8e8b37,Open Cookie Database,PERFORMANCE,_gat_gtag_UA_162616535_1,True,_gat_gtag_,2025-03-28T03:35:00.165272+00:00
8c8aa823-a8d4-4204-9786-4ccc8e498a57,Open Cookie Database,PERFORMANCE,_ga_JF85WY0T0F,True,_ga_,2025-03-28T03:35:00.228689+00:00
568d80d3-6dbe-4016-a28b-37f835b96321,Cookie Database,STRICTLY_NECESSARY,OCSESSID,False,,2025-03-28T03:35:01.461163+00:00
22a72b4a-c1af-4cfc-b3a6-40b3b75402ba,Cookiepedia,FUNCTIONALITY,language,False,,2025-03-28T03:35:29.507312+00:00
88e6aed7-ffe3-444e-91cb-d71a0948dff7,Cookiepedia,FUNCTIONALITY,currency,False,,2025-03-28T03:35:59.462913+00:00
219eda51-a6e9-4002-8f48-83daf3eb84c5,Cookie Analysis,UNKNOWN,acceptedGoogleConsent,False,,2025-03-28T03:36:29.413011+00:00
dbf8034d-2509-4653-b1d0-b7d3f786bd19,Cookie Analysis,UNKNOWN,analytics_storage,False,,2025-03-28T03:36:59.425188+00:00
c75bcd1a-e0c2-431d-be43-9ecb64b3a9de,Cookie Analysis,UNKNOWN,ad_storage,False,,2025-03-28T03:37:29.348563+00:00
4cba30d7-1800-4c42-be1d-ba8ccdc94d3f,Cookie Analysis,UNKNOWN,functionality_storage,False,,2025-03-28T03:37:59.439860+00:00
553752dd-edcf-45d5-8c05-b404df9811f4,Cookie Analysis,UNKNOWN,personalization_storage,False,,2025-03-28T03:38:29.483690+00:00
55e92984-1e72-4759-8065-7e4855a114fb,Cookie Analysis,UNKNOWN,security_storage,False,,2025-03-28T03:38:59.425817+00:00
697aae15-24c0-4144-bcaa-8a9b22cead59,Open Cookie Database,PERFORMANCE,_ym_uid,False,,2025-03-28T03:38:59.550816+00:00
93e919f3-ff90-4d17-bd3f-87a990b2296b,Open Cookie Database,PERFORMANCE,_ym_d,False,,2025-03-28T03:38:59.613318+00:00
85e77880-1bfe-45c4-87dd-9a6cb11faee8,Cookie Analysis,UNKNOWN,sync_cookie_csrf,False,,2025-03-28T03:39:29.462147+00:00
ea873fce-1e8f-4abf-a6f2-7b067c4f6ba2,Open Cookie Database,PERFORMANCE,_ym_isad,False,,2025-03-28T03:39:29.578973+00:00
4c3c3e18-f05e-4f63-99c3-eedbad0c1f38,Cookie Analysis,UNKNOWN,sync_cookie_ok,False,,2025-03-28T03:39:59.410000+00:00
fed3cb2d-1f35-46ad-b339-fa362dba91dc,Cookie Analysis,UNKNOWN,yp,False,,2025-03-28T03:40:29.495343+00:00
dd009c2d-f0db-43a6-8cc5-d0cd19b85543,Open Cookie Database,PERFORMANCE,ymex,False,,2025-03-28T03:40:29.542224+00:00
f14d00ac-ec5a-44ec-892f-0392f3bf3e45,Open Cookie Database,PERFORMANCE,yabs-sid,False,,2025-03-28T03:40:29.589091+00:00
c3cd8fea-1445-4ef1-974e-68d78a2d3043,Cookiepedia,FUNCTIONALITY,twk_idm_key,False,,2025-03-28T03:40:59.371910+00:00
66319116-6d25-4d21-abbb-f733a93afec2,Open Cookie Database,PERFORMANCE,_ga_MV4D9TY0E7,True,_ga_,2025-03-28T03:40:59.434412+00:00
7f28b0a3-074f-4be0-b83d-efc5ea578356,Open Cookie Database,STRICTLY_NECESSARY,TawkConnectionTime,False,,2025-03-28T03:40:59.496908+00:00
47be2a50-b507-445c-a2f0-a4aab8fdd0b2,Cookie Analysis,UNKNOWN,twk_uuid_5f92bd0a194f2c4cbeb865cc,False,,2025-03-28T03:41:29.390771+00:00
5e0e19d8-20d7-4cea-94de-3659255b9952,Cookie Analysis,UNKNOWN,ITXSESSIONID,False,,2025-03-28T03:41:59.438745+00:00
74ad541a-df3b-42c0-8e16-af791d05a5b7,Cookie Analysis,UNKNOWN,ITXDEVICEID,False,,2025-03-28T03:42:29.490395+00:00
b6703f6d-20e7-4d15-b0a7-b4e32a202501,Cookiepedia,STRICTLY_NECESSARY,bm_mi,False,,2025-03-28T03:42:59.555133+00:00
2648a4d2-0639-4839-95d3-6e166f008a25,Cookiepedia,PERFORMANCE,bm_sz,False,,2025-03-28T03:43:29.578544+00:00
da83e6ef-b0ef-431e-a43c-2e246bcff318,Cookie Analysis,UNKNOWN,_itxo11y_ses.01fa,False,,2025-03-28T03:43:59.558180+00:00
23750eba-4fd3-4813-aaf8-9539779266c9,Cookie Analysis,UNKNOWN,rid,False,,2025-03-28T03:44:29.512017+00:00
21cd8401-0711-4e06-bd77-7f1f14e5b442,Cookie Analysis,UNKNOWN,IDROSTA,False,,2025-03-28T03:44:59.526352+00:00
9c715da4-56e5-40cc-9fc6-2eacb2bb48fb,Cookie Analysis,UNKNOWN,UAITXID,False,,2025-03-28T03:45:29.533229+00:00
6e9ee80f-3c6c-40cc-93cc-2685a8ba3c73,Cookiepedia,STRICTLY_NECESSARY,TS0122c9b6,False,,2025-03-28T03:45:59.586480+00:00
9a7825d0-bc07-4630-a234-d052770b0a98,Cookie Analysis,UNKNOWN,_itxo11y_id.01fa,False,,2025-03-28T03:46:29.544850+00:00
320bd4fb-9ba7-414c-9fee-3955124e5001,Cookie Analysis,UNKNOWN,cart-was-updated-in-standard,False,,2025-03-28T03:46:59.439474+00:00
973836a4-add7-4a72-b971-248f7434e9a6,Open Cookie Database,STRICTLY_NECESSARY,ak_bmsc,False,,2025-03-28T03:46:59.486351+00:00
37840892-20ac-42a8-a238-374c88da244f,Open Cookie Database,STRICTLY_NECESSARY,bm_sv,False,,2025-03-28T03:46:59.533228+00:00
d84b9d16-c2ab-4c5e-99ef-8aeacbc0f3ed,Cookiepedia,STRICTLY_NECESSARY,lastRskxRun,False,,2025-03-28T03:47:29.547061+00:00
83d3a8f8-88f8-4dee-b835-5669244eccb2,Cookiepedia,STRICTLY_NECESSARY,rskxRunCookie,False,,2025-03-28T03:47:59.438480+00:00
70e2e5e7-70f5-41d5-ab36-bd6681123505,Cookiepedia,STRICTLY_NECESSARY,rCookie,False,,2025-03-28T03:48:29.600635+00:00
19a218f6-6c38-4aa3-965e-11eab9511392,Open Cookie Database,STRICTLY_NECESSARY,_abck,False,,2025-03-28T03:48:29.672803+00:00
858ce442-e5aa-47f2-be68-d1a4d5536d64,Open Cookie Database,PERFORMANCE,MicrosoftApplicationsTelemetryDeviceId,False,,2025-03-28T03:48:29.782175+00:00
f130536e-d293-42f8-bb6b-8f2cc4c67a20,Cookiepedia,PERFORMANCE,MicrosoftApplicationsTelemetryFirstLaunchTime,False,,2025-03-28T03:48:59.707053+00:00
4c4cdbb0-54ce-4246-933d-0437baded929,Cookie Analysis,UNKNOWN,bm_ss,False,,2025-03-28T03:49:29.437425+00:00
71162e54-d6c8-48f3-aff2-bef795d832c8,Cookie Analysis,UNKNOWN,bm_s,False,,2025-03-28T03:49:59.560714+00:00
ff90273e-cc6e-41be-b05d-42c9659f5fad,Open Cookie Database,TARGETING,optimizelyEndUserId,False,,2025-03-28T03:49:59.855228+00:00
2705af42-ae92-4b11-a2cf-6aaa7064f755,Cookie Analysis,UNKNOWN,optimizelySession,False,,2025-03-28T03:50:29.658327+00:00
3ad908b2-2ab4-43fd-90b6-8854b07b9726,Open Cookie Database,PERFORMANCE,_ga_HCEXQGE0MW,True,_ga_,2025-03-28T03:50:29.725009+00:00
a6b46202-041d-4e29-8aaa-a109dadab0d3,Open Cookie Database,PERFORMANCE,_ga_NOTFORGA4TRACKING,True,_ga_,2025-03-28T03:50:30.016169+00:00
651fa321-0f4c-4fa0-b908-2b77ce76f196,Cookie Analysis,UNKNOWN,mdsess,False,,2025-03-28T03:50:59.513534+00:00
8e51561c-aeaa-4edf-ad82-344f6ab49cf7,Open Cookie Database,PERFORMANCE,_ga_H29YS1JMXM,True,_ga_,2025-03-28T03:50:59.580181+00:00
2dcc74ab-ede9-4f56-b8c3-efbb15d2074e,Cookie Analysis,UNKNOWN,cookie_preferences,False,,2025-03-28T03:51:29.619301+00:00
ed2e4e30-6436-497a-8233-16c517e763f6,Open Cookie Database,PERFORMANCE,_ga_B7CF97ZVT4,True,_ga_,2025-03-28T03:51:30.040084+00:00
0868ebd5-7cfd-43ee-9636-b657ce2eed63,Cookie Database,STRICTLY_NECESSARY,cmplz_rt_consented_services,False,,2025-03-28T03:51:31.179993+00:00
1c7440b6-ea8c-4ad6-abaa-e8c0f73d52cf,Cookie Database,STRICTLY_NECESSARY,cmplz_rt_policy_id,False,,2025-03-28T03:51:41.305291+00:00
d48fa320-c080-4027-8996-5ba272932e98,Cookie Database,STRICTLY_NECESSARY,cmplz_rt_marketing,False,,2025-03-28T03:51:51.179270+00:00
c1bef890-b813-4ae4-ad6e-dd98a059ede8,Cookie Database,STRICTLY_NECESSARY,cmplz_rt_statistics,False,,2025-03-28T03:52:01.161457+00:00
f1c3afa9-c4ad-409a-af38-b8c3efb72861,Cookie Database,STRICTLY_NECESSARY,cmplz_rt_preferences,False,,2025-03-28T03:52:11.342633+00:00
dc9945fc-2da6-48cc-832d-fdc9ff4343cb,Cookie Database,STRICTLY_NECESSARY,cmplz_rt_functional,False,,2025-03-28T03:52:21.137598+00:00
1d618bbd-7772-449d-91d8-92bd1dc0309c,Cookie Database,STRICTLY_NECESSARY,cmplz_rt_banner-status,False,,2025-03-28T03:52:31.169237+00:00
102c8e77-ce70-4d77-8f6f-15dec984236e,Open Cookie Database,PERFORMANCE,_ga_TMGVF5TCZD,True,_ga_,2025-03-28T03:52:31.916242+00:00
8d3a835f-5ae2-48d1-9ea3-b0c9951cba28,Open Cookie Database,TARGETING,vidoomy-uids,False,,2025-03-28T03:52:32.260034+00:00
72dac6f5-09f1-4020-b71c-56134138104c,Cookie Analysis,UNKNOWN,_dynamicAdBoost_userid_consent_data,False,,2025-03-28T03:52:41.239756+00:00
33d43f2d-21f1-4ffd-b3b7-77ddbb945e8e,Cookie Analysis,UNKNOWN,matchbidswitch,False,,2025-03-28T03:53:11.334951+00:00
c6b01a50-ea08-4bf6-9c1a-9182c37cf708,Cookie Analysis,UNKNOWN,gid_CAESENN4KWZdAkruO9n2iHLg0Ic,False,,2025-03-28T03:53:41.368087+00:00
649ad0d9-6f88-47bf-be10-454fcad634a3,Cookie Analysis,UNKNOWN,mwai_session_id,False,,2025-03-28T03:54:11.342681+00:00
0ca49bca-fe41-498e-bfd6-f95c58171650,Cookie Analysis,UNKNOWN,DHS,False,,2025-03-28T03:54:41.462209+00:00
90cd1345-4840-4c7d-be7d-d27768a16c37,Cookiepedia,STRICTLY_NECESSARY,cookieConsent,False,,2025-03-28T03:55:18.994164+00:00
939e27e6-0e5e-402d-bc8b-517840c97e54,Open Cookie Database,PERFORMANCE,_ga_S21555GFMK,True,_ga_,2025-03-28T03:55:19.057491+00:00
b8c88c72-8c62-4224-856c-2b56833d404d,Open Cookie Database,STRICTLY_NECESSARY,_hjSession_1758925,True,_hjSession_,2025-03-28T03:55:19.141988+00:00
5ffd21fd-c435-4caf-9c00-09fb65dc9b05,Open Cookie Database,STRICTLY_NECESSARY,_hjSessionUser_1758925,True,_hjSessionUser_,2025-03-28T03:55:19.261811+00:00
be89e22e-f44f-453e-a0da-3f1afeab8959,Cookiepedia,STRICTLY_NECESSARY,ASPSESSIONIDQQABRSBC,False,,2025-03-28T03:55:41.369397+00:00
e15e21a5-2fb7-4064-b4a2-537923a48438,Cookiepedia,STRICTLY_NECESSARY,TS016c3142,False,,2025-03-28T03:56:11.405074+00:00
7e7a8576-ef67-472f-afeb-6d266b842ff9,Cookiepedia,STRICTLY_NECESSARY,acceptCookies,False,,2025-03-28T03:56:41.354804+00:00
c2d421ae-b2b0-40f2-b687-8326d6009214,Open Cookie Database,PERFORMANCE,_ga_L7HT38MZTV,True,_ga_,2025-03-28T03:56:41.432927+00:00
fd668f52-cc68-4569-8ca9-2df0f83b792b,Cookie Analysis,UNKNOWN,acceptCookiesGA,False,,2025-03-28T03:57:11.423934+00:00
2e1e8e8d-9f68-4a05-aa95-021f5986affe,Cookie Analysis,UNKNOWN,acceptCookiesLSO,False,,2025-03-28T03:57:41.239342+00:00
92640ecf-e05d-4870-a44e-f0f3c3c98e29,Cookie Analysis,UNKNOWN,dc_searchsd,False,,2025-03-28T03:58:11.355957+00:00
1e139894-7b66-4212-a77d-b1ddb9650744,Open Cookie Database,PERFORMANCE,_ga_QVVXP65FPT,True,_ga_,2025-03-28T03:58:11.418423+00:00
6c368852-d2fb-4fba-9c9d-1cbb76f28984,Open Cookie Database,PERFORMANCE,_ga_STTG0SS217,True,_ga_,2025-03-28T03:58:11.511470+00:00
b0e48e67-6403-4483-a559-5dd651f62931,Cookie Analysis,UNKNOWN,dc_cookie_policy2,False,,2025-03-28T03:58:41.397210+00:00
3d9d8519-5f7c-42ff-9abf-185eefdff006,Open Cookie Database,STRICTLY_NECESSARY,__lc_cid,False,,2025-03-28T03:58:41.837765+00:00
dd2edc4c-ba05-4300-9951-2864ed1a0f18,Open Cookie Database,STRICTLY_NECESSARY,__lc_cst,False,,2025-03-28T03:58:41.889481+00:00
2dbcb027-248a-47d3-a245-bc3f920e295f,Cookie Database,STRICTLY_NECESSARY,__oauth_redirect_detector,False,,2025-03-28T03:58:42.869855+00:00
3192722f-f323-48f5-9656-373e11c1560c,Open Cookie Database,PERFORMANCE,_ga_QNLP29P6TF,True,_ga_,2025-03-28T03:58:43.041730+00:00
b91251a7-584b-42df-9900-41ba3bd7278a,Open Cookie Database,PERFORMANCE,_ga_GQNRRBJ4ND,True,_ga_,2025-03-28T03:58:43.586693+00:00
23daa269-fa27-488a-a5b9-6c60e093b458,Cookie Analysis,UNKNOWN,CL_GOLFPORTAL,False,,2025-03-28T03:59:11.365778+00:00
980c003c-a63e-4205-9f61-ba801b52341d,Cookie Analysis,UNKNOWN,tmhr_p,False,,2025-03-28T03:59:41.275466+00:00
38e21322-5d1b-4f43-92b8-809ba09602e1,Cookie Analysis,UNKNOWN,Telemach.SI.Cart,False,,2025-03-28T04:00:11.499104+00:00
1b9f9875-0bbd-4b8e-b060-eff25dc33a4a,Cookiepedia,STRICTLY_NECESSARY,cookiesession1,False,,2025-03-28T04:00:41.408139+00:00
0e6c091b-a782-42c2-bee3-7d9093c937eb,Open Cookie Database,STRICTLY_NECESSARY,CookieConsent,False,,2025-03-28T04:00:41.501880+00:00
30dbf208-0424-47e0-b4da-29f291134536,Open Cookie Database,PERFORMANCE,_ga_Z7XDV39FQ8,True,_ga_,2025-03-28T04:00:41.564420+00:00
8a1d6315-54a1-4acc-a2d6-84bcd1dd7992,Cookiepedia,FUNCTIONALITY,kameleoonVisitorCode,False,,2025-03-28T04:01:11.360585+00:00
3e8644d4-1ee1-4e0c-9e0b-2f6637f5bdb9,Open Cookie Database,PERFORMANCE,FPID,False,,2025-03-28T04:01:11.391837+00:00
9af23ef9-5c7d-4b7b-915e-cc17bc44e66b,Open Cookie Database,TARGETING,FPAU,False,,2025-03-28T04:01:11.438709+00:00
2528ae39-9efc-4ef0-a68a-43d37b6e576e,Open Cookie Database,PERFORMANCE,FPLC,False,,2025-03-28T04:01:11.485585+00:00
364bf9d3-b497-4d65-b52b-bbe73bb9eefc,Cookie Analysis,UNKNOWN,FPGSID,False,,2025-03-28T04:01:41.461197+00:00
b84005b5-d85e-4b5a-bf39-54bce35d251a,Cookie Analysis,UNKNOWN,_gtmeec,False,,2025-03-28T04:02:11.549926+00:00
05f3766a-07a4-473a-a72d-63bd639ee997,Open Cookie Database,STRICTLY_NECESSARY,_hjSessionUser_376573,True,_hjSessionUser_,2025-03-28T04:02:11.649934+00:00
359b9fc9-0a73-4ceb-8a3d-dbd6992cc4eb,Open Cookie Database,STRICTLY_NECESSARY,_hjSession_376573,True,_hjSession_,2025-03-28T04:02:11.725572+00:00
859e5207-580a-42d7-bef2-8793a13b984e,Cookie Analysis,UNKNOWN,tfpsi,False,,2025-03-28T04:02:41.459230+00:00
f3b7c079-5b4b-417a-bac1-be2e67078fd8,Open Cookie Database,STRICTLY_NECESSARY,frontend,False,,2025-03-28T04:02:41.700857+00:00
fcbae8ef-143d-464d-bcb9-565e7626ab90,Cookiepedia,STRICTLY_NECESSARY,frontend_cid,False,,2025-03-28T04:03:11.460079+00:00
01f77180-b5db-4d79-9c3b-b21ed23f5575,Open Cookie Database,PERFORMANCE,_ga_DJELN7G2Q6,True,_ga_,2025-03-28T04:03:11.655954+00:00
131017c0-d2c9-4d26-8cb3-1f0e9ba84c47,Cookiepedia,STRICTLY_NECESSARY,cc_necessary,False,,2025-03-28T04:03:41.474408+00:00
e3d5fecb-d747-4268-b13c-9a7f7b5228f8,Cookie Analysis,UNKNOWN,_http_accept:image/webp,False,,2025-03-28T04:04:11.457059+00:00
7e8c6fa3-33c4-4283-8f93-bb8d25a02658,Cookie Analysis,UNKNOWN,woosw_key,False,,2025-03-28T04:04:41.479342+00:00
7500fd04-6620-4499-aa47-03886ce65cda,Open Cookie Database,PERFORMANCE,_gat_gtag_UA_156797733_1,True,_gat_gtag_,2025-03-28T04:04:41.555730+00:00
81b1f350-6e77-4f0c-86cd-30ec96cee5cd,Open Cookie Database,PERFORMANCE,_ga_M66BGCN881,True,_ga_,2025-03-28T04:04:41.631138+00:00
06a51e30-a2ef-47ae-81c1-0f6ba8828225,Cookie Analysis,UNKNOWN,avtofokus,False,,2025-03-28T04:05:11.423945+00:00
ffd3c446-248f-421f-86bf-1c9137733bc7,Cookie Analysis,UNKNOWN,nepsi21_visitor_avto-fokus,False,,2025-03-28T04:05:41.540384+00:00
9c4cfe92-03a1-4280-b53b-5a8d5a88d4cd,Open Cookie Database,PERFORMANCE,_pk_id.4.b521,True,_pk_id.,2025-03-28T04:05:41.622675+00:00
58bb4539-5f42-4833-a9be-7d09f9592a71,Open Cookie Database,PERFORMANCE,_pk_ses.4.b521,True,_pk_ses.,2025-03-28T04:05:41.690338+00:00
7eca61d0-9278-489f-b094-5e3e9dc75d9a,Cookie Analysis,UNKNOWN,bcms_cookie_accepted,False,,2025-03-28T04:06:11.437746+00:00
bd8f9b57-6a39-4ea5-a2b9-3ed0800e2a07,Cookie Analysis,UNKNOWN,bcms_cookie_declined,False,,2025-03-28T04:06:41.446525+00:00
9d38342b-45cd-40b6-87a7-6051a62abab6,Open Cookie Database,TARGETING,__kla_id,False,,2025-03-28T04:06:42.164556+00:00
a060e526-17c6-4cc5-a1eb-596a00e88a81,Open Cookie Database,PERFORMANCE,_ga_VFQNFFKPSF,True,_ga_,2025-03-28T04:06:42.257875+00:00
d4595b22-62cc-425d-895d-6de04b1e3a01,Open Cookie Database,STRICTLY_NECESSARY,CookieScriptConsent,False,,2025-03-28T04:06:42.623526+00:00
c8ac2eaf-2560-497c-b11d-15fd2b0ce974,Open Cookie Database,PERFORMANCE,_dc_gtm_UA-1080825-1,True,_dc_gtm_,2025-03-28T04:06:42.727576+00:00
c479bd81-b9ca-4d58-810f-0dbf43d14dc4,Open Cookie Database,PERFORMANCE,_ga_FV4QZRJ3YS,True,_ga_,2025-03-28T04:06:42.805290+00:00
89ff9284-a720-4eb1-96eb-095e4df65d31,Cookie Analysis,UNKNOWN,cbg_tz,False,,2025-03-28T04:07:11.431720+00:00
5f2e738b-48c9-4e6e-87b7-6bef77d70a3a,Cookie Analysis,UNKNOWN,cb_last_cat_id,False,,2025-03-28T04:07:41.473282+00:00
21c7b840-4f21-487f-85f1-600ada71d7df,Open Cookie Database,PERFORMANCE,_ga_7LJHKNQ6ZT,True,_ga_,2025-03-28T04:07:41.573157+00:00
8e35aa3a-bbd3-4ad3-8d32-99eebceaef72,Cookie Analysis,UNKNOWN,avcn-hide_notification,False,,2025-03-28T04:08:11.490192+00:00
3f529634-7daa-445a-9ed5-ca717f417f22,Open Cookie Database,PERFORMANCE,_ga_D4WFWG9JC9,True,_ga_,2025-03-28T04:08:12.043103+00:00
0eab81e7-a6d4-44b9-a26b-1261bbf76532,Open Cookie Database,PERFORMANCE,_gat_gtag_UA_136131535_1,True,_gat_gtag_,2025-03-28T04:08:12.134357+00:00
42caf196-ce40-4876-9b0b-f87b25275118,Open Cookie Database,STRICTLY_NECESSARY,laravel_session,False,,2025-03-28T04:08:12.437565+00:00
2058490f-2c4d-4ac4-b12d-82e787a8447f,Open Cookie Database,PERFORMANCE,_ga_ZME99RQFH1,True,_ga_,2025-03-28T04:08:12.500061+00:00
485f41d6-7672-41cd-a29a-5f17fca1d383,Open Cookie Database,STRICTLY_NECESSARY,_hjSessionUser_1349002,True,_hjSessionUser_,2025-03-28T04:08:12.580458+00:00
f98a7ec0-a6d7-432d-807e-2d2ddc305e5c,Open Cookie Database,STRICTLY_NECESSARY,_hjSession_1349002,True,_hjSession_,2025-03-28T04:08:12.630487+00:00
51f6d7f6-f1b1-4c4a-a9ba-40b792da7ee3,Cookiepedia,TARGETING,reese84,False,,2025-03-28T04:08:41.601838+00:00
1a10e8b3-bf5f-4034-a749-738762ce8e81,Cookie Analysis,UNKNOWN,propertySearchPreferences,False,,2025-03-28T04:09:11.498693+00:00
3d24bbcb-c896-4c9a-94f9-8240c4effe29,Open Cookie Database,PERFORMANCE,_gat_UA-102500433-1,True,_gat,2025-03-28T04:09:11.764319+00:00
ebb63c92-0e8f-417b-8309-3d30621d9486,Open Cookie Database,PERFORMANCE,_ga_1YG74W2KBV,True,_ga_,2025-03-28T04:09:13.107389+00:00
c62165df-bdb5-4c93-b2e7-cc3f366b3758,Cookie Analysis,UNKNOWN,p,False,,2025-03-28T04:09:41.581811+00:00
9bc991b6-fc60-4af5-ba94-da70a19dc66c,Cookie Analysis,UNKNOWN,z,False,,2025-03-28T04:10:11.552605+00:00
8138468f-85f8-4f55-a02f-411ddb62e7c1,Cookie Analysis,UNKNOWN,cid_4cab9766f0234876ab85f0bb9a165c96,False,,2025-03-28T04:10:41.585753+00:00
206c24a8-7920-4e1c-b8fc-2675de443313,Cookie Analysis,UNKNOWN,gid_CAESEAzLVWf9ZQto7B_gcG4L2xI,False,,2025-03-28T04:11:11.516048+00:00
7f39dd58-ad7b-4b06-8c08-fa7945a933aa,Cookie Analysis,UNKNOWN,aslb,False,,2025-03-28T04:11:41.525815+00:00
433c2691-bffe-4395-a564-ea99fbe18220,Cookie Analysis,UNKNOWN,bf_uni_lj_si,False,,2025-03-28T04:12:11.485803+00:00
1df840eb-8e89-4cde-af97-0636d891024e,Cookie Analysis,UNKNOWN,arctur_cookies,False,,2025-03-28T04:12:41.429081+00:00
71bb80a3-88ff-46d0-ae09-fbd77ebd937a,Open Cookie Database,PERFORMANCE,_gat_gtag_UA_148172906_1,True,_gat_gtag_,2025-03-28T04:12:41.496202+00:00
3ec4ed9f-3295-48bf-9e9a-e0720430dcd2,Open Cookie Database,PERFORMANCE,_ga_D8TR5QMJ06,True,_ga_,2025-03-28T04:12:41.558978+00:00
ff36efa1-67f5-4880-b682-97f953052769,Cookie Analysis,UNKNOWN,view_prefs,False,,2025-03-28T04:13:11.539826+00:00
69d734f1-e6af-410c-9ca5-e257482500d5,Open Cookie Database,TARGETING,cs,False,,2025-03-28T04:13:11.858866+00:00
277bd4b4-9946-4682-bcbc-9dafe112e7dc,Open Cookie Database,PERFORMANCE,_ga_8M1NEZT1CY,True,_ga_,2025-03-28T04:13:11.900502+00:00
d4d8c73b-9688-48b9-ae6f-2cc0ac24c292,Open Cookie Database,STRICTLY_NECESSARY,_hjSessionUser_856787,True,_hjSessionUser_,2025-03-28T04:13:12.291091+00:00
8d9b4712-f83c-4bf2-b6b6-4c1abbe6277f,Open Cookie Database,STRICTLY_NECESSARY,_hjSession_856787,True,_hjSession_,2025-03-28T04:13:12.337966+00:00
555683fb-68fa-4ab8-afd0-cd692705648c,Open Cookie Database,PERFORMANCE,_ga_92Y1JSHS7E,True,_ga_,2025-03-28T04:13:12.525469+00:00
5e653c06-180d-425d-bc8a-49d72cd7d4f7,Cookie Analysis,UNKNOWN,frsx,False,,2025-03-28T04:13:41.542542+00:00
4812c0a2-5838-425d-bb2c-5ad90d436af3,Cookie Analysis,UNKNOWN,zcid,False,,2025-03-28T04:14:11.570968+00:00
951a5a7f-5584-4436-959b-b08614dfb7d3,Cookie Analysis,UNKNOWN,Zalando-Client-Id,False,,2025-03-28T04:14:41.590836+00:00
89c153fd-e996-4ed2-ab0d-084a4d7fb78c,Cookie Analysis,UNKNOWN,mpulseinject,False,,2025-03-28T04:15:11.589545+00:00
d4bd4ea8-4119-447e-a43d-4d3021427afc,Cookie Analysis,UNKNOWN,bm_so,False,,2025-03-28T04:15:41.605547+00:00
eb74305d-fc84-4f74-84fa-babb4d429602,Cookie Analysis,UNKNOWN,bm_lso,False,,2025-03-28T04:16:11.547086+00:00
d95b2bcf-d4d2-4368-8940-e2bb7c1c8f90,Cookie Analysis,UNKNOWN,language-preference,False,,2025-03-28T04:16:41.575232+00:00
3a58cb0e-ef8b-4e48-bb11-b22dbc53297e,Open Cookie Database,STRICTLY_NECESSARY,BrowserId,False,,2025-03-28T04:16:41.684613+00:00
6ee67524-6da7-4c97-9132-0739d206c124,Cookie Analysis,UNKNOWN,csh_handling_id,False,,2025-03-28T04:17:11.605329+00:00
4e1a6ac2-8a99-4d01-8ed7-1bdcbd0891b6,Open Cookie Database,PERFORMANCE,_ga_MDW1S9PQPW,True,_ga_,2025-03-28T04:17:11.870915+00:00
974e5023-b81b-46b4-976e-376e245de717,Cookie Analysis,UNKNOWN,mybb[lastvisit],False,,2025-03-28T04:17:41.585872+00:00
7dde38e9-7857-466e-bf9f-f2dcac73974c,Cookie Analysis,UNKNOWN,mybb[lastactive],False,,2025-03-28T04:18:11.601322+00:00
9a8a02c4-70d0-4418-86c9-bc13aed17836,Open Cookie Database,PERFORMANCE,_ga_HF42MZBWBT,True,_ga_,2025-03-28T04:18:11.710698+00:00
38043e3a-8576-47d7-8a37-b7cd5c4a141b,Cookie Analysis,UNKNOWN,mybb[threadread],False,,2025-03-28T04:18:41.562410+00:00
a2d421bf-0164-4df5-a6cb-21e54669b970,Cookie Analysis,UNKNOWN,mybb[forumread],False,,2025-03-28T04:19:11.664186+00:00
9a602096-29a7-4664-ba6a-699c057dd04c,Cookie Analysis,UNKNOWN,ESERVERID,False,,2025-03-28T04:19:41.569558+00:00
5758b3f0-c35d-4983-a064-d4dc24e3547c,Open Cookie Database,PERFORMANCE,ppms_privacy_23f39238-ef1b-4f62-a7bb-db8d74bd03c3,True,ppms_privacy_,2025-03-28T04:19:41.616467+00:00
ed0c614a-5e97-47ad-b8f4-4ea2d24a9ec2,Cookie Analysis,UNKNOWN,cc_show,False,,2025-03-28T04:20:11.679096+00:00
6000e2e7-680c-4730-8098-66cd7254de95,Cookie Analysis,UNKNOWN,cc_mandatory,False,,2025-03-28T04:20:41.680051+00:00
b511ec57-049b-416c-add3-3e442b5902cf,Cookie Analysis,UNKNOWN,cc_improvement,False,,2025-03-28T04:21:11.650235+00:00
5fd71c3f-a6b0-468c-85bc-69a9c044331e,Cookie Analysis,UNKNOWN,cc_marketing,False,,2025-03-28T04:21:41.635654+00:00
929d24d1-7103-4793-9ea0-dbcdfb41ec7d,Open Cookie Database,PERFORMANCE,_pk_id.23f39238-ef1b-4f62-a7bb-db8d74bd03c3.152a,True,_pk_id.,2025-03-28T04:21:41.698155+00:00
ba9652e7-9614-4e29-bfb1-9d30810de541,Open Cookie Database,PERFORMANCE,_pk_ses.23f39238-ef1b-4f62-a7bb-db8d74bd03c3.152a,True,_pk_ses.,2025-03-28T04:21:41.745031+00:00
545933f5-0808-4784-840f-2266a6f0d016,Open Cookie Database,STRICTLY_NECESSARY,_hjSessionUser_2635158,True,_hjSessionUser_,2025-03-28T04:21:41.807529+00:00
b50ab6cf-0e61-412c-a9f7-320559b979ca,Open Cookie Database,STRICTLY_NECESSARY,_hjSession_2635158,True,_hjSession_,2025-03-28T04:21:41.904986+00:00
d6a7cf66-a116-47c8-8811-27e5864cd671,Cookie Analysis,UNKNOWN,cee,False,,2025-03-28T04:22:11.676534+00:00
ba135333-5f9e-47fc-9209-9690c63aa8b3,Cookiepedia,FUNCTIONALITY,_lb,False,,2025-03-28T04:22:41.636558+00:00
8d957b04-dd21-43f5-843c-ebac902372e5,Cookiepedia,STRICTLY_NECESSARY,.Nop.Customer,False,,2025-03-28T04:23:11.807201+00:00
17647a08-ba62-4c86-9c6e-4b50a5b528a9,Open Cookie Database,STRICTLY_NECESSARY,_hjSessionUser_3570224,True,_hjSessionUser_,2025-03-28T04:23:11.920354+00:00
d0730ffc-95f9-409a-8ae0-9d930fd49bed,Open Cookie Database,STRICTLY_NECESSARY,_hjSession_3570224,True,_hjSession_,2025-03-28T04:23:12.009631+00:00
3a68e3e8-7801-4c6f-9fc9-ee78858b4a84,Cookiepedia,FUNCTIONALITY,__smListBuilderShown,False,,2025-03-28T04:23:41.687203+00:00
6c95aa89-14cb-48c6-89ad-fa2154c8db07,Cookie Analysis,UNKNOWN,.Nop.RecentlyViewedProducts,False,,2025-03-28T04:24:11.744803+00:00
2d00fdb7-aef2-46d0-afcf-ec0eb98c073b,Cookiepedia,STRICTLY_NECESSARY,.Nop.Antiforgery,False,,2025-03-28T04:24:41.688288+00:00
5d4f77eb-47c9-4872-b631-740f3267949f,Open Cookie Database,PERFORMANCE,_gat_gtag_UA_53130115_1,True,_gat_gtag_,2025-03-28T04:24:41.740835+00:00
18345c79-4a42-43b9-ad07-d5a15a0c6238,Open Cookie Database,STRICTLY_NECESSARY,_hjSessionUser_327273,True,_hjSessionUser_,2025-03-28T04:24:41.821275+00:00
eb1ac074-abf7-4048-a7f8-dc73caa79f6b,Open Cookie Database,STRICTLY_NECESSARY,_hjSession_327273,True,_hjSession_,2025-03-28T04:24:41.886182+00:00
441f3a7f-f194-48d7-8646-a3364a8fbddb,Open Cookie Database,PERFORMANCE,_gali,False,,2025-03-28T04:24:42.012905+00:00
34e28c31-6e7c-49c1-a438-0d6d442f511c,Cookie Analysis,UNKNOWN,_lb_id,False,,2025-03-28T04:25:11.639807+00:00
b6d29bb5-3013-41d4-9488-5af061af76fa,Cookie Analysis,UNKNOWN,_lb_ccc,False,,2025-03-28T04:25:41.705530+00:00
bf5ff04e-f0a3-45a3-b565-1398d9a06ea0,Open Cookie Database,PERFORMANCE,_ga_9SKKSEQS6Z,True,_ga_,2025-03-28T04:25:41.777025+00:00
42919166-3916-4e2d-b270-2abfdf936954,Cookie Analysis,UNKNOWN,optsessionid,False,,2025-03-28T04:26:11.701632+00:00
d208d5de-291f-4e88-8113-018abcda2157,Cookie Analysis,UNKNOWN,randvar,False,,2025-03-28T04:26:41.682285+00:00
00432728-c842-44ba-aa7b-b953e1285072,Open Cookie Database,PERFORMANCE,_gat_gtag_UA_9923918_10,True,_gat_gtag_,2025-03-28T04:26:41.773930+00:00
64dc65ab-44b1-4cf3-be01-0bdcc1b97d86,Cookie Analysis,UNKNOWN,twk_uuid_5bec258470ff5a5a3a722639,False,,2025-03-28T04:27:11.739327+00:00
7fd47c9a-5a9d-4f73-a0e6-beeee35846d2,Cookie Analysis,UNKNOWN,piskoti_hide,False,,2025-03-28T04:27:41.712964+00:00
ec4b25c4-5f39-492f-914c-924c17a80898,Open Cookie Database,PERFORMANCE,_gat_UA-9923918-10,True,_gat,2025-03-28T04:27:41.779849+00:00
1b49a28f-8647-460e-83ab-93edfeedf4ed,Open Cookie Database,PERFORMANCE,_ga_Y3BM2NKPBH,True,_ga_,2025-03-28T04:27:41.852218+00:00
bedde1ad-d2d5-446b-9c83-cf70c36a59b5,Open Cookie Database,STRICTLY_NECESSARY,mage-cache-storage,False,,2025-03-28T04:27:42.422042+00:00
43d82bdb-3e68-43ae-8119-26fe9ae8cdaf,Open Cookie Database,STRICTLY_NECESSARY,mage-cache-storage-section-invalidation,False,,2025-03-28T04:27:42.466733+00:00
0e298834-1862-41bc-b842-75a60ec9764b,Open Cookie Database,STRICTLY_NECESSARY,form_key,False,,2025-03-28T04:27:42.496321+00:00
44022eed-7d25-4967-ad81-4b8328736d72,Open Cookie Database,STRICTLY_NECESSARY,mage-cache-sessid,False,,2025-03-28T04:27:42.546724+00:00
5291499f-7527-4bb3-aacf-779ae8f709f1,Open Cookie Database,STRICTLY_NECESSARY,mage-messages,False,,2025-03-28T04:27:42.598184+00:00
a957a305-bdf8-47f9-8097-7be6ce6881f7,Open Cookie Database,STRICTLY_NECESSARY,product_data_storage,False,,2025-03-28T04:27:42.629675+00:00
ca37a333-8a03-4dc5-9003-0f0ceca6aba9,Cookie Analysis,UNKNOWN,css_first_load,False,,2025-03-28T04:28:11.792058+00:00
c4e1bb67-3aed-4b64-b2cf-1ac05349d560,Open Cookie Database,STRICTLY_NECESSARY,private_content_version,False,,2025-03-28T04:28:11.889975+00:00
25877442-401c-43c3-ac5c-3ca293c91a8e,Cookie Analysis,UNKNOWN,amcookie_allowed,False,,2025-03-28T04:28:41.779385+00:00
07029cb7-07f8-4f28-bc83-b7801fc2ef6f,Open Cookie Database,STRICTLY_NECESSARY,section_data_ids,False,,2025-03-28T04:28:41.828008+00:00
2fe1fd49-8403-429c-b375-a5c5fc2f74af,Open Cookie Database,STRICTLY_NECESSARY,recently_viewed_product,False,,2025-03-28T04:28:41.982180+00:00
219d4402-01be-49a9-800d-a25b71dabc5b,Open Cookie Database,STRICTLY_NECESSARY,recently_viewed_product_previous,False,,2025-03-28T04:28:42.011246+00:00
50dd7438-5c23-400e-8755-2dfb5782ff87,Open Cookie Database,STRICTLY_NECESSARY,recently_compared_product,False,,2025-03-28T04:28:42.061237+00:00
cabc7bac-d35c-4a02-88ef-c5ce2bff1f12,Open Cookie Database,STRICTLY_NECESSARY,recently_compared_product_previous,False,,2025-03-28T04:28:42.111211+00:00
44f83bfb-f9e9-424b-83a4-982de114c1a2,Cookie Analysis,UNKNOWN,2abd42ae597a8b8e34b0af9ffd7edf3d,False,,2025-03-28T04:29:11.736293+00:00
2f341546-b88e-4761-951f-bea7b5cff12b,Cookie Analysis,UNKNOWN,cookieControlPrefs,False,,2025-03-28T04:29:41.775310+00:00
72a43271-d9f6-4a3b-bb52-7b0ebf7a8636,Open Cookie Database,PERFORMANCE,_pk_id.4.75a0,True,_pk_id.,2025-03-28T04:29:41.849645+00:00
68b1f1a0-e901-4a0e-93b6-971481c68bb0,Open Cookie Database,PERFORMANCE,_pk_ses.4.75a0,True,_pk_ses.,2025-03-28T04:29:41.892574+00:00
1e9e7b19-4b2c-42df-802e-afa98978cfac,Open Cookie Database,PERFORMANCE,_ga_QF156RX0Y0,True,_ga_,2025-03-28T04:29:41.993041+00:00
fcb7cbf3-7fc4-4711-b5cd-b14327c2e0bf,Cookie Analysis,UNKNOWN,popup_oglas_48,False,,2025-03-28T04:30:11.788169+00:00
3f49bb64-c234-4ee1-9c38-fdf6cb70c06a,Cookie Analysis,UNKNOWN,sanolabor_session,False,,2025-03-28T04:30:41.775878+00:00
ebc03c22-91a5-48fc-af6b-90d37fde5798,Open Cookie Database,TARGETING,prism_478287937,True,prism_,2025-03-28T04:30:41.822587+00:00
67201c1f-64b5-4397-abe1-d593e601f7c2,Open Cookie Database,PERFORMANCE,_ga_Q1Q8YTDFH9,True,_ga_,2025-03-28T04:30:41.994469+00:00
3b9a477c-d4d1-47b7-9563-25bb7607f388,Cookie Analysis,UNKNOWN,pohorje_session,False,,2025-03-28T04:31:11.794200+00:00
20a97d18-c865-4406-bc31-ea0882f4114e,Cookie Database,STRICTLY_NECESSARY,googtrans,False,,2025-03-28T04:31:12.700426+00:00
5003b9cd-2891-4999-ab17-aa843058604f,Cookie Analysis,UNKNOWN,gdpr_cookie,False,,2025-03-28T04:31:41.755817+00:00
37110369-5b52-448a-a899-94396b3659cd,Cookie Analysis,UNKNOWN,__cacc,False,,2025-03-28T04:32:11.730727+00:00
5becb0bf-f1c1-4ab4-b224-1cafe255c684,Open Cookie Database,PERFORMANCE,_gat_gtag_UA_40512397_1,True,_gat_gtag_,2025-03-28T04:32:11.803170+00:00
6ed44306-9934-4a51-8b50-ad950569a019,Open Cookie Database,PERFORMANCE,_ga_YP5W2MJPDN,True,_ga_,2025-03-28T04:32:11.854189+00:00
1acd7111-d03e-4e2c-b0e9-e0354d7e689c,Cookie Analysis,UNKNOWN,KEYCLOAK_3P_COOKIE_SAMESITE,False,,2025-03-28T04:32:41.820423+00:00
289cefd4-b39b-42ef-b4f5-590c145274fa,Open Cookie Database,STRICTLY_NECESSARY,.AspNetCore.Antiforgery.BGncOQExYIg,True,.AspNetCore.Antiforgery.,2025-03-28T04:32:41.876397+00:00
7358d0e7-e538-4496-970f-109b26873d65,Cookie Analysis,UNKNOWN,RecaptchaToken,False,,2025-03-28T04:33:11.769569+00:00
81145ae1-90d7-4736-8aee-709fa13fa61f,Cookie Analysis,UNKNOWN,_currency,False,,2025-03-28T04:33:41.859555+00:00
b6ae060d-8069-4f85-99d9-b218342ea1d5,Open Cookie Database,PERFORMANCE,_ga_QV9MJQMTH7,True,_ga_,2025-03-28T04:33:41.998455+00:00
66108d5a-0bbe-4347-a35a-f72c29b356e7,Cookie Analysis,UNKNOWN,.AspNet.Consent,False,,2025-03-28T04:34:11.816978+00:00
7e6ec49c-b9f6-411d-b9ae-5804bb2c33ef,Cookie Analysis,UNKNOWN,js-challenge,False,,2025-03-28T04:34:41.795027+00:00
2b45ff6b-1fc0-4ede-b93f-e78d2b4775c8,Cookie Analysis,UNKNOWN,kapee_newsletter_closed_1,False,,2025-03-28T04:35:11.797006+00:00
546ce3f5-e6a9-4f43-a75a-9d338b04380d,Cookie Analysis,UNKNOWN,ddos-protection,False,,2025-03-28T04:35:41.787676+00:00
1904102e-d46b-46f9-84f6-916b1a300c42,Cookie Database,PERFORMANCE,mailchimp_landing_site,False,,2025-03-28T04:35:42.712810+00:00
acd46662-4491-4e78-a87c-9d2f15ec4a59,Cookie Analysis,UNKNOWN,euCookiesAcc,False,,2025-03-28T04:36:11.845196+00:00
556f54f7-fb99-4cf2-a3ed-8d64c2a660b4,Open Cookie Database,PERFORMANCE,_ga_B35M9JE6RD,True,_ga_,2025-03-28T04:36:12.267082+00:00
84e5059e-5317-4a47-b7e5-5fa9cb8d9188,Cookie Analysis,UNKNOWN,CMSSESSID04623e21,False,,2025-03-28T04:36:41.831470+00:00
f2c4030f-eb85-480d-b8af-6401ba96ba08,Cookie Analysis,UNKNOWN,sxc_consent,False,,2025-03-28T04:37:11.825501+00:00
7fb80df8-5cf0-4ea5-9603-a99cc6df1757,Open Cookie Database,STRICTLY_NECESSARY,server-session-bind,False,,2025-03-28T04:37:11.950239+00:00
594e8129-d434-477e-8e0d-19a0a937110f,Cookiepedia,STRICTLY_NECESSARY,ssr-caching,False,,2025-03-28T04:37:41.868471+00:00
c2d79fa7-37d1-4caf-8d2e-bf641573674d,Open Cookie Database,STRICTLY_NECESSARY,hs,False,,2025-03-28T04:37:41.899720+00:00
72f9bd44-9efa-4e5f-8827-59d33a913a9c,Open Cookie Database,TARGETING,svSession,False,,2025-03-28T04:37:41.946600+00:00
71ca88aa-9e78-48e8-97ca-d4a9161460f6,Cookiepedia,PERFORMANCE,fedops.logger.defaultOverrides,False,,2025-03-28T04:38:11.905619+00:00
c09cb6d8-940f-41fe-97d5-14a000c726ac,Open Cookie Database,STRICTLY_NECESSARY,consent-policy,False,,2025-03-28T04:38:12.061864+00:00
92bee827-9dea-42a9-b0db-d6084aadc642,Open Cookie Database,STRICTLY_NECESSARY,bSession,False,,2025-03-28T04:38:12.108741+00:00
0c9d7a23-0f6b-4601-bf3e-fcaca84b1587,Cookie Analysis,UNKNOWN,ngnSession,False,,2025-03-28T04:38:41.849842+00:00
b8377d17-759c-4c25-9725-0d6272d1ec3e,Cookie Analysis,UNKNOWN,ngnGDPR,False,,2025-03-28T04:39:11.895578+00:00
b6e8bcc5-27bf-4046-94f8-b300f65dc9a5,Open Cookie Database,PERFORMANCE,_ga_D1G04H02D4,True,_ga_,2025-03-28T04:39:11.942414+00:00
0b704db9-3640-4606-a1f9-5012d71f5d46,Open Cookie Database,PERFORMANCE,_ga_MQ2DV69QSL,True,_ga_,2025-03-28T04:39:13.032266+00:00
010b86cf-a750-4d52-a95c-434dc6b82318,Cookie Analysis,UNKNOWN,avtoinfo,False,,2025-03-28T04:39:41.842880+00:00
942befaa-91ee-4894-ae32-71d59e1a1a40,Cookie Analysis,UNKNOWN,nepsi21_visitor_avto-si21,False,,2025-03-28T04:40:11.844006+00:00
af62a968-04a5-4970-b99c-f54f48c27e33,Cookie Analysis,UNKNOWN,mainsess,False,,2025-03-28T04:40:41.834353+00:00
a7e1b4c4-374d-4ecf-b1f0-c2cda895917e,Open Cookie Database,PERFORMANCE,_ga_ZRLQ0N4CGG,True,_ga_,2025-03-28T04:40:41.912487+00:00
3a5305e7-9b7a-4ae4-b754-9fc80ef103a1,Cookie Analysis,UNKNOWN,www_ac,False,,2025-03-28T04:41:11.894805+00:00
288a838c-b25d-4238-b5ba-90aca4b6221f,Open Cookie Database,PERFORMANCE,_ga_FLN748YCYS,True,_ga_,2025-03-28T04:41:12.246742+00:00
e83b8647-fd98-4296-8605-a62f16e19825,Cookiepedia,STRICTLY_NECESSARY,LS_CSRF_TOKEN,False,,2025-03-28T04:41:41.942297+00:00
a5a1f3f5-2a6a-4187-a482-836b561e0252,Open Cookie Database,STRICTLY_NECESSARY,uesign,False,,2025-03-28T04:41:41.989175+00:00
b3c6f26c-4a65-40d7-908e-a05efa4270a1,Cookie Analysis,UNKNOWN,sd8261-_zldp,False,,2025-03-28T04:42:11.941265+00:00
c3511851-1f68-4939-b522-aa6dc39d7333,Cookie Analysis,UNKNOWN,sd8261-_zldt,False,,2025-03-28T04:42:41.878023+00:00
92a7de39-9af7-4cc2-8bff-ea0f74eba705,Cookie Analysis,UNKNOWN,MG_Cookie,False,,2025-03-28T04:43:11.878275+00:00
f195c663-7c3b-44c3-aeca-8bf8ce5b68e2,Cookie Analysis,UNKNOWN,aviaCookieConsent,False,,2025-03-28T04:43:41.925954+00:00
f1fc6ab8-db45-42a7-ac14-bdadb5258d98,Cookie Analysis,UNKNOWN,aviaPrivacyMustOptInSetting,False,,2025-03-28T04:44:11.946475+00:00
42a80b7d-b69c-4d6b-a5f5-829115b184d2,Cookie Analysis,UNKNOWN,aviaPrivacyRefuseCookiesHideBar,False,,2025-03-28T04:44:41.983664+00:00
7c18ca89-aab6-4f91-8c1a-556ef5eeaed1,Cookie Database,STRICTLY_NECESSARY,aviaPrivacyEssentialCookiesEnabled,False,,2025-03-28T04:44:42.879146+00:00
7104996c-4872-4679-856c-897917a0a69f,Open Cookie Database,PERFORMANCE,_pk_id.25.7aed,True,_pk_id.,2025-03-28T04:44:42.934363+00:00
a9831463-4b29-4386-b020-ad4f79ea3969,Open Cookie Database,PERFORMANCE,_pk_ses.25.7aed,True,_pk_ses.,2025-03-28T04:44:42.988393+00:00
4d936e2f-da27-4def-8a87-3f53b3fb9c35,Cookie Analysis,UNKNOWN,aviaPrivacyGoogleTrackingDisabled,False,,2025-03-28T04:45:11.901764+00:00
9250f69a-b766-4e0c-9fb7-c8ef53af274a,Open Cookie Database,PERFORMANCE,_ga_KZQ38PCP7S,True,_ga_,2025-03-28T04:45:12.011139+00:00
9976b705-242c-4869-9127-5b780dfed3e4,Cookie Analysis,UNKNOWN,lwsadm_session_6d2ab2b9c05cddf935143ed4be020cd5,False,,2025-03-28T04:45:41.939506+00:00
506bd6ea-602a-484c-9e20-7ed6f9a7bc92,Open Cookie Database,PERFORMANCE,_ga_X3WP5V8T58,True,_ga_,2025-03-28T04:45:42.077819+00:00
4be06640-55f8-4fa5-80b2-ed545ac5fe14,Open Cookie Database,STRICTLY_NECESSARY,__RequestVerificationToken_L1N0YXRXZWI1,True,__RequestVerificationToken,2025-03-28T04:45:42.477585+00:00
1d4327b7-26d9-4ee2-be57-70cde3be9777,Cookie Analysis,UNKNOWN,twitter_agreement,False,,2025-03-28T04:46:11.925896+00:00
8a5d150a-0070-4c22-9b49-32dbf26cd67e,Cookie Analysis,UNKNOWN,piwik_agreement,False,,2025-03-28T04:46:41.948789+00:00
9b4effd5-88b8-4f2f-bae0-c8ce6c123c69,Cookie Analysis,UNKNOWN,google_agreement,False,,2025-03-28T04:47:11.992317+00:00
fe7a702a-5f04-4974-abc7-303394d2e78c,Cookie Analysis,UNKNOWN,vimeo_agreement,False,,2025-03-28T04:47:42.047821+00:00
6375ad3e-f4d8-439a-992d-32c55e3b146d,Cookie Analysis,UNKNOWN,surs_analitics_cookie,False,,2025-03-28T04:48:12.000306+00:00
17dfac63-206a-4805-a346-a9c24d9e187e,Open Cookie Database,PERFORMANCE,_pk_id.1.1b9e,True,_pk_id.,2025-03-28T04:48:12.047594+00:00
edfbaebf-a715-4fd0-a39e-7684db2a4067,Open Cookie Database,PERFORMANCE,_pk_ses.1.1b9e,True,_pk_ses.,2025-03-28T04:48:12.110125+00:00
5ede1851-7c5c-4b39-9fe9-53863c9a8a98,Open Cookie Database,STRICTLY_NECESSARY,_hjSessionUser_2385111,True,_hjSessionUser_,2025-03-28T04:48:12.157015+00:00
da1f6ccd-d489-490a-9de4-290c7dd7888e,Open Cookie Database,STRICTLY_NECESSARY,_hjSession_2385111,True,_hjSession_,2025-03-28T04:48:12.219500+00:00
159aa846-c671-4241-b86f-100e3eade889,Cookie Analysis,UNKNOWN,steam-locale,False,,2025-03-28T04:48:42.009666+00:00
b4da3f57-b9f7-42fd-8e5a-a44175d68613,Open Cookie Database,TARGETING,prism_89634464,True,prism_,2025-03-28T04:48:42.150293+00:00
f220b979-3b7e-4f2b-b24c-cc8320afd23a,Open Cookie Database,PERFORMANCE,_ga_7B4LTX66GW,True,_ga_,2025-03-28T04:48:42.212796+00:00
51859177-b430-41b7-b3f7-173217c74b38,Open Cookie Database,PERFORMANCE,_ga_V8ZK2WCMT9,True,_ga_,2025-03-28T04:48:42.290918+00:00
2204df6c-6580-4437-95ef-03afa1bfcbbb,Cookiepedia,PERFORMANCE,_uc_referrer,False,,2025-03-28T04:49:11.974819+00:00
34d37916-5379-4399-a132-b2ea7c1339eb,Cookie Analysis,UNKNOWN,_uc_landing,False,,2025-03-28T04:49:42.008068+00:00
7291927d-e730-425d-ad11-8d1c63b46095,Open Cookie Database,PERFORMANCE,ajs_anonymous_id,False,,2025-03-28T04:49:42.078061+00:00
a6f8793a-66f4-4891-b0b6-c27e351794d9,Open Cookie Database,PERFORMANCE,intercom-id-htzjpu0x,True,intercom-id-,2025-03-28T04:49:42.180227+00:00
03469a65-b5a5-4531-b5a8-26e869b5c740,Open Cookie Database,PERFORMANCE,intercom-session-htzjpu0x,True,intercom-session-,2025-03-28T04:49:42.249314+00:00
9e60e8f5-688f-4710-b1f7-0af938bd10a3,Open Cookie Database,PERFORMANCE,intercom-device-id-htzjpu0x,True,intercom-device-id-,2025-03-28T04:49:42.313921+00:00
39d7d51c-3cbf-4bd1-9c4e-756966fc336d,Cookie Analysis,UNKNOWN,time_calc_ampm,False,,2025-03-28T04:50:11.911453+00:00
2d5b66ba-7d74-4fa9-af2a-4ae549b152c4,Cookie Analysis,UNKNOWN,jezik,False,,2025-03-28T04:50:42.009796+00:00
1830066c-600d-443d-bd10-bb47549c9228,Cookie Analysis,UNKNOWN,cookie_piskot,False,,2025-03-28T04:51:12.390586+00:00
86a881ec-6cb9-4f20-8423-ca0cc024361c,Open Cookie Database,PERFORMANCE,_ga_FZ5PJFMGS2,True,_ga_,2025-03-28T04:51:12.437465+00:00
e6bf273a-73b9-41a2-83c4-4230e6e6eb21,Cookie Analysis,UNKNOWN,cookie_piskot_not,False,,2025-03-28T04:51:42.086781+00:00
425095e7-8bc2-46c0-a6ff-32aac9e2836a,Cookie Analysis,UNKNOWN,gtm__originalLocation,False,,2025-03-28T04:52:11.958230+00:00
18c4099a-9ec2-42f8-85d8-8cd5128e0a28,Cookie Analysis,UNKNOWN,gtm__bavOriginalLocation,False,,2025-03-28T04:52:42.047626+00:00
ed9deb09-6e62-4d9e-b1c1-75b6ae1077bd,Cookie Analysis,UNKNOWN,checkout_sid,False,,2025-03-28T04:53:12.051623+00:00
d06a8216-8a72-4961-9996-960a7544b310,Open Cookie Database,STRICTLY_NECESSARY,_dyid,False,,2025-03-28T04:53:12.145373+00:00
bb8e3b05-3742-44f4-b0ed-91e5b44cdce3,Open Cookie Database,STRICTLY_NECESSARY,_dyjsession,False,,2025-03-28T04:53:12.192247+00:00
f56b47e4-310d-4167-b760-8581b814d852,Open Cookie Database,STRICTLY_NECESSARY,_dy_soct,False,,2025-03-28T04:53:12.239125+00:00
92a2188f-fecf-43f5-87b5-db14ba7d3b12,Open Cookie Database,STRICTLY_NECESSARY,dy_fs_page,False,,2025-03-28T04:53:12.285999+00:00
c31f1925-1a1a-44ec-ad72-70d02941f6bd,Open Cookie Database,STRICTLY_NECESSARY,_dy_toffset,False,,2025-03-28T04:53:12.317250+00:00
4fe1b460-100b-461a-b65f-1cbab34d142d,Open Cookie Database,PERFORMANCE,_dy_df_geo,False,,2025-03-28T04:53:12.364124+00:00
801410f9-8877-4a54-a01e-364ee20ec499,Open Cookie Database,PERFORMANCE,_dy_geo,False,,2025-03-28T04:53:12.410999+00:00
bc046024-67ea-4edd-a8ce-8fcda4a86ba4,Open Cookie Database,STRICTLY_NECESSARY,_dycnst,False,,2025-03-28T04:53:12.457876+00:00
d489f31b-952c-471d-93b0-0db0ed3a34ad,Open Cookie Database,PERFORMANCE,_dycst,False,,2025-03-28T04:53:12.504749+00:00
3524c1a1-825d-4bb8-b4d4-f968f60c5953,Cookie Analysis,UNKNOWN,aToken,False,,2025-03-28T04:53:42.028703+00:00
482ee0f2-b60b-4ede-85b4-0c971cd1ca07,Open Cookie Database,STRICTLY_NECESSARY,_dyid_server,False,,2025-03-28T04:53:42.078664+00:00
ca651fb5-614e-4ab7-9ef0-8af42c312d85,Cookie Analysis,UNKNOWN,_shabT___,False,,2025-03-28T04:54:12.022515+00:00
5c653fa3-48a1-4950-9e2d-15878dad7bce,Open Cookie Database,PERFORMANCE,_ga_K54CNX224Y,True,_ga_,2025-03-28T04:54:12.069396+00:00
136951b1-5997-4b66-84fe-c84b06107a8e,Cookie Analysis,UNKNOWN,crto_is_user_optout,False,,2025-03-28T04:54:42.038985+00:00
64ad7449-c9bd-4389-9212-61d9aada1f1a,Cookie Analysis,UNKNOWN,crto_mapped_user_id,False,,2025-03-28T04:55:12.042164+00:00
67d65451-e037-42be-8cee-d2eb2fa743fe,Open Cookie Database,TARGETING,MSPTC,False,,2025-03-28T04:55:12.120293+00:00
b322f617-5bf6-4ebb-99cc-542735c6faab,Open Cookie Database,TARGETING,_uetsid,False,,2025-03-28T04:55:12.151541+00:00
a1dca16a-ecce-4dfe-a15a-d381322be4d4,Open Cookie Database,TARGETING,_uetvid,False,,2025-03-28T04:55:12.198416+00:00
30f421a9-b644-4704-a873-59fe15916751,Cookie Analysis,UNKNOWN,SearchCollectorSession,False,,2025-03-28T04:55:42.057397+00:00
942c234f-4d09-43bc-a64a-91ae19ef851c,Cookie Analysis,UNKNOWN,___shabt_uniq_,False,,2025-03-28T04:56:12.061167+00:00
9cce1b27-5fc9-4bdc-8b93-2d3d41bd0ae6,Open Cookie Database,TARGETING,_pin_unauth,False,,2025-03-28T04:56:12.170548+00:00
d7a5f581-7829-4486-a8aa-0ecdb77fa7b0,Open Cookie Database,TARGETING,_pinterest_ct_ua,False,,2025-03-28T04:56:12.201800+00:00
6f380c08-3aec-414e-b03a-976ae52420b8,Cookiepedia,STRICTLY_NECESSARY,ASPSESSIONIDQCRQSRDA,False,,2025-03-28T04:56:42.065313+00:00
b8376c09-7649-4db5-a1b4-72a6c202353c,Cookiepedia,STRICTLY_NECESSARY,cb-enabled,False,,2025-03-28T04:57:12.148367+00:00
f521d622-b3fc-47ee-b0b7-b90f02790952,Open Cookie Database,PERFORMANCE,_ga_Y5E76LD0QN,True,_ga_,2025-03-28T04:57:12.226492+00:00
197f5088-f24b-417d-9a9f-3b14a1950531,Cookie Analysis,UNKNOWN,_iCD3State,False,,2025-03-28T04:57:42.094318+00:00
c8abeaca-eec1-4685-9278-93b3776248fb,Cookie Analysis,UNKNOWN,_iCD3,False,,2025-03-28T04:58:12.259703+00:00
a9b2c58f-379b-4270-8c94-6dcfb6599c58,Open Cookie Database,PERFORMANCE,_ga_R0E079H9Y6,True,_ga_,2025-03-28T04:58:12.540957+00:00
16ab26c0-9457-4928-9d3b-aa551f32344a,Cookie Analysis,UNKNOWN,morel,False,,2025-03-28T04:59:42.307009+00:00
cd9cdf4d-a0c8-400e-9094-d8b49469ccc2,Cookie Analysis,UNKNOWN,privacy,False,,2025-03-28T05:02:11.145929+00:00
34c65e51-1646-4801-8b40-8cadec53c31c,Open Cookie Database,PERFORMANCE,__utmv,False,,2025-03-28T05:05:04.085216+00:00
05ba39a5-ba6f-49d0-b81b-aa93f5dd6573,Cookie Database,STRICTLY_NECESSARY,woodmart_cookies_1,False,,2025-03-28T05:05:05.483028+00:00
f6036a05-11c0-455f-9379-a195578f6367,Cookie Analysis,UNKNOWN,wp-dark-mode-device,False,,2025-03-28T05:07:58.036070+00:00
4d03f6f1-8014-416f-99b5-b9b4c3b7a438,Open Cookie Database,PERFORMANCE,_ga_8G6BFMMVYZ,True,_ga_,2025-03-28T05:10:26.825831+00:00
aa985ddb-3a6f-42ff-8d5d-ab101ff8cc5e,Open Cookie Database,STRICTLY_NECESSARY,JSESSIONID,False,,2025-03-28T05:13:24.517908+00:00
38144e88-bc42-4a9f-b362-77ebb30698b5,Cookiepedia,STRICTLY_NECESSARY,BIGipServerPool_WWW-Prod-DMZ,False,,2025-03-28T05:13:25.627278+00:00
a7a2fcb9-a393-43a2-932b-f538d1339615,Cookiepedia,STRICTLY_NECESSARY,BIGipServerPool_WWW-Keycloak-Prod,False,,2025-03-28T05:13:55.606164+00:00
6ff13533-10ce-4a18-8ec4-4ad545a7afc7,Open Cookie Database,STRICTLY_NECESSARY,CookieConsentPolicy,False,,2025-03-28T05:13:55.746789+00:00
2bd16081-6f01-453f-a1d9-4f6baa56c399,Cookiepedia,STRICTLY_NECESSARY,LSKey-c$CookieConsentPolicy,False,,2025-03-28T05:14:25.645370+00:00
3c700126-e441-4b43-aca8-db857f0ec005,Cookiepedia,STRICTLY_NECESSARY,BIGipServerPool_ESHOP-PROD,False,,2025-03-28T05:14:55.618471+00:00
d5426261-8621-4ce6-bc86-5f67786b75d1,Cookiepedia,STRICTLY_NECESSARY,BIGipServerPool_COSA,False,,2025-03-28T05:15:25.611949+00:00
064b194b-c1c9-49b6-98b4-a77f42b224b1,Cookiepedia,FUNCTIONALITY,i18n_redirected,False,,2025-03-28T05:15:55.624338+00:00
5a043813-30d0-4b5b-8e63-53e66bada10a,Cookiepedia,STRICTLY_NECESSARY,cart,False,,2025-03-28T05:16:25.710874+00:00
e32cea4c-af93-460a-a130-113b2466d9d0,Open Cookie Database,PERFORMANCE,_gat_UA-3973404-12,True,_gat,2025-03-28T05:16:25.777602+00:00
956e5784-6310-48fe-8f8b-a93b7d315405,Open Cookie Database,PERFORMANCE,_ga_HVN86ZVC45,True,_ga_,2025-03-28T05:16:25.852059+00:00
a4179a8b-0216-4bec-ba5c-65dcb0f0e7b0,Open Cookie Database,PERFORMANCE,_ga_EDRF81D5XY,True,_ga_,2025-03-28T05:16:25.920045+00:00
012dba59-7147-4202-b638-55cf3da371c0,Open Cookie Database,PERFORMANCE,_ga_ZBEDJ0M14D,True,_ga_,2025-03-28T05:16:25.979424+00:00
60021589-2865-482a-9cb6-34244816789e,Cookie Analysis,UNKNOWN,__cookie_optout,False,,2025-03-28T05:16:55.698537+00:00
47dce027-19ba-4ca7-9a97-1d1e557a1b94,Cookie Analysis,UNKNOWN,__cookie3_optout,False,,2025-03-28T05:17:26.120485+00:00
3b3f92af-fbb2-445e-87e8-6e87a625280f,Open Cookie Database,PERFORMANCE,_gat_krovniGA,True,_gat,2025-03-28T05:17:26.182993+00:00
30b042f9-4d7d-476c-a868-f3e714c13441,Open Cookie Database,PERFORMANCE,_ga_YGML29563T,True,_ga_,2025-03-28T05:17:26.245484+00:00
c6c06a88-168a-42bf-a19c-d507dd9e272c,Open Cookie Database,PERFORMANCE,_ga_K2TCWZQ2MN,True,_ga_,2025-03-28T05:17:26.292359+00:00
a4cd56bc-45ce-432c-ac93-d2f624e1517d,Open Cookie Database,STRICTLY_NECESSARY,_hjSessionUser_1973727,True,_hjSessionUser_,2025-03-28T05:17:26.401734+00:00
dde7bebf-d637-4b9a-be8f-1a87f2abd323,Open Cookie Database,STRICTLY_NECESSARY,_hjSession_1973727,True,_hjSession_,2025-03-28T05:17:26.448609+00:00
6c55a750-df56-480a-a67d-e33ed43adf5b,Cookie Analysis,UNKNOWN,igodigitaltc2,False,,2025-03-28T05:17:55.658052+00:00
8ca27627-9e2a-40d5-bf46-90acdd3af2c3,Cookie Analysis,UNKNOWN,igodigitalst_100015441,False,,2025-03-28T05:18:25.686205+00:00
7009f646-9fba-4296-921e-38e668e2f2e2,Cookie Analysis,UNKNOWN,igodigitalstdomain,False,,2025-03-28T05:18:55.632912+00:00
aa60b46c-bb66-4360-8b21-94754ed2b2cc,Cookie Analysis,UNKNOWN,pageCheckpoint,False,,2025-03-28T05:19:25.660810+00:00
e3b8798c-1887-4814-8340-639262e850d3,Cookiepedia,PERFORMANCE,__mauuid,False,,2025-03-28T05:19:55.646470+00:00
d76033e8-1b85-4395-a481-e4a2ecfd4caf,Open Cookie Database,PERFORMANCE,_ga_41QERM4MLY,True,_ga_,2025-03-28T05:19:55.802721+00:00
f75ba9fc-a331-4dd2-8333-87270248e323,Cookie Analysis,UNKNOWN,fri_eucc-version,False,,2025-03-28T05:20:25.656333+00:00
436283ce-9e71-459a-a02c-4a52ef29c2ab,Cookie Analysis,UNKNOWN,fri_eucc,False,,2025-03-28T05:20:55.659372+00:00
1f5db94b-2218-49d4-ad4e-747f407048ee,Open Cookie Database,PERFORMANCE,_ga_BWE6CF8GDC,True,_ga_,2025-03-28T05:20:55.721872+00:00
32aaf1ac-92f7-4275-bfda-b74564d1c382,Open Cookie Database,PERFORMANCE,_gat_gtag_UA_109200368_2,True,_gat_gtag_,2025-03-28T05:22:15.823193+00:00
43f9712b-90b1-4df4-924c-752dd1761839,Open Cookie Database,PERFORMANCE,_ga_T4RMJHXGXR,True,_ga_,2025-03-28T05:22:15.901321+00:00
4f814f73-33c6-4c86-887d-49a11da02e91,Cookie Analysis,UNKNOWN,judoslo_session,False,,2025-03-28T05:22:17.070314+00:00
32be8bf9-bacd-4298-ad4b-08578f4053eb,Cookie Analysis,UNKNOWN,judoslo_cookie_consent,False,,2025-03-28T05:22:46.907385+00:00
3ce99354-af7b-4598-98b9-b20c6294b5a2,Cookiepedia,STRICTLY_NECESSARY,SimpleSAMLSessionID,False,,2025-03-28T05:24:40.159490+00:00
6d4e6fa1-049d-4faf-8856-7a79c7b037a6,Open Cookie Database,PERFORMANCE,_pk_id.1242.c466,True,_pk_id.,2025-03-28T05:24:40.617976+00:00
cac95cc2-8612-42c0-9be5-c31b2000114e,Open Cookie Database,PERFORMANCE,_pk_ses.1242.c466,True,_pk_ses.,2025-03-28T05:24:40.738415+00:00
2de20cc7-9caa-4439-bc84-375468440738,Cookie Analysis,UNKNOWN,_gs_m_1,False,,2025-03-28T05:26:53.170106+00:00
96bc62c2-568b-4525-9d71-c9874dc8f2c9,Open Cookie Database,PERFORMANCE,_ga_7S5CN0WJKG,True,_ga_,2025-03-28T05:26:53.545641+00:00
a5169a36-6e81-431c-be83-7f8e725b4443,Open Cookie Database,PERFORMANCE,_ga_7S5CN0WSWG,True,_ga_,2025-03-28T05:26:53.655015+00:00
436e8bb6-1d75-4f83-88a6-6b86e37621bb,Open Cookie Database,PERFORMANCE,_gat_UA-23118721-1,True,_gat,2025-03-28T05:26:53.746027+00:00
1f95e645-0349-4495-9045-f0b0d07664f8,Open Cookie Database,PERFORMANCE,_ga_QBQ7H89D0E,True,_ga_,2025-03-28T05:26:53.802350+00:00
11d11fd7-4ef7-4af8-905e-c16577782af8,Cookie Analysis,UNKNOWN,_gsf_conf,False,,2025-03-28T05:27:23.119059+00:00
5b535530-9060-4eab-8f92-3e0956752802,Cookie Analysis,UNKNOWN,gcc_analytics,False,,2025-03-28T05:29:19.347278+00:00
d2732564-e753-43db-a25e-216734a90b20,Cookie Analysis,UNKNOWN,gcc_preferences,False,,2025-03-28T05:29:49.309600+00:00
fb7a67d0-97cd-4493-81a0-403a34e144ca,Cookie Analysis,UNKNOWN,gcc_marketing,False,,2025-03-28T05:30:19.335551+00:00
b101f8d6-d533-43d6-a4e1-f59512e3da47,Cookie Analysis,UNKNOWN,gcc_consent,False,,2025-03-28T05:30:49.271545+00:00
597bd2d7-0d9c-42e6-8b43-e4f432fb522a,Cookie Database,STRICTLY_NECESSARY,sib_cuid,False,,2025-03-28T05:30:50.245190+00:00
916c5a55-d09d-4889-b6de-4e712e8b63ea,Open Cookie Database,PERFORMANCE,_ga_S5S9XR58JV,True,_ga_,2025-03-28T05:30:50.497308+00:00
b097702d-61ce-478c-a396-6b613120c997,Open Cookie Database,PERFORMANCE,_pk_id.2.7613,True,_pk_id.,2025-03-28T05:31:25.745694+00:00
a7807069-322c-4dc5-a2e2-6469d3e0144a,Open Cookie Database,PERFORMANCE,_pk_ses.2.7613,True,_pk_ses.,2025-03-28T05:31:25.808196+00:00
6748c8f6-329f-4187-a191-8e692affb509,Open Cookie Database,PERFORMANCE,_pk_id.2.8c65,True,_pk_id.,2025-03-28T05:31:26.198820+00:00
7cfa3917-63a3-486e-b04c-b469f8d1cce6,Open Cookie Database,PERFORMANCE,_pk_ses.2.8c65,True,_pk_ses.,2025-03-28T05:31:26.276944+00:00
b72bec78-b1b4-4287-8b7b-d68646c0d4a9,Open Cookie Database,PERFORMANCE,_gat_gtag_UA_106857800_1,True,_gat_gtag_,2025-03-28T05:33:37.466218+00:00
bb6b0ead-a8e6-44c8-8541-5016d7808861,Open Cookie Database,PERFORMANCE,_ga_0PJTQZ1KJ1,True,_ga_,2025-03-28T05:33:37.544346+00:00
677c0d9b-969e-46e9-94fd-28107cb2b6c7,Cookie Analysis,UNKNOWN,melodyschool_retina,False,,2025-03-28T05:33:38.606845+00:00
2260e819-69ba-4046-bf7d-0711d114a159,Cookie Analysis,UNKNOWN,BasicSettings,False,,2025-03-28T05:37:10.665129+00:00
3e13ef3f-c87d-4575-9431-c607772505a7,Cookie Analysis,UNKNOWN,inform,False,,2025-03-28T05:37:40.607502+00:00
c67b6ecf-6be2-48b1-8de8-415760998fed,Cookie Analysis,UNKNOWN,cookieCheck,False,,2025-03-28T05:38:10.662023+00:00
9af06f13-1740-4686-91f2-43879ef8afac,Cookie Analysis,UNKNOWN,informUserKey,False,,2025-03-28T05:38:40.595077+00:00
7572f8b8-cea9-4967-9b6d-49e3d9aefa3b,Open Cookie Database,PERFORMANCE,_ga_L49WWP3DB7,True,_ga_,2025-03-28T05:38:40.688767+00:00
2f997bfe-a580-4741-959e-c5f9dbf1be1d,Cookie Analysis,UNKNOWN,cookiesDirective,False,,2025-03-28T05:39:10.668526+00:00
50c2a4c2-d007-4f29-8657-9fe00eef3bd3,Open Cookie Database,STRICTLY_NECESSARY,__zlcmid,False,,2025-03-28T05:39:10.718333+00:00
8edc72a2-fa96-403d-b235-fd5772fcc28b,Cookie Analysis,UNKNOWN,cookieAlertClosedFlag,False,,2025-03-28T05:41:02.628291+00:00
1d989df1-adc3-4cb1-b150-e53d55dbc4c0,Open Cookie Database,PERFORMANCE,_ga_FEVECGVNBV,True,_ga_,2025-03-28T05:41:02.843854+00:00
506fc45a-220d-4a34-8bb6-069880076331,Open Cookie Database,TARGETING,SNID,False,,2025-03-28T05:43:24.597775+00:00
a49fb4dd-cbaf-453a-8def-552e49b0edec,Open Cookie Database,PERFORMANCE,ajs_user_id,False,,2025-03-28T05:43:24.675903+00:00
70ab6cb0-3adb-4773-87d7-b5c45062177b,Open Cookie Database,PERFORMANCE,ajs_group_id,False,,2025-03-28T05:43:24.722777+00:00
3fb6d817-bcdd-48cf-8d1d-f4a0773c22e0,Open Cookie Database,STRICTLY_NECESSARY,_hjSessionUser_2768834,True,_hjSessionUser_,2025-03-28T05:43:24.879036+00:00
0deeb2f6-2b04-440e-87ce-c7b7acad3f61,Open Cookie Database,STRICTLY_NECESSARY,_hjSession_2768834,True,_hjSession_,2025-03-28T05:43:24.941534+00:00
0d29df3f-d23c-4639-91ee-c698a14f71ac,Cookie Analysis,UNKNOWN,_gd_visitor,False,,2025-03-28T05:43:35.736296+00:00
5c2e346b-541b-4da7-9319-39977fd8c6db,Cookie Analysis,UNKNOWN,_gd_session,False,,2025-03-28T05:44:05.670636+00:00
8d8b072a-a592-4f12-8847-0d9d053c29d2,Open Cookie Database,PERFORMANCE,_ga_P38JPB6C9P,True,_ga_,2025-03-28T05:44:06.999472+00:00
a6bd658a-1d8a-4ec8-a446-350076840316,Cookiepedia,STRICTLY_NECESSARY,WC_SESSION_ESTABLISHED,False,,2025-03-28T05:46:52.845287+00:00
617a3d45-0eeb-480e-9f00-5a64cb777a79,Cookiepedia,STRICTLY_NECESSARY,WC_AUTHENTICATION_-1002,False,,2025-03-28T05:47:22.845476+00:00
454a4acf-173d-4cb4-9fef-ce0f49a134c3,Cookiepedia,STRICTLY_NECESSARY,WC_ACTIVEPOINTER,False,,2025-03-28T05:47:52.868788+00:00
1a218ddd-f1ca-400b-a01d-83a4cc952430,Cookiepedia,STRICTLY_NECESSARY,WC_USERACTIVITY_-1002,False,,2025-03-28T05:48:22.954007+00:00
6af85a1e-4f1f-4630-b9b7-3e21f9b421ef,Cookiepedia,STRICTLY_NECESSARY,WC_GENERIC_ACTIVITYDATA,False,,2025-03-28T05:48:52.885552+00:00
636887cc-c0d3-4cd2-9aec-0a838b867228,Cookie Analysis,UNKNOWN,WC_CartOrderId_11851,False,,2025-03-28T05:49:22.879198+00:00
a48cb0e5-c904-4646-a35e-4ad9a4c158af,Open Cookie Database,STRICTLY_NECESSARY,_hjSessionUser_1581470,True,_hjSessionUser_,2025-03-28T05:49:22.949666+00:00
ed2ffdc5-90ab-4d1d-a490-7c7fedec2d1d,Open Cookie Database,STRICTLY_NECESSARY,_hjSession_1581470,True,_hjSession_,2025-03-28T05:49:23.013365+00:00
088b66df-5f2e-4dd3-ac0c-ebd0426f9098,Cookie Analysis,UNKNOWN,CompareItems_11851,False,,2025-03-28T05:49:52.885984+00:00
9e9617f3-4da5-4d17-9de3-870b1633399e,Cookie Analysis,UNKNOWN,catalogContinueShopping,False,,2025-03-28T05:50:22.859352+00:00
7d19a7dd-81eb-4a7d-af75-3cefd4d27b2c,Open Cookie Database,PERFORMANCE,_ga_8NS7ZT97RD,True,_ga_,2025-03-28T05:50:23.271232+00:00
86736f09-6ca6-4be9-86ca-a3cbcfcc4f58,Cookiepedia,STRICTLY_NECESSARY,COOKIECONSENT,False,,2025-03-28T05:50:58.450216+00:00
794aefb1-2448-4408-b60e-dda6872a8e76,Cookiepedia,STRICTLY_NECESSARY,WC_AUTHENTICATION_5381540,False,,2025-03-28T05:51:22.877050+00:00
e56d7a73-7b6c-4428-9863-626d51291794,Cookiepedia,STRICTLY_NECESSARY,WC_USERACTIVITY_5381540,False,,2025-03-28T05:51:52.898358+00:00
516c8664-8113-48ae-aab0-e661e5da1845,Cookie Analysis,UNKNOWN,wwwbabycentersi_session,False,,2025-03-28T05:53:04.600496+00:00
ef589d60-0e5c-4d7b-9976-83d6cf34b279,Cookie Analysis,UNKNOWN,__rtbh.lid,False,,2025-03-28T05:53:34.633403+00:00
ab569301-2860-4f2c-93c8-377a05375fd5,Open Cookie Database,STRICTLY_NECESSARY,_hjSessionUser_1189758,True,_hjSessionUser_,2025-03-28T05:53:34.695940+00:00
8ba89acd-d520-49a4-8cf2-4de49c7cdff8,Open Cookie Database,STRICTLY_NECESSARY,_hjSession_1189758,True,_hjSession_,2025-03-28T05:53:34.774068+00:00
02488a32-539c-4f77-b4ab-30675a992ac2,Cookie Analysis,UNKNOWN,flockr_vid,False,,2025-03-28T05:54:04.603495+00:00
930ad13d-7e65-4742-8c23-76e48d5d6202,Cookie Analysis,UNKNOWN,flockr_ses,False,,2025-03-28T05:54:34.534622+00:00
d2e64ff8-ead6-4d45-a9fb-8f8b72b91587,Cookie Analysis,UNKNOWN,_flockr_exp,False,,2025-03-28T05:55:04.590976+00:00
30650832-5a8f-4838-8189-96348cc66ab4,Open Cookie Database,PERFORMANCE,_ga_HSL6TPC40D,True,_ga_,2025-03-28T05:55:04.648106+00:00
a311688a-eddc-4221-a348-9c996a9a5fd6,Open Cookie Database,TARGETING,udmts,False,,2025-03-28T05:55:05.049135+00:00
6bbe68fa-8ba5-4910-a436-11ffdf2a50cc,Open Cookie Database,TARGETING,dt,False,,2025-03-28T05:55:05.080382+00:00
3958d667-ae94-4753-a113-63a52c4ea146,Open Cookie Database,TARGETING,rtbh,False,,2025-03-28T05:55:05.127263+00:00
4e081af3-7e63-49e0-a54d-cc6eefa1d4ec,Cookie Analysis,UNKNOWN,laravel_cookie_consent,False,,2025-03-28T05:55:34.561962+00:00
104f847e-5c0f-431e-9774-79392fe8d7ad,Open Cookie Database,PERFORMANCE,_ga_L3YTSF3B7E,True,_ga_,2025-03-28T05:55:54.017184+00:00
ae62141d-490e-43e7-ba7b-f46f80ed5ac1,Cookiepedia,STRICTLY_NECESSARY,crumb,False,,2025-03-28T05:57:57.466722+00:00
e1df0b30-a1ec-40f8-a588-98175d8d6f84,Cookiepedia,TARGETING,ss_cvr,False,,2025-03-28T05:58:27.553110+00:00
9677e7f4-92a4-43ce-b32e-c455aba483b7,Cookiepedia,PERFORMANCE,ss_cvt,False,,2025-03-28T05:58:57.497950+00:00
9d72fcab-8a0b-46dd-b992-b87e783c3e8e,Open Cookie Database,PERFORMANCE,_gat_gtag_UA_47811576_1,True,_gat_gtag_,2025-03-28T05:58:57.573560+00:00
8ffaf8d3-f71a-402a-bde0-f98d8afe2c81,Open Cookie Database,PERFORMANCE,_ga_BVP1R715XT,True,_ga_,2025-03-28T05:58:57.655504+00:00
76e50e10-c099-4e15-9eba-376ad98f8034,Open Cookie Database,PERFORMANCE,_ga_03N4P2RZQQ,True,_ga_,2025-03-28T06:02:35.684990+00:00
b49ee939-53e7-46d8-b962-767d1f8a0800,Cookie Analysis,UNKNOWN,_oq,False,,2025-03-28T06:05:18.809454+00:00
eb58115f-b663-4748-9519-a13649c0a4a1,Cookiepedia,STRICTLY_NECESSARY,utag_main__sn,False,,2025-03-28T06:05:48.701400+00:00
c68f306f-4f70-4eb5-980e-69627445b077,Cookiepedia,STRICTLY_NECESSARY,utag_main__se,False,,2025-03-28T06:06:18.713027+00:00
1e7848db-1e73-47b3-80fa-103084ac4530,Cookiepedia,STRICTLY_NECESSARY,utag_main__ss,False,,2025-03-28T06:06:48.823012+00:00
12881444-9e3e-4628-8242-63098f0e3486,Cookiepedia,STRICTLY_NECESSARY,utag_main__st,False,,2025-03-28T06:07:18.753332+00:00
0cfad2ad-94e5-4b99-aa86-858751816929,Cookiepedia,STRICTLY_NECESSARY,utag_main_ses_id,False,,2025-03-28T06:07:48.722650+00:00
aee4fd8e-83a7-4b61-bad9-3e92fc2ff704,Cookiepedia,STRICTLY_NECESSARY,utag_main__pn,False,,2025-03-28T06:08:18.757183+00:00
c68aa8e5-fcd0-408d-90d4-657cbab626aa,Cookie Analysis,UNKNOWN,ssm,False,,2025-03-28T06:08:48.745926+00:00
f9b7aa8d-fe84-41f4-8880-346d4f245d93,Cookie Analysis,UNKNOWN,_sessionid,False,,2025-03-28T06:09:18.757367+00:00
c2905e71-bd65-42c0-94e1-490eddbb0db9,Cookie Analysis,UNKNOWN,dm_ucControllerId_UFs7NWy5m,False,,2025-03-28T06:09:48.774251+00:00
46f906d3-d0c0-4435-94a1-884c19497cf5,Cookiepedia,TARGETING,NoCookie,False,,2025-03-28T06:10:18.854491+00:00
dc0d4349-7dbb-47e2-8da2-d12ac179580e,Cookie Analysis,UNKNOWN,BVImplmain_site,False,,2025-03-28T06:10:48.800285+00:00
e0a265e3-2b23-4a63-bc42-29249cec0955,Cookie Analysis,UNKNOWN,om_ut_retail-media-session-id,False,,2025-03-28T06:11:18.814368+00:00
2a34fd0e-96b9-467e-a40c-10c76b1eb15f,Cookie Analysis,UNKNOWN,dm_dycnsnt,False,,2025-03-28T06:11:48.793702+00:00
727b5b57-984b-4c30-b1a6-e2c1ff7e14d1,Cookiepedia,STRICTLY_NECESSARY,utag_main_v_id,False,,2025-03-28T06:12:18.825087+00:00
330c891f-11b8-4fc6-9376-3ea230655fec,Cookie Analysis,UNKNOWN,utag_main_dc_visit,False,,2025-03-28T06:12:48.808065+00:00
5799f1ba-0a5a-4cd2-96e7-6381fbc24346,Cookie Analysis,UNKNOWN,utag_main_dc_event,False,,2025-03-28T06:13:18.844435+00:00
1c4614da-b86f-423d-9e82-51216969be3e,Cookie Analysis,UNKNOWN,dm_layer_shown,False,,2025-03-28T06:13:48.751318+00:00
24294c5e-b847-414d-a32d-06c8858812d8,Cookie Analysis,UNKNOWN,layer_popupappkampanja,False,,2025-03-28T06:14:18.947295+00:00
5d9c13e4-4c8b-417d-81bc-903200f323af,Cookie Analysis,UNKNOWN,TAPID,False,,2025-03-28T06:14:48.889219+00:00
14263d9b-aba0-487d-9dbb-37bb48063f78,Cookie Analysis,UNKNOWN,utag_main_dc_region,False,,2025-03-28T06:15:18.874594+00:00
66c68294-0d4d-4434-8873-52d8c3ec5972,Cookie Analysis,UNKNOWN,_SI_VS_3.96d0fc462f00013c77459393,False,,2025-03-28T06:15:48.831155+00:00
19f700a4-3802-4974-ad1c-14fdb87cd0a1,Cookie Analysis,UNKNOWN,_SI_VID_3.96d0fc462f00013c77459393,False,,2025-03-28T06:16:18.911315+00:00
c5903c5c-e993-4aa0-bb10-d7afff68ac49,Cookie Analysis,UNKNOWN,_SI_DID_3.96d0fc462f00013c77459393,False,,2025-03-28T06:16:48.879613+00:00
5fc531d7-15ec-419a-9fde-0741f0aa69ce,Cookie Analysis,UNKNOWN,_SI_VID_1.96d0fc462f00013c77459393,False,,2025-03-28T06:17:19.009552+00:00
ae799a3b-6f28-496a-9f17-8f226af0f8d9,Cookie Analysis,UNKNOWN,_SI_DID_1.96d0fc462f00013c77459393,False,,2025-03-28T06:17:48.910548+00:00
840790c3-dd0d-4d47-a01d-864bbfeef41a,Cookie Analysis,UNKNOWN,_SI_SID_1.96d0fc462f00013c77459393,False,,2025-03-28T06:18:18.929697+00:00
b29ad335-6fbc-4580-8142-4f5a04335694,Open Cookie Database,STRICTLY_NECESSARY,AWSALB,False,,2025-03-28T06:18:19.039079+00:00
1e63feb2-f209-4d7f-b57b-6910c3fa92c9,Cookie Analysis,UNKNOWN,_SI_SID_3.96d0fc462f00013c77459393,False,,2025-03-28T06:18:48.979024+00:00
53324407-6434-4bba-886f-0af4a5d10fe9,Cookiepedia,STRICTLY_NECESSARY,user_id,False,,2025-03-28T06:19:19.024023+00:00
891d52f4-c402-48d1-b027-23d451ce528b,Open Cookie Database,PERFORMANCE,rxVisitor,False,,2025-03-28T06:19:19.086564+00:00
7678f35b-209b-45f1-85bf-85bb079cfc6a,Cookie Analysis,UNKNOWN,wr_floodlightSession,False,,2025-03-28T06:19:48.940939+00:00
757a10fc-4201-4dbe-b6c7-5a69d190da42,Cookie Analysis,UNKNOWN,jctr_sid,False,,2025-03-28T06:20:19.016938+00:00
0da78591-27d0-4c1b-ab77-061bdc3c9542,Cookie Analysis,UNKNOWN,jts-rw,False,,2025-03-28T06:20:48.896746+00:00
aea47394-0c09-4079-a12e-ac51ccfc5168,Cookie Analysis,UNKNOWN,jts-ga-fe-cid,False,,2025-03-28T06:21:19.040508+00:00
bc4eb651-bd89-46d7-9e24-7c6936f2ff0e,Cookie Analysis,UNKNOWN,iadvize-7209-vuid,False,,2025-03-28T06:21:49.037560+00:00
aa9e0608-1f44-4051-8663-51c7d3db8214,Open Cookie Database,PERFORMANCE,dtPC,False,,2025-03-28T06:21:49.105724+00:00
699e691c-d1e9-48c3-bcc5-14e1b5fbbf85,Open Cookie Database,PERFORMANCE,rxvt,False,,2025-03-28T06:21:49.139080+00:00
3861d87b-53b4-41fc-9931-d80c69fddffb,Open Cookie Database,PERFORMANCE,dtCookie,False,,2025-03-28T06:21:49.191701+00:00
c4c65f93-75db-4318-8a42-fb02c17fd63e,Open Cookie Database,PERFORMANCE,dtSa,False,,2025-03-28T06:21:49.424040+00:00
c009a7c0-69ef-40b6-85d6-cb9a8c926f3e,Cookie Analysis,UNKNOWN,jts-fbp,False,,2025-03-28T06:22:18.988295+00:00
4fbafbda-5c78-488b-94af-773dcaad083a,Cookie Analysis,UNKNOWN,__rtbh.uid,False,,2025-03-28T06:22:49.002961+00:00
1ff2a8e4-4119-4316-be2c-4f5ec3749470,Cookie Analysis,UNKNOWN,mf_d3e81b55-c0a2-4ed2-a3bd-8d63c897f3c0,False,,2025-03-28T06:23:19.015286+00:00
277c219e-5c6d-4a15-b2e5-7f0f06fd7113,Cookie Analysis,UNKNOWN,cc_cookie,False,,2025-03-28T06:23:48.988665+00:00
7ad314f6-24de-443e-9ea7-58401753b646,Open Cookie Database,PERFORMANCE,_ga_81Q7P2RNM1,True,_ga_,2025-03-28T06:23:49.051199+00:00
f3274b04-5ade-42de-92cb-0b653bb43d22,Open Cookie Database,PERFORMANCE,_pk_id.7.bac0,True,_pk_id.,2025-03-28T06:23:49.129291+00:00
68ee1117-a946-4746-ae49-a89135e7a18c,Open Cookie Database,PERFORMANCE,_pk_ses.7.bac0,True,_pk_ses.,2025-03-28T06:23:49.191791+00:00
35ad582e-ae58-45eb-8251-f87d60273cf8,Open Cookie Database,PERFORMANCE,_gat_gtag_UA_160038389_1,True,_gat_gtag_,2025-03-28T06:23:49.879292+00:00
014ac321-024e-44d5-856a-1875ac569981,Open Cookie Database,PERFORMANCE,_ga_TMVVD3QDSG,True,_ga_,2025-03-28T06:23:49.957414+00:00
90a82d28-ca0c-44c1-8dd2-329586d3dc63,Open Cookie Database,PERFORMANCE,_ga_DYKNM1PMHH,True,_ga_,2025-03-28T06:23:50.019915+00:00
504f5867-66fc-4e8d-b19e-90462d208295,Cookie Analysis,UNKNOWN,css-cached-cookie,False,,2025-03-28T06:24:19.054231+00:00
73cd32e8-ed63-40f5-9714-96869d692bc6,Cookie Analysis,UNKNOWN,__cmpcccu24370,False,,2025-03-28T06:24:49.082870+00:00
8a6fcf6e-ddbb-41f9-9766-e978f4c0a7a6,Open Cookie Database,STRICTLY_NECESSARY,__cmpcvc,False,,2025-03-28T06:24:49.166331+00:00
dce8e214-c6ac-425f-82a4-2126e2b1e806,Open Cookie Database,STRICTLY_NECESSARY,__cmpcpc,False,,2025-03-28T06:24:49.270782+00:00
98936a08-be64-4897-9622-f8eb7ad42250,Open Cookie Database,STRICTLY_NECESSARY,lang,False,,2025-03-28T06:24:49.353726+00:00
6f842505-51fc-4bed-9181-a264c8ba94b9,Cookie Analysis,UNKNOWN,__cmpconsent24370,False,,2025-03-28T06:25:19.023273+00:00
b44a5727-3470-431d-a151-213793e543c6,Open Cookie Database,PERFORMANCE,_ga_1FBZBVR8C5,True,_ga_,2025-03-28T06:25:19.445184+00:00
8951033d-6b48-4da1-b19e-8c546a699438,Open Cookie Database,STRICTLY_NECESSARY,X-AB,False,,2025-03-28T06:25:20.327066+00:00
7d851cd6-9e7e-4bc7-a4a1-063700063d41,Open Cookie Database,PERFORMANCE,_ga_BTM7JB912Z,True,_ga_,2025-03-28T06:25:20.556508+00:00
b20bc687-bf16-45f2-9201-c78ff5ee5b9b,Open Cookie Database,TARGETING,_scid,False,,2025-03-28T06:25:20.619010+00:00
6a0d266a-4b7d-4978-b48b-0c8afbad41c9,Open Cookie Database,TARGETING,_scid_r,False,,2025-03-28T06:25:20.681502+00:00
fe2de3cf-f4d6-464d-8d48-f6b50791a98c,Open Cookie Database,TARGETING,sc_at,False,,2025-03-28T06:25:20.744010+00:00
5dce17bb-df07-4e41-9b19-5b8b075dddf6,Cookie Analysis,UNKNOWN,_ScCbts,False,,2025-03-28T06:25:49.086472+00:00
33c17c2c-1c1a-44be-aba1-b071b8d55e94,Open Cookie Database,TARGETING,_omappvp,False,,2025-03-28T06:25:49.813562+00:00
6f5770b1-7744-4a8e-a751-c07ef0737ce4,Open Cookie Database,TARGETING,_omappvs,False,,2025-03-28T06:25:49.981021+00:00
9b577c42-aa61-4dd2-a14a-9418f00ed07e,Cookie Analysis,UNKNOWN,porokabo,False,,2025-03-28T06:27:18.433591+00:00
c0fc26ca-9ace-4039-b2fd-42170fc87738,Cookie Analysis,UNKNOWN,intro_popup,False,,2025-03-28T06:27:48.447613+00:00
a28397ab-3c9b-46b9-a373-10494b9378cf,Open Cookie Database,PERFORMANCE,_ga_Q9J8N5B3M7,True,_ga_,2025-03-28T06:27:48.780808+00:00
5adca263-38c6-4001-96cd-77bf03bf4b08,Open Cookie Database,PERFORMANCE,_ga_XD6M95WE1K,True,_ga_,2025-03-28T06:29:40.232741+00:00
b53d0884-7fa8-4a2c-9d44-3452c69c5f1d,Open Cookie Database,STRICTLY_NECESSARY,external_no_cache,False,,2025-03-28T06:29:40.404616+00:00
d83d7a26-b6c0-478b-a78e-37b3a34c627d,Cookie Analysis,UNKNOWN,TPL,False,,2025-03-28T06:36:05.224755+00:00
d2ca41a5-5315-4bac-929e-8abea944c1be,Open Cookie Database,STRICTLY_NECESSARY,sess,False,,2025-03-28T06:36:05.257731+00:00
0c9b50b6-38e4-4dbd-bca4-f3b634f8e25d,Cookie Analysis,UNKNOWN,hsh,False,,2025-03-28T06:36:35.144348+00:00
a9cf146a-6097-4b17-878c-bfe4bcd04b7c,Cookie Analysis,UNKNOWN,lastVisited,False,,2025-03-28T06:37:05.104451+00:00
da94c8ce-7bc1-4657-9e3d-f5fee951a5d3,Cookiepedia,FUNCTIONALITY,AbTest,False,,2025-03-28T06:37:35.194899+00:00
763cd48e-6364-4abf-b05e-87f5d5dd51ad,Cookie Analysis,UNKNOWN,prs,False,,2025-03-28T06:38:05.182983+00:00
33d3dbef-460b-422c-b6f5-e4b248a2a1a5,Cookie Analysis,UNKNOWN,mainCountry,False,,2025-03-28T06:38:35.246279+00:00
a3d41c91-5269-4dee-8ee4-6e978b2d0642,Cookie Analysis,UNKNOWN,shopSuggesterState,False,,2025-03-28T06:39:05.269909+00:00
4626a270-19f0-4ba3-963d-30a59cd7a7eb,Cookie Analysis,UNKNOWN,_mktr_cart,False,,2025-03-28T06:39:35.224348+00:00
0fb9e575-f0dd-41db-8b16-7e705ea41ea3,Cookie Analysis,UNKNOWN,mCs,False,,2025-03-28T06:40:05.192108+00:00
e31cee6b-5aee-4ad4-af66-7e85a58475fa,Open Cookie Database,PERFORMANCE,_ga_DONOCI,True,_ga_,2025-03-28T06:40:05.270244+00:00
e2b7799f-a80d-492a-bf56-833f1ff5cb8d,Open Cookie Database,PERFORMANCE,_ga_E5E3QCZWM4,True,_ga_,2025-03-28T06:40:05.317154+00:00
da817144-7c15-44ff-a075-6ee07f61e81c,Open Cookie Database,STRICTLY_NECESSARY,_hjSession_2834957,True,_hjSession_,2025-03-28T06:40:05.582777+00:00
df9d96a1-ca24-406a-973d-714e383544fc,Cookie Analysis,UNKNOWN,_gaGtag,False,,2025-03-28T06:40:35.243277+00:00
537d75fe-c278-419b-9893-d1e3bad9eee6,Cookiepedia,FUNCTIONALITY,location,False,,2025-03-28T06:41:05.263572+00:00
2758ac52-9ef3-4abf-b80c-1b9ef1a7afed,Cookie Analysis,UNKNOWN,__Host-ASPSESSIONIDQETRTDQC,False,,2025-03-28T06:41:35.332104+00:00
5cb3d492-99c1-42ad-b1d1-6cdc5c0d260c,Open Cookie Database,STRICTLY_NECESSARY,_hjSessionUser_2834957,True,_hjSessionUser_,2025-03-28T06:41:35.391804+00:00
2d903e34-c850-49a9-be77-1f7be397be64,Cookie Analysis,UNKNOWN,E%2DSHOP%2EREPORT,False,,2025-03-28T06:42:05.202570+00:00
b44e03bf-1ede-408f-91f0-7489502160c2,Cookie Analysis,UNKNOWN,svet%2Dsvetil%2Esi,False,,2025-03-28T06:42:35.209939+00:00
86a109d8-bc0c-41c5-afb3-5f4c7289736c,Open Cookie Database,PERFORMANCE,_ga_HFET1N4NMS,True,_ga_,2025-03-28T06:42:35.938605+00:00
5043f28d-a8f5-4527-8f4b-ebf0b5ebb706,Open Cookie Database,TARGETING,_BEAMER_FILTER_BY_URL_zFtCCrplnull,True,_BEAMER_FILTER_BY_URL_,2025-03-28T06:42:36.021933+00:00
fa130e96-142c-40c4-a3e2-d626130629a5,Open Cookie Database,TARGETING,_BEAMER_USER_ID_zFtCCrplnull,True,_BEAMER_USER_ID_,2025-03-28T06:42:36.105220+00:00
b5a81f3d-cb35-4987-a93c-203a430097e4,Open Cookie Database,TARGETING,_BEAMER_FIRST_VISIT_zFtCCrplnull,True,_BEAMER_FIRST_VISIT_,2025-03-28T06:42:36.192526+00:00
4291329a-a090-4af8-be53-4a58171f6db4,Open Cookie Database,PERFORMANCE,_gat_gtag_UA_209712849_1,True,_gat_gtag_,2025-03-28T06:43:57.773819+00:00
8e387eb5-71df-4eba-846c-67478cb39dd4,Cookie Analysis,UNKNOWN,newsletter_displayed,False,,2025-03-28T06:43:59.032608+00:00
d779331a-aa3d-4211-b096-02c479536d3b,Open Cookie Database,PERFORMANCE,_ga_3B1DP4ZCC0,True,_ga_,2025-03-28T06:43:59.449743+00:00
95c433d4-46a4-4c47-b898-75148e7b6ef7,Cookie Database,PERFORMANCE,lsid,False,,2025-03-28T06:46:41.781310+00:00
6f72512f-712e-4bfd-adac-34ab99731c4b,Cookie Analysis,UNKNOWN,GN_USER_ID_KEY,False,,2025-03-28T06:46:51.879973+00:00
6231c086-ef8a-4162-adbb-e291f0503756,Cookie Analysis,UNKNOWN,GN_SESSION_ID_KEY,False,,2025-03-28T06:47:21.874836+00:00
0084411c-d250-4de6-aae0-139e9540d4f6,Cookie Analysis,UNKNOWN,tlf_37,False,,2025-03-28T06:47:51.858549+00:00
540221b0-4f0a-47b8-a29b-abe247d3a26a,Cookie Database,STRICTLY_NECESSARY,tve_leads_unique,False,,2025-03-28T06:47:52.860859+00:00
e3a2a2c6-7bfe-47dd-882d-e6bc43e48cb5,Cookie Analysis,UNKNOWN,tl_70_2087_37,False,,2025-03-28T06:48:21.869596+00:00
83bf4ab3-a077-4dce-aa38-5b5125edf9ee,Cookie Analysis,UNKNOWN,tl_70_157_5,False,,2025-03-28T06:48:51.948890+00:00
88d02d6d-8841-4c89-8587-b913a6a2c170,Cookie Analysis,UNKNOWN,tlf_34,False,,2025-03-28T06:49:21.868980+00:00
66d84a6f-ee6a-4e1f-a0ab-a0dce0bc875e,Cookie Analysis,UNKNOWN,tl_70_483_34,False,,2025-03-28T06:49:51.880852+00:00
3f275363-1e48-49a6-ad6b-52b0563b2782,Cookie Database,STRICTLY_NECESSARY,bkng,False,,2025-03-28T06:49:52.868481+00:00
72488ba7-4459-4691-8c3c-e0cb47361ed2,Cookie Analysis,UNKNOWN,tl_74_74_4,False,,2025-03-28T06:50:21.893519+00:00
a2155dc2-f804-4aa1-87b7-85de24c2cb22,Cookiepedia,STRICTLY_NECESSARY,cookieaccepted,False,,2025-03-28T06:50:51.899885+00:00
964d7cfa-4f13-4285-8cb4-918c46b754ea,Cookie Analysis,UNKNOWN,pcm_personalization_disabled,False,,2025-03-28T06:51:21.917946+00:00
dacc968d-f01e-4d50-a21d-b3d05bedd616,Cookie Analysis,UNKNOWN,bkng_sso_auth,False,,2025-03-28T06:51:51.935745+00:00
64f70a30-6ece-4739-9a42-f19fa4fea718,Cookie Analysis,UNKNOWN,pcm_consent,False,,2025-03-28T06:52:21.949244+00:00
e46b910f-28cb-4baa-ac43-279fb26c7c91,Cookie Database,STRICTLY_NECESSARY,cors_js,False,,2025-03-28T06:52:23.078098+00:00
c0e0c1e0-66ab-444b-8753-43938adddab9,Cookie Analysis,UNKNOWN,BJS,False,,2025-03-28T06:52:51.949263+00:00
d1da17d7-f88c-4c55-9157-eca1c3d4ceec,Cookie Analysis,UNKNOWN,bkng_sso_session,False,,2025-03-28T06:53:21.988630+00:00
d3e30ea9-3e55-4e93-a3a3-fe4083dbbfc9,Cookie Analysis,UNKNOWN,bkng_sso_ses,False,,2025-03-28T06:53:52.044638+00:00
b322803e-5324-4a06-8576-4ac973ed9b4e,Cookie Analysis,UNKNOWN,bkng_ap_sso_session,False,,2025-03-28T06:54:21.947513+00:00
c09d7f91-1cb0-417b-9609-2eb256d90dce,Cookiepedia,TARGETING,aws-waf-token,False,,2025-03-28T06:54:54.806624+00:00
02e5c147-680b-43c7-b9b7-6ccfc3a6019f,Cookie Database,STRICTLY_NECESSARY,lastSeen,False,,2025-03-28T06:54:55.687886+00:00
4c54d49f-172e-4f93-a261-6e6821d6e8ad,Cookie Analysis,UNKNOWN,kz_sid,False,,2025-03-28T06:55:21.979445+00:00
77440274-d704-488c-bc90-aff48ee1257e,Cookie Analysis,UNKNOWN,sessionPopup,False,,2025-03-28T06:55:52.004801+00:00
8694f89b-1b7a-408b-808b-7edf55e60327,Open Cookie Database,PERFORMANCE,_ga_X8MM1T075Z,True,_ga_,2025-03-28T06:55:52.067302+00:00
141bc636-9655-4a10-bae4-bef9e3a6594f,Open Cookie Database,PERFORMANCE,_ga_E2QMS22SKX,True,_ga_,2025-03-28T06:55:52.970364+00:00
1eb79bc1-41d6-47d0-9c62-72574099e7f2,Open Cookie Database,PERFORMANCE,_gat_UA-110701948-1,True,_gat,2025-03-28T06:55:53.079751+00:00
d7625531-6184-4aae-8341-0305dafb230b,Open Cookie Database,STRICTLY_NECESSARY,_hjSessionUser_1592669,True,_hjSessionUser_,2025-03-28T06:55:55.303787+00:00
0dd136c2-07bc-45cf-bb42-9c8e6840147a,Open Cookie Database,STRICTLY_NECESSARY,_hjSession_1592669,True,_hjSession_,2025-03-28T06:55:55.385672+00:00
01318c4f-4c14-4e8b-a79f-d270f4e34553,Open Cookie Database,PERFORMANCE,_gat_gtag_UA_154814716_1,True,_gat_gtag_,2025-03-28T06:55:55.471514+00:00
22e2ade1-2a1d-498e-bdc6-07c4ff17c5d1,Open Cookie Database,PERFORMANCE,_ga_JJQ5G6XFVM,True,_ga_,2025-03-28T06:55:55.588195+00:00
b29238cf-aa93-4835-a1eb-2d57d512cfe0,Open Cookie Database,STRICTLY_NECESSARY,wp-wpml_current_language,False,,2025-03-28T06:58:33.200101+00:00
cb25b02a-4adf-4d4b-b008-33021b8d69e1,Cookie Analysis,UNKNOWN,hf_cookie_consent,False,,2025-03-28T06:58:34.478308+00:00
e857c3d8-8205-462e-9a6d-ed28125c57c4,Open Cookie Database,PERFORMANCE,_ga_4VR61EMF4D,True,_ga_,2025-03-28T06:58:34.714902+00:00
642b2887-cb52-4835-b3ce-b22e64904cff,Open Cookie Database,PERFORMANCE,_pk_id.1.d93e,True,_pk_id.,2025-03-28T07:00:27.744060+00:00
e248e469-d863-4af1-b3e7-e4cc9447c7ed,Open Cookie Database,PERFORMANCE,_pk_ses.1.d93e,True,_pk_ses.,2025-03-28T07:00:27.822190+00:00
18878a48-2ab0-4605-a879-2689977d43cc,Cookie Analysis,UNKNOWN,H2,False,,2025-03-28T07:00:29.014994+00:00
7f18f702-8417-423f-9a07-78d5b5bbd405,Cookiepedia,STRICTLY_NECESSARY,TS019111fb,False,,2025-03-28T07:00:59.064462+00:00
c67590d4-4aff-4520-8d1b-a0fc4c9e5d25,Cookie Analysis,UNKNOWN,S,False,,2025-03-28T07:03:36.460719+00:00
04640e04-784e-4eb4-8546-b4f6ba9d648f,Open Cookie Database,TARGETING,COMPASS,False,,2025-03-28T07:03:36.520991+00:00
fdbff2b7-65db-44cd-9963-87c8bf70fd7b,Open Cookie Database,STRICTLY_NECESSARY,ep201,False,,2025-03-28T07:03:36.611941+00:00
b29da48d-04d2-47b8-8b47-a4326b1ca76a,Open Cookie Database,TARGETING,NID,False,,2025-03-28T07:03:36.698301+00:00
21d41f4d-5ff1-4f4a-8165-69f706cac9e3,Open Cookie Database,PERFORMANCE,_gat_gtag_UA_690486_1,True,_gat_gtag_,2025-03-28T07:03:36.929814+00:00
a15ee8d0-dc87-4f03-aa10-094fad124673,Open Cookie Database,PERFORMANCE,_ga_EG6W5VR7F6,True,_ga_,2025-03-28T07:03:37.283712+00:00
6c072640-9344-4a27-9f1a-e0ba13edb882,Open Cookie Database,STRICTLY_NECESSARY,_splunk_rum_sid,False,,2025-03-28T07:03:37.401517+00:00
b867bb34-8a2a-4492-b93f-cbb80f47e91b,Cookiepedia,STRICTLY_NECESSARY,TS019491b2,False,,2025-03-28T07:06:53.128438+00:00
f6edc4ad-2d96-4302-a7b3-8d8d5230d287,Open Cookie Database,STRICTLY_NECESSARY,ARRAffinity,False,,2025-03-28T07:06:53.333156+00:00
4c6b2c61-3344-470c-b8d7-13529a4423a8,Open Cookie Database,STRICTLY_NECESSARY,ARRAffinitySameSite,False,,2025-03-28T07:06:53.442530+00:00
e81b285c-9c2a-453e-87e8-5b306bdfb23a,Open Cookie Database,STRICTLY_NECESSARY,_hjSessionUser_55944,True,_hjSessionUser_,2025-03-28T07:06:53.528648+00:00
bd83b969-98e0-4e42-b61a-0f932e477da7,Open Cookie Database,STRICTLY_NECESSARY,_hjSession_55944,True,_hjSession_,2025-03-28T07:06:53.591352+00:00
61523a67-c5e4-4523-8c75-ae71dba7fa77,Cookiepedia,STRICTLY_NECESSARY,TS014c739e,False,,2025-03-28T07:07:23.224748+00:00
ad71d6b4-a045-4cd8-afa0-4881751b82b5,Cookie Analysis,UNKNOWN,ctAcceptMonitoring,False,,2025-03-28T07:07:52.994909+00:00
9e70caec-c9d0-4e5a-8e5f-385151a09457,Open Cookie Database,PERFORMANCE,_ga_71LG557FZY,True,_ga_,2025-03-28T07:07:53.073041+00:00
3bd465aa-86e1-4495-8eae-f71e0253c3c3,Open Cookie Database,PERFORMANCE,_gat_UA-2621746-5,True,_gat,2025-03-28T07:07:53.151168+00:00
5f18c882-0a5f-49a9-9d03-612cb25626f7,Open Cookie Database,PERFORMANCE,_ga_DHNTEQSNHY,True,_ga_,2025-03-28T07:07:53.218323+00:00
5f5127bb-65af-44bb-80eb-6deec5d549a6,Open Cookie Database,PERFORMANCE,_ga_X5XDDLEQC3,True,_ga_,2025-03-28T07:09:34.711739+00:00
071e4736-a349-4b16-a235-191f2803f3a8,Open Cookie Database,PERFORMANCE,_ga_XFZM5JFEWQ,True,_ga_,2025-03-28T07:12:05.228902+00:00
229e13ac-9206-4366-a5bc-41d20512d5a9,Cookie Analysis,UNKNOWN,viewmode,False,,2025-03-28T07:15:46.667479+00:00
2be45ea4-f097-41fe-b6c6-773e404b5aae,Cookie Analysis,UNKNOWN,organization_id,False,,2025-03-28T07:16:16.628670+00:00
10e66e84-da80-4935-a961-db262fcf16a9,Cookie Analysis,UNKNOWN,mladinska_session,False,,2025-03-28T07:18:38.367422+00:00
94780af1-e125-4569-af93-3a84ecc1c496,Open Cookie Database,STRICTLY_NECESSARY,_hjSessionUser_1852844,True,_hjSessionUser_,2025-03-28T07:18:38.941590+00:00
9c3311e9-e9f1-4b6a-98b5-57eeae223a6f,Open Cookie Database,STRICTLY_NECESSARY,_hjSession_1852844,True,_hjSession_,2025-03-28T07:18:39.000219+00:00
5238d06a-83ce-4cc6-9599-92b481114df3,Open Cookie Database,PERFORMANCE,_gat_UA-2684784-2,True,_gat,2025-03-28T07:18:39.097748+00:00
339d4d8f-2bc8-4f85-aede-ca10fbd11169,Open Cookie Database,PERFORMANCE,_gat_UA-2684784-1,True,_gat,2025-03-28T07:18:39.195285+00:00
bb3d7f62-6ca6-489e-85c9-e4c4b497d7dc,Open Cookie Database,PERFORMANCE,_ga_1566FP60L2,True,_ga_,2025-03-28T07:18:39.324737+00:00
18d02500-66e7-479a-9953-15400ff5a9cd,Cookie Analysis,UNKNOWN,__track,False,,2025-03-28T07:19:08.455633+00:00
e4c0eca1-846d-4251-8083-dbc6fb318b92,Cookiepedia,STRICTLY_NECESSARY,TS018548af,False,,2025-03-28T07:21:24.165948+00:00
b81c7646-12c1-4b47-abd8-729de0fa7fb3,Open Cookie Database,PERFORMANCE,_ga_V2Z65TYVBL,True,_ga_,2025-03-28T07:21:24.445502+00:00
5b592196-bf22-40dc-adc7-2b56687b6665,Open Cookie Database,PERFORMANCE,_gat_gtag_UA_197709505_1,True,_gat_gtag_,2025-03-28T07:21:24.512187+00:00
f316888c-5426-4bcd-bf85-4f1e05e59fb6,Open Cookie Database,PERFORMANCE,_ga_MLCX8KNGTD,True,_ga_,2025-03-28T07:21:24.578787+00:00
8ea8a1fc-c651-41bd-90e8-aa3bc1e072e2,Cookie Analysis,UNKNOWN,wdctx,False,,2025-03-28T07:23:54.303416+00:00
ae8bb842-bc5e-425f-b962-b33dd319d1a6,Cookie Analysis,UNKNOWN,asid,False,,2025-03-28T07:24:24.289327+00:00
da4790ff-7cad-4811-91ca-edd150708cca,Cookie Analysis,UNKNOWN,unid,False,,2025-03-28T07:24:54.323392+00:00
24d2f5fb-6329-4e73-a77d-00e2cf39a1f6,Cookie Analysis,UNKNOWN,_mgPrivacy,False,,2025-03-28T07:25:24.348219+00:00
70601a50-c5b0-4d63-8db1-00058c043054,Cookie Analysis,UNKNOWN,_mgExp-116,False,,2025-03-28T07:25:54.296907+00:00
8106be6c-a29e-4393-b82a-400fd6424fcd,Cookie Analysis,UNKNOWN,_mgExp-0,False,,2025-03-28T07:26:24.391485+00:00
8f4c16f6-89ba-4bb2-9d89-a4346e2d5057,Cookie Analysis,UNKNOWN,_mgTests,False,,2025-03-28T07:26:54.393961+00:00
8bb02300-7868-48c0-9748-afeba5f2da48,Cookie Analysis,UNKNOWN,_mgTestsActive,False,,2025-03-28T07:27:24.368386+00:00
a87238e3-a648-40d7-8257-fb4f5c4d6f51,Cookie Analysis,UNKNOWN,xnpe_992a8e42-8f86-11ea-af38-66ef9e1e82a7,False,,2025-03-28T07:27:54.351159+00:00
2a534536-bf28-4e24-bea0-0f08f1c3e04f,Cookie Database,TARGETING,__exponea_etc__,False,,2025-03-28T07:27:55.232449+00:00
a708d6e7-9536-4b39-859e-d6c34c37f542,Cookie Database,STRICTLY_NECESSARY,__exponea_time2__,False,,2025-03-28T07:28:05.324208+00:00
f22d5029-1bcd-4037-bc78-5123a15c734d,Open Cookie Database,PERFORMANCE,_ga_X8R0HVXBD2,True,_ga_,2025-03-28T07:28:06.042913+00:00
0f349df2-0681-4889-a928-347baa69a950,Cookie Analysis,UNKNOWN,mal_consent_gdpr_analytical,False,,2025-03-28T07:28:24.391177+00:00
1f063969-5157-43d6-ba7e-4ba392a292a2,Cookie Analysis,UNKNOWN,mal_consent_gdpr_personalization,False,,2025-03-28T07:28:54.406512+00:00
ca46e868-a577-4b92-b601-4d8a2edd91e1,Cookie Analysis,UNKNOWN,mal_consent_gdpr_remarketing,False,,2025-03-28T07:29:24.341055+00:00
fcf32ce6-1d05-45a5-ac34-925fbaec20dc,Cookie Analysis,UNKNOWN,mal_consent_gdpr_panel,False,,2025-03-28T07:29:54.379766+00:00
12f3553d-daa4-4a61-8d30-35ff0a44ed8f,Cookie Analysis,UNKNOWN,_cmuid,False,,2025-03-28T07:30:24.464290+00:00
005d20b0-5fef-41d2-bab6-d3188cb0f5d9,Open Cookie Database,PERFORMANCE,_dc_gtm_UA-1027003-1,True,_dc_gtm_,2025-03-28T07:30:25.216192+00:00
9450df1f-1f60-40f2-8b38-8722cb008666,Cookie Analysis,UNKNOWN,_RTBH_cd,False,,2025-03-28T07:30:54.438209+00:00
3909bf41-2c1f-4c4b-8037-8a1b41abb794,Cookiepedia,STRICTLY_NECESSARY,CONCRETE5,False,,2025-03-28T07:31:24.375479+00:00
c246fba5-7fee-4b54-804f-3e99d3e061b8,Cookie Analysis,UNKNOWN,cookie_consent_user_accepted,False,,2025-03-28T07:31:54.468253+00:00
b705e24a-5cd9-4d20-a4b4-988b532eebb0,Open Cookie Database,PERFORMANCE,_gat_gtag_UA_131838622_1,True,_gat_gtag_,2025-03-28T07:31:54.552268+00:00
dcace9dd-e59a-4aab-ad97-d925d939c676,Cookiepedia,STRICTLY_NECESSARY,cookie_consent_level,False,,2025-03-28T07:32:24.459073+00:00
bf12be92-fc2f-4e39-b64b-e0e42c290b59,Open Cookie Database,PERFORMANCE,_ga_RMN3EWYS5J,True,_ga_,2025-03-28T07:32:24.523555+00:00
42868d98-d285-4aea-bd1e-475ec1fc2903,Cookie Analysis,UNKNOWN,mcdonalds_session,False,,2025-03-28T07:32:54.446792+00:00
158463d4-7ba4-4d3c-b44d-d40069bb01fe,Open Cookie Database,PERFORMANCE,_ga_V9N3WP6V72,True,_ga_,2025-03-28T07:32:54.616811+00:00
ee1b8c3e-50d6-495e-8697-588969305407,Open Cookie Database,PERFORMANCE,_ga_CJKGED43Y2,True,_ga_,2025-03-28T07:32:54.878021+00:00
c13099af-6299-4a3e-b463-722b47a1596b,Cookie Database,STRICTLY_NECESSARY,__wpdm_client,False,,2025-03-28T07:32:55.951670+00:00
f18f8ad3-338a-4044-aa48-d2fc8bfdd8d2,Cookie Analysis,UNKNOWN,amzs6_prod,False,,2025-03-28T07:33:38.396893+00:00
5bee6839-d16f-49c9-9357-68f711ebead0,Cookiepedia,FUNCTIONALITY,device_view,False,,2025-03-28T07:34:08.366160+00:00
d9a5f89b-4b64-4134-8f57-d6b30529bc4f,Open Cookie Database,PERFORMANCE,_ga_ZPFYB4PVZ6,True,_ga_,2025-03-28T07:34:08.553623+00:00
33708410-b765-434d-bef6-a83f0a331a59,Cookie Analysis,UNKNOWN,cookie_gdpr,False,,2025-03-28T07:34:38.425930+00:00
e094e8e0-9a48-4935-97fc-8593833af29a,Cookie Analysis,UNKNOWN,cookie_fun_allow,False,,2025-03-28T07:35:08.430322+00:00
906bfb99-8eaf-4279-a799-19694bd788d2,Cookie Analysis,UNKNOWN,cookie_track_allow,False,,2025-03-28T07:35:38.397355+00:00
f0656476-e955-474e-82de-0bcf947c286c,Cookie Analysis,UNKNOWN,cookie_ads_allow,False,,2025-03-28T07:36:08.458478+00:00
3e8090f4-30b9-4d6c-ae41-a23133862827,Open Cookie Database,STRICTLY_NECESSARY,NSC_wt_ifswjt.tj_iuuq,True,NSC_,2025-03-28T07:40:22.776934+00:00
97ec23e7-66e9-43cb-8e15-cc1188383117,Cookie Analysis,UNKNOWN,cpk_si,False,,2025-03-28T07:47:15.800647+00:00
06ce14f1-e5d1-4225-a43e-7f1749110515,Open Cookie Database,PERFORMANCE,_ga_7WYJPDS5R3,True,_ga_,2025-03-28T07:51:47.694580+00:00
61be7796-8782-42c1-bba5-3e2f49cb7e67,Cookie Analysis,UNKNOWN,42676310952db8394cd2fb75862e3cc5,False,,2025-03-28T07:54:05.979499+00:00
61252098-6b22-478a-b556-788c6ba81d71,Open Cookie Database,PERFORMANCE,_ga_7QZ7GMXWH9,True,_ga_,2025-03-28T07:54:06.295122+00:00
904bb928-520d-4345-a538-03998e4ffe1b,Open Cookie Database,PERFORMANCE,_gat_UA-39293072-1,True,_gat,2025-03-28T07:54:06.432735+00:00
34ea9f62-9c31-42c2-9489-d98aa3499113,Cookie Analysis,UNKNOWN,eprvak_device_id,False,,2025-03-28T07:54:35.895177+00:00
4f320ba7-73ae-4bb5-a924-e6c98e3b9ff3,Cookie Analysis,UNKNOWN,epp_id,False,,2025-03-28T07:55:05.943872+00:00
e0be40d9-9a7f-4d53-8650-34b5d375c70f,Cookie Analysis,UNKNOWN,epp_sid,False,,2025-03-28T07:55:35.973597+00:00
955159fd-4d60-428c-9d38-f86e38a6ee13,Cookie Analysis,UNKNOWN,eprvak_session_id,False,,2025-03-28T07:56:05.949149+00:00
7814ac22-1de3-4a85-b29c-9619f64599c4,Cookie Analysis,UNKNOWN,p9s85lsiql713i99moobfk7,False,,2025-03-28T07:56:35.978347+00:00
e130b979-c41e-4a6c-9dd9-5e5904e8b6bb,Cookie Analysis,UNKNOWN,eprvak_referer_id,False,,2025-03-28T07:57:05.944129+00:00
1e954602-63cb-4c77-aef9-0d3678aab353,Cookie Analysis,UNKNOWN,h36qs2gl6rlhb395hg8dlj2,False,,2025-03-28T07:57:35.945172+00:00
20f53eb7-a01f-43d1-b7fd-4ac9b1323e55,Cookie Analysis,UNKNOWN,4setmj2rnrqx1yejx1w1vyi,False,,2025-03-28T07:58:05.958407+00:00
f39501e2-ccad-4d62-b316-47c66bd2a5ca,Cookie Analysis,UNKNOWN,chatbase_anon_id,False,,2025-03-28T07:58:35.972342+00:00
5e2c3dd4-3eca-45f1-a893-0e6a825b8ead,Cookie Analysis,UNKNOWN,cookie_choice,False,,2025-03-28T07:59:05.993406+00:00
c0d5083f-99b1-41ff-a3dc-8ac32da0d05c,Open Cookie Database,PERFORMANCE,_gat_gtag_UA_134825802_1,True,_gat_gtag_,2025-03-28T07:59:06.113231+00:00
ff858319-ddc4-46b8-88e0-1f7b6fca0bba,Open Cookie Database,PERFORMANCE,_gat_UA-134825802-1,True,_gat,2025-03-28T07:59:06.174114+00:00
c173f1a4-b8f8-494e-8c19-8dcce3563502,Open Cookie Database,PERFORMANCE,_ga_9NJ04SDJW4,True,_ga_,2025-03-28T07:59:06.246450+00:00
599e56b8-4571-4ed2-a7dd-44a294bf67a4,Open Cookie Database,PERFORMANCE,_ga_4KFQMWM8Q1,True,_ga_,2025-03-28T07:59:15.090029+00:00
870f64bc-368d-4869-8419-f347b4e4b1e1,Open Cookie Database,PERFORMANCE,_ga_0ML75T71Z9,True,_ga_,2025-03-28T08:01:41.706763+00:00
d910e53c-84d2-4d9c-ade4-502c253685ea,Open Cookie Database,PERFORMANCE,_gat_clientTracker,True,_gat,2025-03-28T08:04:16.751166+00:00
10a7dd7f-d3c4-4493-968c-5f20702fc2d2,Open Cookie Database,PERFORMANCE,_ga_L0CK63JCPD,True,_ga_,2025-03-28T08:04:16.844918+00:00
5b330f29-f5c2-434a-8429-e4a3d40f9f47,Open Cookie Database,PERFORMANCE,_gat_UA-162447866-2,True,_gat,2025-03-28T08:06:25.544053+00:00
67a5f604-5525-43d4-92b0-639ec34bff42,Cookie Analysis,UNKNOWN,kodila_trgovina_session,False,,2025-03-28T08:06:26.719812+00:00
d5e37309-8547-4e93-ad24-d74f4d2ff610,Open Cookie Database,PERFORMANCE,_gat_UA-133229168-1,True,_gat,2025-03-28T08:08:56.969385+00:00
c3b474f8-c270-4077-9628-641b96905fc5,Open Cookie Database,PERFORMANCE,_ga_JGH365KB1V,True,_ga_,2025-03-28T08:08:57.047512+00:00
809cbd2f-0b5b-43e6-a772-a82866ecb672,Open Cookie Database,STRICTLY_NECESSARY,TiPMix,False,,2025-03-28T08:11:07.615111+00:00
a5089760-12cc-44df-8828-b015b9113165,Open Cookie Database,STRICTLY_NECESSARY,x-ms-routing-name,False,,2025-03-28T08:11:07.677617+00:00
53a8caae-a31b-4413-a916-421faf302844,Open Cookie Database,PERFORMANCE,_ga_WXWS93TZ7W,True,_ga_,2025-03-28T08:11:07.755742+00:00
1b0fa568-490e-4c76-ad57-20f7170afc2e,Open Cookie Database,PERFORMANCE,_ga_9PS4Y4DRZT,True,_ga_,2025-03-28T08:14:35.058313+00:00
c91a46b6-39bb-44de-9527-fcd67c14b964,Open Cookie Database,PERFORMANCE,_ga_7NQGRV903W,True,_ga_,2025-03-28T08:16:48.147769+00:00
498790e0-2972-4996-bc4e-1ed86f12b919,Cookie Analysis,UNKNOWN,ck_confirmed,False,,2025-03-28T08:19:18.118844+00:00
5fa5bfb6-044f-4ca9-9a4a-e3e6dd674e12,Open Cookie Database,STRICTLY_NECESSARY,NSC_JO0q5jt2cooguzobc55rmrdd0tc1teq,True,NSC_,2025-03-28T08:23:29.442371+00:00
a979e483-5e85-4f43-b677-74c484c302fc,Open Cookie Database,STRICTLY_NECESSARY,NSC_wtsw_ofyu.dp.vl_iuuq2,True,NSC_,2025-03-28T08:23:29.520496+00:00
a9d260c0-fa8b-4e72-9698-7e8ff6a2617a,Cookie Analysis,UNKNOWN,NextDeviceType,False,,2025-03-28T08:23:30.953594+00:00
ec5e1b15-1fd4-4289-b00d-20a9e9ba1d8d,Cookie Analysis,UNKNOWN,akaas_MEGANAV_2022_PD,False,,2025-03-28T08:24:00.912196+00:00
7701f3bf-c4e6-4551-8065-8734cd9f3868,Cookie Analysis,UNKNOWN,Queue-it-0b6a8275-62c3-4b92-859d-2dc73e699c05,False,,2025-03-28T08:24:30.919834+00:00
e52da7cd-5c83-4864-84da-19d9ba497ba3,Cookie Analysis,UNKNOWN,QueueITAccepted-SDFrts345E-V3_nextintmainsitelive,False,,2025-03-28T08:25:00.910550+00:00
65194b07-cf68-4ebb-9bdd-d118ef0c20cc,Cookie Analysis,UNKNOWN,x-next-realm-entrypoint,False,,2025-03-28T08:25:30.958239+00:00
ee3434b4-a1f3-4172-a84b-129445c2dd29,Cookie Analysis,UNKNOWN,IdentityReqParams,False,,2025-03-28T08:26:00.964512+00:00
6a0ba710-d4ab-4070-8872-e4674eb29eac,Cookie Analysis,UNKNOWN,NextSessionVariables,False,,2025-03-28T08:26:30.879456+00:00
3429afc5-ce75-41a8-9db1-809430b808cf,Cookie Analysis,UNKNOWN,NextVisitor,False,,2025-03-28T08:27:01.026140+00:00
c0daa063-1cec-494a-8466-b56483980a43,Cookie Analysis,UNKNOWN,Next,False,,2025-03-28T08:27:30.930844+00:00
b1e9b244-330a-4280-8bb8-2c8f21685698,Cookie Analysis,UNKNOWN,PIM-SESSION-ID,False,,2025-03-28T08:28:00.974116+00:00
3da0e30b-bb76-4fa8-8cf6-2f275530b96c,Cookie Analysis,UNKNOWN,Queue-it-f2536cfa-d809-44ad-84ea-647d7b8a6a64,False,,2025-03-28T08:28:30.959750+00:00
f1e0a49f-433b-4f9f-97d4-f8704fdbf2b6,Cookie Analysis,UNKNOWN,RPId,False,,2025-03-28T08:29:00.986490+00:00
3edec6b4-6f19-4083-8f8f-ddace047da71,Open Cookie Database,PERFORMANCE,_ga_CPNG9GPPKM,True,_ga_,2025-03-28T08:29:01.352934+00:00
a0a0dffd-c324-424b-b6ce-9f03e1bb7ead,Cookie Analysis,UNKNOWN,OptUCMOnsiteConsent,False,,2025-03-28T08:29:30.834237+00:00
5cc41484-c594-4f37-ae72-30dd4e5aa625,Open Cookie Database,PERFORMANCE,_ga_0MCQTK8RLH,True,_ga_,2025-03-28T08:29:30.912308+00:00
6105fa26-6a2b-4de7-9b62-851eb571dcc4,Cookie Analysis,UNKNOWN,exponeaRpid,False,,2025-03-28T08:30:01.001164+00:00
370666cc-488f-43e5-8881-e5d124ab9646,Cookiepedia,FUNCTIONALITY,_br_uid_2,False,,2025-03-28T08:30:30.958586+00:00
71719b31-9a4c-4ecf-bf92-90ac645a3e70,Open Cookie Database,PERFORMANCE,_ga_EZDM0TQ1LB,True,_ga_,2025-03-28T08:30:31.108417+00:00
3316397a-8bf8-4c9f-b19d-41b0039db285,Open Cookie Database,PERFORMANCE,_s,False,,2025-03-28T08:30:31.175066+00:00
37952474-dc8e-4ff8-9d6d-291a312b2cd6,Cookiepedia,TARGETING,_mibhv,False,,2025-03-28T08:31:00.986051+00:00
c1adbf90-cfb5-451e-a68c-fcb9888fe90b,Cookie Analysis,UNKNOWN,xnpe_edabaf92-ebd7-11eb-942d-1648dad0cdd5,False,,2025-03-28T08:31:31.003813+00:00
837dfdb2-254d-4535-a245-c11df1f980f0,Cookie Analysis,UNKNOWN,MASId,False,,2025-03-28T08:32:00.946444+00:00
907e59f5-8838-4258-98e3-6a095661f039,Cookie Analysis,UNKNOWN,_br_mt_search,False,,2025-03-28T08:32:31.001822+00:00
10f5936b-4ba0-4ce8-a2e4-e355c8516dcd,Cookie Analysis,UNKNOWN,Queue-it-2ff16d29-c7a4-4e39-b81f-463ce5919c1b,False,,2025-03-28T08:33:00.990240+00:00
2506cb5b-aaff-4c0b-8729-d63bdf8a2edf,Cookie Analysis,UNKNOWN,OptanonReset,False,,2025-03-28T08:33:31.084393+00:00
83557e6f-c01a-4eb0-88d2-58e4d53172b6,Cookie Analysis,UNKNOWN,UcmOptOutStatus,False,,2025-03-28T08:34:01.033717+00:00
69f39da7-1f10-40eb-9b39-fc7fedaebd0d,Open Cookie Database,PERFORMANCE,_ga_5S8D14VL0E,True,_ga_,2025-03-28T08:34:01.455583+00:00
4ec90422-b164-4860-869a-ab3010c4e8e3,Open Cookie Database,PERFORMANCE,_ga_171R9GWK0Z,True,_ga_,2025-03-28T08:34:01.611842+00:00
a18bea31-ccc7-4890-8059-c5c3ae8704d9,Cookie Analysis,UNKNOWN,wp_ga4_customerGroup,False,,2025-03-28T08:34:43.579295+00:00
d7779947-7842-4321-8981-424f4e1370f0,Open Cookie Database,STRICTLY_NECESSARY,_hjSessionUser_1795758,True,_hjSessionUser_,2025-03-28T08:34:44.440230+00:00
9096585f-12fe-41c7-905c-eb39247f898c,Open Cookie Database,STRICTLY_NECESSARY,_hjSession_1795758,True,_hjSession_,2025-03-28T08:34:44.588345+00:00
e2fd5d8e-3ccf-4279-b0ff-6455f5458c67,Open Cookie Database,PERFORMANCE,_ga_R8KB7Y1BLS,True,_ga_,2025-03-28T08:34:44.872563+00:00
96100e9b-96f5-4bad-95bc-25c80fab651f,Cookie Analysis,UNKNOWN,.Nop.Session,False,,2025-03-28T08:37:11.301727+00:00
147ada28-c691-461b-90b3-05b8786b1124,Open Cookie Database,PERFORMANCE,_ga_F6XKFGC0FQ,True,_ga_,2025-03-28T08:37:11.567352+00:00
76cc671f-24ba-4f35-8296-d944f633c6e9,Cookie Analysis,UNKNOWN,cb-hide,False,,2025-03-28T08:37:41.295790+00:00
b3a5ae37-9d12-47e0-81a8-f02f6bcd0c0c,Open Cookie Database,PERFORMANCE,_ga_JCY90B8D5K,True,_ga_,2025-03-28T08:44:00.817958+00:00
58e7092c-9db8-492d-b4cd-adb6fbd88060,Cookiepedia,FUNCTIONALITY,searchsuiteautocomplete,False,,2025-03-28T08:44:02.171420+00:00
9d2c0468-0b50-4ea1-8b87-939157a6fc8e,Open Cookie Database,STRICTLY_NECESSARY,user_allowed_save_cookie,False,,2025-03-28T08:44:03.035400+00:00
2ccc5837-7abf-4907-8356-13285d1a6d22,Open Cookie Database,PERFORMANCE,_ga_0MT30SMFF0,True,_ga_,2025-03-28T08:47:11.413763+00:00
5bdd8c2d-05c6-4fce-a7f4-1b69c8782950,Open Cookie Database,PERFORMANCE,_gat_gtag_UA_116909175_1,True,_gat_gtag_,2025-03-28T08:47:11.523156+00:00
1f0fdf5f-358f-4953-912a-3db4a8211690,Open Cookie Database,PERFORMANCE,_gat_gtag_UA_116909175_4,True,_gat_gtag_,2025-03-28T08:47:11.648139+00:00
4a9c6591-4186-4016-b832-eff9838b8268,Open Cookie Database,PERFORMANCE,_ga_329VM6K8S6,True,_ga_,2025-03-28T08:47:11.757519+00:00
0714b142-93c8-4d04-90aa-2cfd18cb8c32,Cookie Analysis,UNKNOWN,DM_SitId807SecId4239,False,,2025-03-28T08:50:25.736655+00:00
4d276dfc-cd48-4aa6-956c-753624c26fe9,Open Cookie Database,PERFORMANCE,_ga_55ZWF0SPZY,True,_ga_,2025-03-28T08:50:26.359503+00:00
140edb52-005e-4feb-9486-646afe519d3d,Cookie Analysis,UNKNOWN,cid_2d3fb44a87d44b158989725acd032ec1,False,,2025-03-28T08:50:55.668926+00:00
ae84713a-0c81-4497-b9be-8d2c1699e44b,Cookie Analysis,UNKNOWN,linker-conversion-1516314,False,,2025-03-28T08:51:25.753370+00:00
fc7efaf0-4274-4e0d-8676-913430d26ed5,Cookie Analysis,UNKNOWN,DM_SitId807SecId4239Stress,False,,2025-03-28T08:51:55.615608+00:00
124da134-2510-4ab7-9fd6-5e7444f38009,Cookie Analysis,UNKNOWN,ckbk,False,,2025-03-28T08:52:25.711995+00:00
11bbb7b4-27da-407a-82e6-f8919bdaac7f,Cookie Analysis,UNKNOWN,linker-conversion-1511006,False,,2025-03-28T08:52:55.693264+00:00
d1d2cc79-584b-4f97-b1d3-17e1ce65e195,Open Cookie Database,PERFORMANCE,_ga_1DCCVNE8FS,True,_ga_,2025-03-28T08:53:40.265902+00:00
b8b985e6-dabf-4cfb-b319-90671c896608,Cookiepedia,TARGETING,Consent,False,,2025-03-28T08:57:07.901275+00:00
261956ba-3e99-42ab-86ed-afae51e23ba4,Open Cookie Database,PERFORMANCE,_ga_WS3BRBDY78,True,_ga_,2025-03-28T08:57:08.048191+00:00
e705147f-d87b-4be3-9296-57850e568a4a,Cookie Analysis,UNKNOWN,TOMCAT_SESSION_ID,False,,2025-03-28T08:59:30.167207+00:00
b2cfb4d6-7cdd-4b25-8f86-4c2cac83c5aa,Cookie Analysis,UNKNOWN,adb_appServer,False,,2025-03-28T09:00:00.134461+00:00
6531790b-720d-4f2f-ac89-3f8650a423b7,Open Cookie Database,STRICTLY_NECESSARY,GCLB,False,,2025-03-28T09:00:00.181337+00:00
1421abe1-e110-490b-89d3-7ef4dc4b87ce,Cookiepedia,STRICTLY_NECESSARY,adobeujs-optin,False,,2025-03-28T09:00:30.172014+00:00
d9a005fd-2107-4702-b0dc-56181d5552bd,Cookie Analysis,UNKNOWN,adbConsent3rdParty,False,,2025-03-28T09:01:00.091922+00:00
f128f557-d422-46f3-902d-f3c1a2078386,Cookie Analysis,UNKNOWN,viewport,False,,2025-03-28T09:01:30.104325+00:00
80bd4bef-1c5d-41aa-a630-3e4f73d04b87,Cookie Analysis,UNKNOWN,productComparison,False,,2025-03-28T09:02:00.035368+00:00
a61ac20e-402e-48b7-926c-1602394246d3,Cookie Analysis,UNKNOWN,favProduct,False,,2025-03-28T09:02:30.201668+00:00
8f3c1ff2-aeee-456f-98d4-f9e7526d6b8c,Cookiepedia,FUNCTIONALITY,recentlyViewed,False,,2025-03-28T09:03:00.134691+00:00
35fa90d1-3877-4ae6-b2cc-c54a3582ea67,Open Cookie Database,TARGETING,s_ecid,False,,2025-03-28T09:03:00.619031+00:00
2a4ae128-517c-4302-b6dc-5d67e2bf1c73,Cookiepedia,PERFORMANCE,s_vnum,False,,2025-03-28T09:03:30.172565+00:00
11576dc3-14c8-47e0-a40d-2a235de8d0d8,Cookiepedia,PERFORMANCE,s_invisit,False,,2025-03-28T09:04:00.150107+00:00
e3c53a5f-e450-449f-984e-fdb78b69066a,Open Cookie Database,PERFORMANCE,s_cc,False,,2025-03-28T09:04:00.196773+00:00
0fcb42af-e373-4bf3-8018-500f3b6a22e0,Cookie Analysis,UNKNOWN,functionalCookies,False,,2025-03-28T09:05:00.202836+00:00
748cf5ab-ef64-476a-9a1f-3bb37f9c8108,Cookie Analysis,UNKNOWN,analyticsCookies,False,,2025-03-28T09:05:30.148002+00:00
da443abc-f877-48a0-8294-9ee3dde74303,Cookie Analysis,UNKNOWN,marketingCookies,False,,2025-03-28T09:06:00.175629+00:00
75c6b0d7-767e-4047-aa3d-3f197dd77498,Open Cookie Database,PERFORMANCE,_ga_037DFYYWFJ,True,_ga_,2025-03-28T09:06:00.241213+00:00
07b7d5da-4338-419a-962e-083b64f8ea2e,Open Cookie Database,TARGETING,prism_801783811,True,prism_,2025-03-28T09:06:00.325987+00:00
42602483-c767-4bb6-a004-4f641386c1a1,Cookie Analysis,UNKNOWN,domovina_session,False,,2025-03-28T09:06:49.919436+00:00
aed1c321-8f67-487d-8261-5badfa21a2ca,Open Cookie Database,PERFORMANCE,_ga_8T6CV42DTN,True,_ga_,2025-03-28T09:06:50.358986+00:00
5719db59-e39c-49b8-b506-953bda683b17,Cookie Analysis,UNKNOWN,AVPUID,False,,2025-03-28T09:07:19.880674+00:00
a0456f8b-cc12-4da5-a32d-83f5a36a7c80,Cookie Analysis,UNKNOWN,STDSESSION,False,,2025-03-28T09:08:02.570932+00:00
04688cd5-3975-4939-8dec-80334cc8b834,Cookie Analysis,UNKNOWN,_itxo11y_ses.4654,False,,2025-03-28T09:08:32.522748+00:00
25d0b630-33d5-4f13-ab83-4f017fdadefb,Cookie Analysis,UNKNOWN,_itxo11y_id.4654,False,,2025-03-28T09:09:02.476887+00:00
1f4c58ec-b6e7-4443-a664-e36681231af2,Cookie Analysis,UNKNOWN,_imutc,False,,2025-03-28T09:09:32.564859+00:00
954db61f-d421-44bc-bf01-985d726f2c84,Cookie Analysis,UNKNOWN,lantern,False,,2025-03-28T09:10:02.531248+00:00
82592c52-5f4c-4d72-b250-f9894b075fec,Open Cookie Database,PERFORMANCE,_ga_LQGSX5V976,True,_ga_,2025-03-28T09:10:02.593750+00:00
80101427-5996-4caf-8350-4d738146a8ca,Open Cookie Database,STRICTLY_NECESSARY,last_visited_store,False,,2025-03-28T09:12:07.165084+00:00
fd2491d0-25a2-4b2c-be7e-ef2312660814,Cookie Analysis,UNKNOWN,my-store,False,,2025-03-28T09:12:08.258833+00:00
89bfdd86-2888-416f-88d9-7f18f120b37b,Cookiepedia,FUNCTIONALITY,wishlist,False,,2025-03-28T09:12:38.313525+00:00
a58bff0d-115a-43e3-ad6f-79a5c9077428,Cookie Analysis,UNKNOWN,mg,False,,2025-03-28T09:13:08.347164+00:00
58a6774c-38b3-414c-9264-880431305b9f,Cookie Analysis,UNKNOWN,obiConsent,False,,2025-03-28T09:13:38.317843+00:00
45137dc4-f18b-47c3-93e8-638c72184417,Cookie Analysis,UNKNOWN,obi_ca_sid,False,,2025-03-28T09:14:08.300567+00:00
11c02ad6-8a36-479f-8a13-58de29f70606,Cookie Analysis,UNKNOWN,obi_ca_eid,False,,2025-03-28T09:14:38.283957+00:00
07cb51ca-8305-49da-b09e-87c38e9c92d5,Cookie Analysis,UNKNOWN,wtstp_sid,False,,2025-03-28T09:15:08.375909+00:00
11c33d46-34fb-48dd-9b3d-67f80561b82d,Cookie Analysis,UNKNOWN,wtstp_eid,False,,2025-03-28T09:15:38.331659+00:00
2b97e44e-279f-4a9a-b043-1823ff1ed601,Cookie Analysis,UNKNOWN,wtstp_rla,False,,2025-03-28T09:16:08.353013+00:00
d91c8aa7-e9e4-4b89-9dc6-fc521173d70f,Open Cookie Database,STRICTLY_NECESSARY,_hjSessionUser_3501475,True,_hjSessionUser_,2025-03-28T09:16:08.443064+00:00
f6fd4bbc-67bf-4638-b86f-c948aea26614,Open Cookie Database,STRICTLY_NECESSARY,_hjSession_3501475,True,_hjSession_,2025-03-28T09:16:08.502858+00:00
df514b00-aee8-485c-89b5-22709152198f,Cookie Analysis,UNKNOWN,miCookieOptOut,False,,2025-03-28T09:16:38.385952+00:00
b7eacffc-57ee-4d68-8f9f-7387139f48ea,Cookie Analysis,UNKNOWN,advance-cookie-banner-seen,False,,2025-03-28T09:17:08.360922+00:00
b6ff7cb3-0290-4ab4-92a2-9d7c40d41782,Open Cookie Database,STRICTLY_NECESSARY,_hjSessionUser_3167407,True,_hjSessionUser_,2025-03-28T09:17:08.439046+00:00
fc8f3455-53b2-4707-9cb5-3397253f7b02,Open Cookie Database,STRICTLY_NECESSARY,_hjSession_3167407,True,_hjSession_,2025-03-28T09:17:08.501546+00:00
81d5b0b5-6da5-480e-8a05-d0147656aaa6,Open Cookie Database,PERFORMANCE,_ga_0GD61GN41X,True,_ga_,2025-03-28T09:17:08.579672+00:00
68579aff-2d8f-461c-b905-6d62a9c9e47a,Cookie Analysis,UNKNOWN,sc_lurl,False,,2025-03-28T09:19:11.875602+00:00
2bdab4c3-22ea-4bcb-b68d-af7f13d81053,Open Cookie Database,PERFORMANCE,_ga_22N6Y4C8XX,True,_ga_,2025-03-28T09:19:12.134950+00:00
05ec2897-340d-47b4-b489-e4d776635a58,Open Cookie Database,PERFORMANCE,_ga_D3QXB8BET8,True,_ga_,2025-03-28T09:19:12.201471+00:00
d1b6a8c2-abd0-41aa-a693-418e8be467d2,Open Cookie Database,STRICTLY_NECESSARY,X-Magento-Vary,False,,2025-03-28T09:19:12.334731+00:00
cf96e1e0-7d57-469b-b7dc-0e0bfcfe0a0f,Cookie Analysis,UNKNOWN,amcookie_policy_restriction,False,,2025-03-28T09:19:41.847795+00:00
0aaaae34-45cd-4622-a177-4feca15e249e,Cookie Analysis,UNKNOWN,scgacid,False,,2025-03-28T09:20:11.839410+00:00
36cd04c0-968f-4d70-9eec-d8d4dd7a753f,Cookie Analysis,UNKNOWN,gagtmblock,False,,2025-03-28T09:20:41.841899+00:00
9ad4795b-fe49-4019-9df6-af8f6728cb48,Cookie Analysis,UNKNOWN,scgacookie,False,,2025-03-28T09:21:11.834434+00:00
0066adb4-48d1-4678-a4ee-6d4f2850cebe,Cookie Analysis,UNKNOWN,tl_4354_4354_15,False,,2025-03-28T09:21:41.801019+00:00
d665fcf8-30e2-43f4-9780-4bc14f83ccb1,Cookie Analysis,UNKNOWN,tl_3310_3310_8,False,,2025-03-28T09:22:11.830904+00:00
47eaa888-be1b-4cd1-b0a3-84e79128c1a0,Open Cookie Database,PERFORMANCE,_ga_1DQTWDLW65,True,_ga_,2025-03-28T09:22:11.924697+00:00
a8738501-62c6-4a5b-af11-4e80707132be,Cookie Analysis,UNKNOWN,tl_4175_4175_10,False,,2025-03-28T09:22:41.849918+00:00
b632ccdc-5e89-4f33-b570-1fbc5a99768b,Open Cookie Database,PERFORMANCE,_ga_REEDJMCYBF,True,_ga_,2025-03-28T09:24:10.198214+00:00
6985403d-969e-4f9f-a736-452f06f056b3,Open Cookie Database,TARGETING,bscookie,False,,2025-03-28T09:29:41.633161+00:00
082381ba-8716-4e0b-bf4a-4af5abd8521a,Open Cookie Database,STRICTLY_NECESSARY,li_alerts,False,,2025-03-28T09:29:41.726943+00:00
6cd3437a-67ab-4fa4-b041-250df51707d6,Cookie Analysis,UNKNOWN,SK2,False,,2025-03-28T09:32:02.799329+00:00
205168df-bd51-4264-ab60-8eb2dae7db60,Open Cookie Database,PERFORMANCE,_ga_52Y58NW2WJ,True,_ga_,2025-03-28T09:32:03.144868+00:00
4258b946-52d6-4758-b162-5fb68a66006d,Cookiepedia,STRICTLY_NECESSARY,cookie_accept,False,,2025-03-28T09:32:32.723369+00:00
6dd02790-3410-44da-8822-ae44a2e0c5ad,Cookie Analysis,UNKNOWN,t3pref,False,,2025-03-28T09:33:18.287063+00:00
bf21a176-9060-4a5c-baf1-2f7d68565bb6,Cookie Analysis,UNKNOWN,t3pentry,False,,2025-03-28T09:33:48.212060+00:00
cff12814-5096-4195-bd55-82dbe0e7c847,Cookie Analysis,UNKNOWN,FluentLocale,False,,2025-03-28T09:36:03.823563+00:00
102a8c6c-a124-48de-a83d-915afa9dbcfa,Cookie Analysis,UNKNOWN,SECSESSID,False,,2025-03-28T09:36:33.680647+00:00
84014050-3ed3-4900-905e-aa3571f18e9b,Open Cookie Database,PERFORMANCE,_ga_981R94JK45,True,_ga_,2025-03-28T09:36:33.805652+00:00
c5fced8a-e291-4e0c-906f-af166560e8f3,Cookie Analysis,UNKNOWN,font-family,False,,2025-03-28T09:40:19.779513+00:00
874302a8-1a68-40cd-806c-c75deb64434a,Cookie Analysis,UNKNOWN,font-weight,False,,2025-03-28T09:40:49.706924+00:00
0dc788ea-30cd-4e75-80a1-e877558b2a30,Cookie Analysis,UNKNOWN,font-align,False,,2025-03-28T09:41:19.740797+00:00
c777135a-6881-4dc1-84f9-e1a29af15abe,Cookie Analysis,UNKNOWN,focus,False,,2025-03-28T09:41:49.721722+00:00
a414b52b-948f-4fa8-928f-917dd7f2480b,Cookie Analysis,UNKNOWN,color-scheme,False,,2025-03-28T09:42:19.804808+00:00
671055da-e381-41e4-b650-309ef9918b3d,Cookie Analysis,UNKNOWN,font-size,False,,2025-03-28T09:42:49.793783+00:00
f49b7e3b-2f59-4076-abf7-e4b257784456,Open Cookie Database,PERFORMANCE,_ga_901DX6XZ5K,True,_ga_,2025-03-28T09:42:50.122112+00:00
1f36395d-06ce-48c6-8197-0cd72d745823,Open Cookie Database,PERFORMANCE,_ga_6J1NKPYLLT,True,_ga_,2025-03-28T09:42:50.622103+00:00
5b1492f5-08b3-4a68-be8a-6d754742fa47,Open Cookie Database,PERFORMANCE,_ga_WEBV3V563N,True,_ga_,2025-03-28T09:48:10.532226+00:00
05ece23f-005d-4118-88da-a947df428202,Cookie Analysis,UNKNOWN,.Nop.Culture,False,,2025-03-28T09:48:11.323740+00:00
229d6ff3-bc92-4963-9928-d3c03ab7ec04,Open Cookie Database,PERFORMANCE,_ga_YW7PK8M4RQ,True,_ga_,2025-03-28T09:50:39.812497+00:00
503f24ce-a015-4949-ab35-8ccbbce46537,Cookie Analysis,UNKNOWN,blocksy_cookies_consent_accepted,False,,2025-03-28T09:56:32.896332+00:00
589b56b4-8dc5-494e-b16f-d948820d9801,Cookie Analysis,UNKNOWN,ciii_session,False,,2025-03-28T10:00:19.748207+00:00
dbb425de-8576-42ec-a52a-27206ca83e91,Cookie Analysis,UNKNOWN,mojmojster,False,,2025-03-28T10:04:09.293668+00:00
9d33b5ba-d157-439f-baaf-7983eb12a141,Open Cookie Database,PERFORMANCE,_ga_2T835M93R9,True,_ga_,2025-03-28T10:04:09.723056+00:00
c3cffdb5-1d86-4ac9-bc1e-3366b193142f,Cookiepedia,STRICTLY_NECESSARY,ASPSESSIONIDCQCDADQT,False,,2025-03-28T10:07:58.759040+00:00
699f6be6-a767-4887-aeeb-3e70e2c0d8af,Open Cookie Database,PERFORMANCE,_ga_FQQX73L669,True,_ga_,2025-03-28T10:07:59.074183+00:00
1fe76c79-60f8-4f76-a9a7-81138b47feee,Cookie Analysis,UNKNOWN,cc_adwords,False,,2025-03-28T10:08:28.731598+00:00
dc8b90b9-53e7-4fa0-bab6-19e439747d7e,Cookie Analysis,UNKNOWN,cc_chat,False,,2025-03-28T10:08:58.743789+00:00
102584f6-9838-4f4a-b129-f29595466656,Cookie Analysis,UNKNOWN,cc_anali,False,,2025-03-28T10:09:28.721209+00:00
59ec74d0-c060-4f4a-83f6-82dbb5b6119e,Open Cookie Database,PERFORMANCE,_pk_id.1.68b9,True,_pk_id.,2025-03-28T10:10:14.985236+00:00
2bf08695-a163-49ea-bf1e-114e6ae9ba0c,Open Cookie Database,PERFORMANCE,_pk_ses.1.68b9,True,_pk_ses.,2025-03-28T10:10:15.063366+00:00
50fd752f-5054-4033-8f7d-c609639589a5,Open Cookie Database,PERFORMANCE,_gat_gtag_UA_97650813_1,True,_gat_gtag_,2025-03-28T10:13:44.228205+00:00
37ab63db-9967-4b6d-b3c2-f85c91f0656a,Cookiepedia,TARGETING,_pk_uid,False,,2025-03-28T10:13:45.431328+00:00
ee46159b-5125-4db0-9f41-9c5a117f3efe,Open Cookie Database,PERFORMANCE,_ga_MNZPTKWMDV,True,_ga_,2025-03-28T10:13:45.656996+00:00
04e0de40-5d1e-44f2-af12-9253a261b108,Cookie Analysis,UNKNOWN,PrestaShop-e61799f29badef0ee459137e1183d685,False,,2025-03-28T10:16:02.802453+00:00
c4e1336c-4a5d-416f-9f21-4a52ddcbbeb9,Open Cookie Database,PERFORMANCE,_ga_RBMQBWCTRK,True,_ga_,2025-03-28T10:16:02.926076+00:00
c2cd9895-aa0b-4add-a6e0-390c4972920f,Open Cookie Database,PERFORMANCE,_gat_gtag_UA_241904084_1,True,_gat_gtag_,2025-03-28T10:16:03.029991+00:00
7430820a-ba28-4238-bc23-8ad7aca5d6ac,Open Cookie Database,PERFORMANCE,_ga_31N7E7RCS5,True,_ga_,2025-03-28T10:18:29.940688+00:00
2819405d-c591-4733-a915-429726546d73,Open Cookie Database,STRICTLY_NECESSARY,cookielawinfo-checkbox-analytics,False,,2025-03-28T10:24:03.299171+00:00
522b9960-dfc3-428f-8d59-e34cff9e818d,Cookie Analysis,UNKNOWN,cookielawinfo-checkbox-uncategorized,False,,2025-03-28T10:24:04.504831+00:00
c232b94d-a719-499d-9d27-7902ab1c9dc3,Open Cookie Database,STRICTLY_NECESSARY,cookielawinfo-checkbox-advertisement,False,,2025-03-28T10:24:04.643647+00:00
ce0a7969-dfbe-4512-994b-21a46e83752b,Open Cookie Database,STRICTLY_NECESSARY,cookielawinfo-checkbox-functional,False,,2025-03-28T10:24:04.723656+00:00
9bd8ca23-984a-4ce6-ba15-4a0323629436,Open Cookie Database,STRICTLY_NECESSARY,cookielawinfo-checkbox-performance,False,,2025-03-28T10:24:04.775984+00:00
d3aee986-2cd6-4363-8ce9-f398904366e0,Open Cookie Database,STRICTLY_NECESSARY,cookielawinfo-checkbox-others,False,,2025-03-28T10:24:04.808204+00:00
70467963-dbf8-45a3-b4b9-ceea07401ce6,Open Cookie Database,STRICTLY_NECESSARY,cli_user_preference,False,,2025-03-28T10:24:04.874899+00:00
cd9e15e6-53ec-4848-80e3-124476bac397,Open Cookie Database,PERFORMANCE,_ga_BJRTEEQJJ7,True,_ga_,2025-03-28T10:24:04.959341+00:00
2aac67a8-f0b8-4cab-b71b-fe7aecec49ba,Open Cookie Database,STRICTLY_NECESSARY,wp_woocommerce_session_dddbc302e3cd689a95ab1e45a2054c05,True,wp_woocommerce_session_,2025-03-28T10:24:05.274703+00:00
42763010-860d-4f10-93f8-5e9b33f6f066,Open Cookie Database,STRICTLY_NECESSARY,woocommerce_items_in_cart,False,,2025-03-28T10:24:06.584491+00:00
0102e404-feda-4489-bc4b-d54340664aa2,Open Cookie Database,STRICTLY_NECESSARY,woocommerce_cart_hash,False,,2025-03-28T10:24:06.648276+00:00
abf90ae2-a8af-4948-8420-d50668d26b1d,Cookie Analysis,UNKNOWN,SSESS52de1bd8c48a0a11565805f2633e5dea,False,,2025-03-28T10:27:16.944901+00:00
50be7a5d-ced2-4b45-b32f-7ff6705012b7,Cookie Analysis,UNKNOWN,uawn,False,,2025-03-28T10:27:46.912010+00:00
3caa6b11-f65c-4529-ab19-dc3786fa2a39,Cookie Analysis,UNKNOWN,uawn_pv,False,,2025-03-28T10:28:16.870873+00:00
6822035d-b047-4e91-a9e3-e9191e2e36cc,Cookie Analysis,UNKNOWN,shown_banners,False,,2025-03-28T10:28:46.882225+00:00
c4823ee8-c5c3-453a-b1b5-3055e4d6ac51,Cookie Analysis,UNKNOWN,simple_cookie_control,False,,2025-03-28T10:29:16.948675+00:00
07b45ba2-240f-4610-8d48-6b582480341b,Open Cookie Database,STRICTLY_NECESSARY,_hjSessionUser_390998,True,_hjSessionUser_,2025-03-28T10:29:17.011459+00:00
05bd60b8-0021-444d-82ed-79b0d6c5df69,Open Cookie Database,STRICTLY_NECESSARY,_hjSession_390998,True,_hjSession_,2025-03-28T10:29:17.070467+00:00
09d375e4-71b9-409e-b6c7-d5d648fad4ab,Open Cookie Database,PERFORMANCE,_ga_1ZLF4F0WW9,True,_ga_,2025-03-28T10:29:17.161312+00:00
930a3948-a2dd-45d2-bc06-241afc192bea,Cookie Analysis,UNKNOWN,pbid,False,,2025-03-28T10:30:48.954363+00:00
34e00c10-c7b6-4cdd-af52-d3e09500fcaf,Cookie Analysis,UNKNOWN,wt_consent,False,,2025-03-28T10:31:18.939695+00:00
cfb1f331-345b-4a30-8568-279196a2b6d0,Cookie Analysis,UNKNOWN,trp_language,False,,2025-03-28T10:31:48.900596+00:00
914cc8ad-5212-4b7c-9a70-2738387b449e,Cookie Analysis,UNKNOWN,commercekit-nonce-value,False,,2025-03-28T10:32:18.953896+00:00
99d0ebf2-903a-4a7f-85f8-22232914bebb,Cookie Analysis,UNKNOWN,commercekit-nonce-state,False,,2025-03-28T10:32:49.023788+00:00
43d96ceb-bf97-4711-addf-6e803dfab894,Open Cookie Database,PERFORMANCE,_ga_TVLFM8ZH10,True,_ga_,2025-03-28T10:32:49.227489+00:00
8d168ebd-ce64-4804-b163-d414fd826b70,Cookie Analysis,UNKNOWN,ip2location_redirection_first_visit,False,,2025-03-28T10:34:42.336134+00:00
172028de-7774-4c88-be44-87fa835efd3d,Open Cookie Database,PERFORMANCE,_gat_UA-35806175-7,True,_gat,2025-03-28T10:34:42.622634+00:00
7610a19a-3758-4cce-8c36-bed97a77b22f,Open Cookie Database,PERFORMANCE,_gat_UA-35806175-8,True,_gat,2025-03-28T10:34:42.795007+00:00
fe0df4c7-1838-4e09-b40b-a13666f5d21d,Open Cookie Database,PERFORMANCE,_ga_T71GP3000V,True,_ga_,2025-03-28T10:34:42.998660+00:00
4385ce61-ab24-4440-9fff-9a1b29440982,Open Cookie Database,PERFORMANCE,_ga_BQKM2ZY58F,True,_ga_,2025-03-28T10:34:43.195258+00:00
8e4a770b-cd30-40df-907c-b9ab64bf49f3,Cookie Analysis,UNKNOWN,session-key,False,,2025-03-28T10:37:25.083192+00:00
efbaf12f-4e33-4220-9f43-d4651e8b3f68,Cookie Analysis,UNKNOWN,session-key.sig,False,,2025-03-28T10:37:55.036180+00:00
4e4e0fb6-654d-4dd8-b763-e13be9ab74e7,Open Cookie Database,PERFORMANCE,_gat_UA-12261932-12,True,_gat,2025-03-28T10:37:55.267814+00:00
8e149e6a-9525-405d-b363-4a813e9a6d05,Open Cookie Database,PERFORMANCE,_ga_MNDZ9CPN6R,True,_ga_,2025-03-28T10:37:55.334096+00:00
8c201184-8ddb-41f0-a885-ccf4a4cc7182,Open Cookie Database,PERFORMANCE,_dc_gtm_UA-12261932-12,True,_dc_gtm_,2025-03-28T10:37:55.484331+00:00
a7c98053-15bf-491e-ae9e-b1d373d253b0,Cookie Analysis,UNKNOWN,notice,False,,2025-03-28T10:39:39.217912+00:00
690cb0df-3966-4790-b61d-f8c1779288a6,Cookiepedia,PERFORMANCE,analytics,False,,2025-03-28T10:40:09.037073+00:00
26b001aa-4af6-40dc-8d4f-a23673233c89,Cookie Analysis,UNKNOWN,__eventn_id_UMeVUtyVax,False,,2025-03-28T10:40:39.107821+00:00
0a35a024-931f-4e93-af51-7652b5150126,Cookie Analysis,UNKNOWN,d9984a19b0b100633e38b705761d88a1,False,,2025-03-28T10:42:45.512636+00:00
a0a6fde6-cba3-45fc-bea8-2a84a092495e,Open Cookie Database,PERFORMANCE,_ga_2TG0VVN93N,True,_ga_,2025-03-28T10:42:45.870772+00:00
d6d8d933-c3ae-47d0-8cdd-c64b71bdbeef,Cookie Analysis,UNKNOWN,gdpr_agreements2,False,,2025-03-28T10:43:15.471080+00:00
db35cd8e-1628-481c-9af0-097719fabbbe,Cookie Analysis,UNKNOWN,DM_SitId457SecId15199,False,,2025-03-28T10:46:43.732735+00:00
1db2826e-3c8f-4a04-934a-14a846edab65,Cookie Analysis,UNKNOWN,cid_5f50c236cbfb4f5b9123c1dc785db1b6,False,,2025-03-28T10:47:13.602976+00:00
2b8970cd-1413-4820-9c06-2563c6ec98f7,Cookiepedia,TARGETING,MgidSensorNVis,False,,2025-03-28T10:49:17.151450+00:00
5ab8e56f-afe7-47b9-a15a-ec4bdd8225bf,Cookiepedia,TARGETING,MgidSensorHref,False,,2025-03-28T10:49:47.109238+00:00
251f2fdb-3c12-4e52-a440-c38b77ce14b7,Open Cookie Database,PERFORMANCE,_gat_UA-7859493-1,True,_gat,2025-03-28T10:49:47.179479+00:00
ce90ef53-6500-40c8-8d90-43f12758bc3d,Open Cookie Database,PERFORMANCE,_gat_UA-7859493-3,True,_gat,2025-03-28T10:49:47.243430+00:00
a8aeb274-6193-4f2c-bd2d-30e0d6264336,Cookiepedia,STRICTLY_NECESSARY,cjConsent,False,,2025-03-28T10:50:17.205704+00:00
6e49b212-0357-4210-8580-1cd991e94a37,Open Cookie Database,PERFORMANCE,_ga_CD8MBDGJGH,True,_ga_,2025-03-28T10:50:17.264740+00:00
ae6df324-0977-4bf5-9b5f-43cb78ad2fbe,Open Cookie Database,PERFORMANCE,_ga_P9X9MWEHFF,True,_ga_,2025-03-28T10:50:17.333370+00:00
baedef99-dcb0-4c6f-8631-355bb38750b2,Open Cookie Database,PERFORMANCE,_ga_NYHGW09402,True,_ga_,2025-03-28T10:50:17.455667+00:00
c8d56636-fbbf-4490-95dd-fa656915b7fc,Cookiepedia,STRICTLY_NECESSARY,ASPSESSIONIDSQBDACTQ,False,,2025-03-28T10:52:17.548854+00:00
68464620-72c4-4153-9de2-47edcc1c0ffa,Open Cookie Database,STRICTLY_NECESSARY,_hjSessionUser_1842855,True,_hjSessionUser_,2025-03-28T10:52:17.911556+00:00
5a17bb83-b6ed-4c57-b057-80c6bfe014b0,Open Cookie Database,STRICTLY_NECESSARY,_hjSession_1842855,True,_hjSession_,2025-03-28T10:52:18.067208+00:00
22365fa8-2baf-48df-8336-9e8beea0a2b9,Open Cookie Database,PERFORMANCE,_ga_4LBC2YQ8MC,True,_ga_,2025-03-28T10:52:18.150169+00:00
0f262b3b-0c52-42e7-92da-ef3771ded91b,Open Cookie Database,PERFORMANCE,_gat_gtag_UA_39429415_1,True,_gat_gtag_,2025-03-28T10:55:02.934021+00:00
ebf35a8f-f962-4f88-bf71-c899fec82068,Open Cookie Database,STRICTLY_NECESSARY,mage-translation-storage,False,,2025-03-28T10:55:02.996557+00:00
cb2cd9b4-17a7-48ea-85a0-256c08284148,Open Cookie Database,STRICTLY_NECESSARY,mage-translation-file-version,False,,2025-03-28T10:55:03.043400+00:00
857c45d9-9178-4539-81a9-a3cde2b72769,Open Cookie Database,PERFORMANCE,_ga_Y9Z4JYBKQW,True,_ga_,2025-03-28T10:55:03.105903+00:00
6d061ef4-0f00-469b-b76b-d038856360f5,Cookie Analysis,UNKNOWN,cookie_directive_kdgroup,False,,2025-03-28T10:57:12.351772+00:00
685e6a97-c685-4a7d-acf5-c8fea93cc127,Cookie Analysis,UNKNOWN,cookie_control_consent,False,,2025-03-28T11:01:51.254285+00:00
a758b882-47ff-4c46-92bb-aca40b7f8195,Cookie Analysis,UNKNOWN,cookie_control_enabled_cookies,False,,2025-03-28T11:02:21.147727+00:00
dd8c2688-426f-40bf-8989-7f4215a89184,Open Cookie Database,STRICTLY_NECESSARY,_hjSessionUser_2130533,True,_hjSessionUser_,2025-03-28T11:02:21.254230+00:00
c1d5f877-fbc0-4fe0-9558-0f7501791189,Open Cookie Database,STRICTLY_NECESSARY,_hjSession_2130533,True,_hjSession_,2025-03-28T11:02:21.332526+00:00
ede7b2e8-38ef-47af-9e29-cff665135920,Open Cookie Database,PERFORMANCE,_ga_5Y1F7J39QK,True,_ga_,2025-03-28T11:02:21.432692+00:00
58cca207-9cbc-4d88-8011-43662e6ceaee,Open Cookie Database,PERFORMANCE,_ga_KTBRBQEJ92,True,_ga_,2025-03-28T11:02:21.558508+00:00
7fdfa23b-582d-45e9-95f0-c798eb1a3ddf,Cookie Analysis,UNKNOWN,fd7d1498bbbee3e9f7ece245b66f65a4,False,,2025-03-28T11:08:37.777256+00:00
759624f7-eb77-454b-a14f-9dd26a91b8c4,Open Cookie Database,PERFORMANCE,_ga_YZNQS97PMW,True,_ga_,2025-03-28T11:08:38.326823+00:00
01eaf7a3-1ee4-48c4-93f3-a92a6b88d641,Open Cookie Database,PERFORMANCE,_gat_gtag_UA_17583716_1,True,_gat_gtag_,2025-03-28T11:12:04.842371+00:00
dfac3941-5e7e-47f9-8712-07805b673bf1,Cookie Analysis,UNKNOWN,cookielawinfo-checkbox-functional-sl,False,,2025-03-28T11:12:06.221254+00:00
4805bbd2-2992-4c9e-9c15-4ea6aa8a4c0a,Cookie Analysis,UNKNOWN,cookielawinfo-checkbox-performance-sl,False,,2025-03-28T11:12:36.088081+00:00
3ac23b5a-ff95-40bc-92ff-56a488ef84d7,Cookie Analysis,UNKNOWN,cookielawinfo-checkbox-advertisement-sl,False,,2025-03-28T11:13:06.247228+00:00
2c26cca5-d080-4338-bd00-5288039a004e,Cookie Analysis,UNKNOWN,cookielawinfo-checkbox-others-sl,False,,2025-03-28T11:13:36.266251+00:00
cc16b35d-49d0-466d-b0f2-6e5d0d986996,Cookie Analysis,UNKNOWN,cookielawinfo-checkbox-necessary-sl,False,,2025-03-28T11:14:06.295443+00:00
8ad72cfb-e7a9-4577-8b01-82273544632e,Cookie Analysis,UNKNOWN,cookielawinfo-checkbox-analytics-sl,False,,2025-03-28T11:14:36.183773+00:00
b497560c-d5c2-464f-b008-a9935406f776,Open Cookie Database,PERFORMANCE,_ga_C6CW5MM19V,True,_ga_,2025-03-28T11:14:36.243746+00:00
32860d29-e918-45a0-ab75-4b8984ee03dd,Cookie Analysis,UNKNOWN,14006b975bff5013038c24430504be2f,False,,2025-03-28T11:15:06.280480+00:00
5c61d648-5ca7-49ef-9c2e-ef34008bdd42,Cookie Analysis,UNKNOWN,cbs_id,False,,2025-03-28T11:15:36.252447+00:00
6e5c0068-edbd-460c-9a3c-cd9296d04edd,Cookie Analysis,UNKNOWN,lb_telekom_si,False,,2025-03-28T11:16:06.349426+00:00
11c7f098-fd6f-484a-abf9-13b73fbed371,Cookie Analysis,UNKNOWN,cc500e1c076da88405e04a89b34a9376,False,,2025-03-28T11:16:36.370660+00:00
258c237c-a620-4760-b7dc-3b30fd4fd185,Cookie Analysis,UNKNOWN,lb_cms_telekom_si,False,,2025-03-28T11:17:06.321180+00:00
76ca71d7-e6f6-4e3e-98f6-6d66e39b97e0,Cookie Analysis,UNKNOWN,29179e92a3cb2060542263ce4854c5c5,False,,2025-03-28T11:17:36.333355+00:00
f739dce1-3300-452e-8079-4c44bbac8269,Cookie Analysis,UNKNOWN,lb_prijava,False,,2025-03-28T11:18:06.413369+00:00
7e165486-11fa-4747-bdf2-777fbb09256b,Cookiepedia,PERFORMANCE,ROUTE,False,,2025-03-28T11:18:36.503354+00:00
e814b6c6-86bd-4d23-9295-409f5b627b64,Open Cookie Database,PERFORMANCE,_ga_YT6G6LCVZ1,True,_ga_,2025-03-28T11:18:37.727342+00:00
da0f2e02-7423-44ac-bfca-6c73094ee633,Cookie Analysis,UNKNOWN,iadvize-7983-vuid,False,,2025-03-28T11:19:06.394031+00:00
009b22ae-e873-470f-8e1d-d299e7a800e2,Cookie Analysis,UNKNOWN,mf_434fe3e5-ddd3-4598-b6b6-ef43e2ac95e1,False,,2025-03-28T11:19:36.370780+00:00
78141fc2-19aa-46c4-b57c-e0750f31ea17,Cookie Analysis,UNKNOWN,KEYCLOAK_3P_COOKIE,False,,2025-03-28T11:23:31.003500+00:00
b090a788-12e2-409c-b656-a485a23d6f5f,Cookie Analysis,UNKNOWN,apptoken,False,,2025-03-28T11:24:00.958432+00:00
b81d3f38-bb7c-4c3a-a775-84c2edbde472,Cookie Analysis,UNKNOWN,disable_dpt,False,,2025-03-28T11:24:30.923128+00:00
f5596005-d8af-435e-89c6-fde1e53b7683,Cookie Analysis,UNKNOWN,hapi_auth_token,False,,2025-03-28T11:25:01.008076+00:00
e890bb9e-5729-4424-886d-eaca33d3e277,Cookie Analysis,UNKNOWN,cmslog,False,,2025-03-28T11:25:30.882920+00:00
5aee7e33-54ea-4bb4-a2c2-5f09d919eebd,Cookie Analysis,UNKNOWN,visited_pages_no,False,,2025-03-28T11:26:00.942414+00:00
64994318-416b-4bc5-ab87-bd3899d9dc6e,Open Cookie Database,PERFORMANCE,_ga_KKVZL7Y0MC,True,_ga_,2025-03-28T11:26:01.536198+00:00
b78f5836-c9b2-46a0-a03b-93929ca8eb4d,Open Cookie Database,PERFORMANCE,_ga_N4EJT5RFR0,True,_ga_,2025-03-28T11:26:14.685115+00:00
4bc0cfb8-d234-4ce2-b4bb-cb0efd3c0e99,Cookie Analysis,UNKNOWN,cookie_popup,False,,2025-03-28T11:31:58.578534+00:00
32a5bfdb-527f-45a5-970c-46a3c159df9f,Open Cookie Database,PERFORMANCE,_ga_WG1TQBRZQE,True,_ga_,2025-03-28T11:34:43.498383+00:00
e5ce1374-1f1e-4c10-8afe-18e799d8d411,Open Cookie Database,PERFORMANCE,_ga_L9MPE6R0ZN,True,_ga_,2025-03-28T11:34:43.810887+00:00
e8be6b26-2a08-40ff-ab0c-ea2fd5905f53,Open Cookie Database,STRICTLY_NECESSARY,_hjSessionUser_2015624,True,_hjSessionUser_,2025-03-28T11:37:13.655275+00:00
1a00ed62-e49b-45e0-aba6-9eb9982bc891,Open Cookie Database,STRICTLY_NECESSARY,_hjSession_2015624,True,_hjSession_,2025-03-28T11:37:13.733398+00:00
669ace85-fa39-47c5-b67f-54c2183cff44,Cookiepedia,FUNCTIONALITY,optiMonkClientId,False,,2025-03-28T11:37:14.923607+00:00
7db134ad-93fe-4490-a637-e38a8a50f2d1,Cookiepedia,PERFORMANCE,optiMonkClient,False,,2025-03-28T11:37:45.075939+00:00
faf53e8b-76ca-4ab4-ba4f-25916903f801,Cookiepedia,FUNCTIONALITY,optiMonkSession,False,,2025-03-28T11:38:14.711838+00:00
2baa09ec-edba-47f8-9516-1e8f86869288,Cookiepedia,STRICTLY_NECESSARY,name,False,,2025-03-28T11:38:44.877278+00:00
99e10207-3a52-4f9f-9fd3-e39541363bd7,Open Cookie Database,PERFORMANCE,_ga_CEMM5BDY6Y,True,_ga_,2025-03-28T11:38:44.986611+00:00
c06a3079-5e44-42df-96c4-79607c75466b,Open Cookie Database,STRICTLY_NECESSARY,ApplicationGatewayAffinityCORS,False,,2025-03-28T11:41:37.911299+00:00
d4fae73d-bd1f-4991-8e7a-4c6eadfc3e13,Open Cookie Database,STRICTLY_NECESSARY,ApplicationGatewayAffinity,False,,2025-03-28T11:41:37.958173+00:00
b3f870c4-452a-4757-878b-0d8c60486255,Open Cookie Database,STRICTLY_NECESSARY,sat_track,False,,2025-03-28T11:41:38.042317+00:00
13cf3ec8-e5b7-46cc-af56-421c010bcda4,Cookie Analysis,UNKNOWN,__cmpcccs25,False,,2025-03-28T11:41:39.120584+00:00
a7839a59-ae23-4049-94b6-be7f8cc07b8c,Cookie Analysis,UNKNOWN,gplt_v34,False,,2025-03-28T11:42:09.064435+00:00
6652c7e8-f8f1-4b52-85f2-0618b8041e6f,Cookie Analysis,UNKNOWN,__cmpconsents25,False,,2025-03-28T11:42:39.113502+00:00
5533f13a-16b9-40eb-81f5-1e46da6f44f6,Cookiepedia,STRICTLY_NECESSARY,f5avraaaaaaaaaaaaaaaa_session_,False,,2025-03-28T11:44:07.413900+00:00
8a57a4f5-bf45-4be2-859e-a73074fb6b34,Cookiepedia,STRICTLY_NECESSARY,TS015deae7,False,,2025-03-28T11:44:37.398609+00:00
40bdbebf-6154-4987-ac70-9190b8c729ce,Open Cookie Database,PERFORMANCE,_ga_GQC410Z8P7,True,_ga_,2025-03-28T11:44:37.711110+00:00
132686e7-3cd6-4bd7-a4c8-7a98b1ca2dbe,Cookie Analysis,UNKNOWN,ogledov,False,,2025-03-28T11:51:15.674416+00:00
f84d690b-7f0f-43f2-9358-0c0963590505,Cookie Analysis,UNKNOWN,cid_4c71459e7f664a20aa5d377e9e97e595,False,,2025-03-28T11:51:45.559435+00:00
f62c8a03-c889-43f9-bc2b-3a185ee14c7d,Open Cookie Database,TARGETING,_ljtrtb_49,True,_ljtrtb_,2025-03-28T11:51:47.591999+00:00
6f94c859-22b2-41fb-8e78-9ea31638e134,Open Cookie Database,PERFORMANCE,_ga_N0Q1X9TLZ3,True,_ga_,2025-03-28T11:54:01.461518+00:00
dc99c6bf-775c-4251-b7f3-2bcf8199a902,Cookie Analysis,UNKNOWN,basel_cookies_2,False,,2025-03-28T11:54:02.842368+00:00
6f64aa8f-706b-4cc1-af01-c085d2b65a0e,Cookie Analysis,UNKNOWN,personalid,False,,2025-03-28T11:58:49.150092+00:00
e07441ef-34be-41e1-957b-886ca1686555,Cookie Analysis,UNKNOWN,new_session,False,,2025-03-28T11:59:19.079354+00:00
8829de51-710d-41d8-bac1-20bf4fc2883c,Cookie Analysis,UNKNOWN,amcookie_disallowed,False,,2025-03-28T11:59:49.076213+00:00
a577b29c-ad23-4572-8b11-a3977bf75ab9,Cookie Analysis,UNKNOWN,twk_uuid_59524804e9c6d324a473785c,False,,2025-03-28T12:00:19.112123+00:00
2ee1707d-0cbe-4838-a2b4-83b3acb4c956,Cookiepedia,STRICTLY_NECESSARY,userID,False,,2025-03-28T12:01:29.705518+00:00
94129cb2-52e6-44a9-9ca1-dee003989f74,Open Cookie Database,PERFORMANCE,_gat_gtag_UA_123414210_1,True,_gat_gtag_,2025-03-28T12:01:30.209698+00:00
3ffe7f34-6421-4442-ab66-ff8dbdc6104a,Open Cookie Database,PERFORMANCE,_ga_39BFRWFSQD,True,_ga_,2025-03-28T12:01:30.549206+00:00
9d930d5e-74cd-4b06-abca-3aa9a01a7a0d,Cookiepedia,STRICTLY_NECESSARY,cookiePolicy,False,,2025-03-28T12:01:59.611730+00:00
d8685f90-6d25-4dbc-bebd-f5c8c3668fce,Cookie Analysis,UNKNOWN,adria_mobil_session,False,,2025-03-28T12:04:01.125773+00:00
a595606e-2516-4971-8c9a-a3ca636c4248,Open Cookie Database,PERFORMANCE,_ga_974G9B24E8,True,_ga_,2025-03-28T12:04:01.480234+00:00
302f50c3-29d6-44c7-99c7-d5450707d74c,Cookie Analysis,UNKNOWN,16e079f5850748bb04e363ea6e9ff1be,False,,2025-03-28T12:06:46.728262+00:00
41969310-0013-4c3c-878a-1c01114c8c05,Cookie Analysis,UNKNOWN,6b9154218d0ad0c742356fb74b37fe79,False,,2025-03-28T12:07:16.720668+00:00
8999983b-874a-40be-8882-cfcf78485855,Open Cookie Database,STRICTLY_NECESSARY,NSC_ESNS,True,NSC_,2025-03-28T12:07:16.798796+00:00
61d7f304-3d85-47ea-8f66-9645a9ba0dbf,Cookie Analysis,UNKNOWN,Novell_sec_.ess.gov.si_%2F_wat,False,,2025-03-28T12:07:46.756842+00:00
c4bee035-c9a8-44cf-bbb4-2a0201614081,Cookie Analysis,UNKNOWN,Novell_sec_.ess.gov.si_%2F_wlf,False,,2025-03-28T12:08:16.680143+00:00
982528a8-cdd2-432c-afb7-9171d614d080,Cookie Analysis,UNKNOWN,e5ace85513c320264cdceaa8faca2fd8,False,,2025-03-28T12:08:46.758039+00:00
fc67ad15-0dec-4d78-88e9-279f76ae7548,Open Cookie Database,PERFORMANCE,_ga_Q5CVCVRKJ0,True,_ga_,2025-03-28T12:08:46.980235+00:00
8852ff8d-d819-4e1a-9a82-2eac1b7142dc,Cookie Analysis,UNKNOWN,6a7ca0b87672a7db2e50aa075ebc153f,False,,2025-03-28T12:09:16.814220+00:00
2430881f-a0c6-43cc-a970-38c1a75c254c,Cookie Analysis,UNKNOWN,82817cbf2b63de2e1cc7a6e819b077cc,False,,2025-03-28T12:09:46.717409+00:00
7dcc66bd-1a6b-4011-9208-950b7e763695,Open Cookie Database,PERFORMANCE,_ga_VFGDCJ1VKE,True,_ga_,2025-03-28T12:09:46.858034+00:00
9eb55dea-116f-405f-beeb-6647c7b0e50b,Open Cookie Database,PERFORMANCE,_gat_gtag_UA_75170136_1,True,_gat_gtag_,2025-03-28T12:09:46.951779+00:00
abe8bd9c-856b-4f0c-841e-38fe9907c048,Cookie Analysis,UNKNOWN,TAsessionID,False,,2025-03-28T12:13:07.841620+00:00
75868962-a051-43a5-bb5c-19d2e83748e6,Cookiepedia,STRICTLY_NECESSARY,notice_behavior,False,,2025-03-28T12:13:37.850198+00:00
e47fd9d7-c6e2-4f9b-bd1b-dfc16cdc9f95,Cookie Analysis,UNKNOWN,planica,False,,2025-03-28T12:15:42.807672+00:00
1296d092-ecf7-407a-a869-a29a2a3646b5,Cookie Analysis,UNKNOWN,AcceptedCookies,False,,2025-03-28T12:16:12.771095+00:00
573e1d9b-c93b-46e9-81de-96a049bed6fc,Open Cookie Database,PERFORMANCE,_ga_XY6CYV493P,True,_ga_,2025-03-28T12:16:12.838964+00:00
b3f2f436-77f8-4a6c-8f49-8daf54185f61,Open Cookie Database,PERFORMANCE,_ga_W320ZDWN2J,True,_ga_,2025-03-28T12:16:12.970736+00:00
acdacca0-9248-432f-91d6-eac9625ae273,Open Cookie Database,PERFORMANCE,_dc_gtm_UA-89904519-1,True,_dc_gtm_,2025-03-28T12:18:33.749717+00:00
9b08c8db-11a3-471f-bed6-7d9ad8a1717b,Open Cookie Database,PERFORMANCE,_gat_gtag_UA_59069359_1,True,_gat_gtag_,2025-03-28T12:18:33.827845+00:00
98643859-5dc7-4a42-bd83-de8788d1b4de,Open Cookie Database,PERFORMANCE,_ga_8LD7XRT0SX,True,_ga_,2025-03-28T12:18:33.921593+00:00
1d740a13-2019-4f62-aafa-fa79e70e5fe1,Open Cookie Database,PERFORMANCE,_ga_BRDHC4MHQ1,True,_ga_,2025-03-28T12:18:34.015342+00:00
ebe4e65c-b6a7-4ca1-bd24-a3a1065fc382,Cookie Analysis,UNKNOWN,twk_uuid_54368d23c5a4b9c11c000237,False,,2025-03-28T12:18:35.067614+00:00
ac69db72-8ca4-428f-9866-47737e1dddef,Cookie Analysis,UNKNOWN,sid_customer_s_75bcd,False,,2025-03-28T12:21:24.683045+00:00
f97eebb8-9652-4f41-b4b5-cb869db92af3,Open Cookie Database,PERFORMANCE,_ga_V80T01MLS0,True,_ga_,2025-03-28T12:21:25.015478+00:00
fd0d9bbb-d63e-4f59-8e4c-b0ebc4db21c1,Open Cookie Database,PERFORMANCE,_ga_GS8L6L5P8R,True,_ga_,2025-03-28T12:23:34.558602+00:00
e56e999b-c6b1-46fd-9771-44bd325da1b6,Open Cookie Database,PERFORMANCE,_ga_VC3SJ3XN2R,True,_ga_,2025-03-28T12:26:50.734517+00:00
1d4efdf2-7de2-4893-bbd3-73bf457b0067,Open Cookie Database,PERFORMANCE,_ga_1CMY82BLNQ,True,_ga_,2025-03-28T12:29:26.759496+00:00
fe1355f1-afe5-4011-babc-b64957e23d67,Cookie Analysis,UNKNOWN,CenejeUser,False,,2025-03-28T12:31:02.394294+00:00
fb612dda-877c-4cd1-b3d1-93028047f49e,Cookiepedia,FUNCTIONALITY,countryCode,False,,2025-03-28T12:31:32.524002+00:00
f04d174d-cb58-4a93-873d-869c11bd9fe9,Cookie Analysis,UNKNOWN,heureka_user_split_id,False,,2025-03-28T12:32:02.388883+00:00
7bf03318-4d90-4596-9e76-9801eddfb709,Cookie Analysis,UNKNOWN,ceneje_experiment_homepageOpacity,False,,2025-03-28T12:32:32.437257+00:00
66904ed5-84cf-4ba2-9fee-182e7ca28c8d,Open Cookie Database,STRICTLY_NECESSARY,__RequestVerificationToken,False,,2025-03-28T12:32:32.490398+00:00
2ba39458-92a3-4adc-a9d6-2998334c23c1,Open Cookie Database,PERFORMANCE,_gat_GaGlobal_1,True,_gat,2025-03-28T12:32:32.608827+00:00
eee7f7f4-7f7c-418d-a0b2-2975d92de7eb,Open Cookie Database,PERFORMANCE,_gat_GaHome_2,True,_gat,2025-03-28T12:32:32.673381+00:00
c50883ec-b78d-4253-a39e-0219ae65375e,Cookie Analysis,UNKNOWN,isChrome,False,,2025-03-28T12:33:02.395694+00:00
7a037fcd-c1e0-48b5-b2f5-f056f168c268,Open Cookie Database,STRICTLY_NECESSARY,_hjSessionUser_659240,True,_hjSessionUser_,2025-03-28T12:33:02.473782+00:00
43ebce76-4f97-4d08-a68e-7442bc2758d6,Open Cookie Database,STRICTLY_NECESSARY,_hjSession_659240,True,_hjSession_,2025-03-28T12:33:02.536349+00:00
56312bae-5b98-4c23-89a0-bfdc4e51e455,Cookie Analysis,UNKNOWN,cfuid,False,,2025-03-28T12:33:32.322163+00:00
54c116e8-c4bf-40fe-95f1-897e4efbaaac,Cookie Analysis,UNKNOWN,_se20session,False,,2025-03-28T12:34:02.398407+00:00
8d98517d-8945-4c5e-8070-e8b956a8314b,Open Cookie Database,PERFORMANCE,_ga_information,True,_ga_,2025-03-28T12:34:02.554661+00:00
1b3c3cb1-8e0c-4949-b1f6-80ea59ec3fc6,Cookie Analysis,UNKNOWN,heureka_information,False,,2025-03-28T12:34:32.419581+00:00
8f75c765-d6d7-4d9f-bce3-b55df7ef2a79,Cookie Analysis,UNKNOWN,startquestion-session,False,,2025-03-28T12:35:02.446946+00:00
65b434a3-7bfc-4f2a-9ac2-d6839406b7f2,Open Cookie Database,PERFORMANCE,_ga_95JSSKYQC0,True,_ga_,2025-03-28T12:35:02.581038+00:00
b9bfc5f1-3bd6-4685-aeaa-9234d97be9af,Open Cookie Database,PERFORMANCE,_ga_ZJC2P91X6V,True,_ga_,2025-03-28T12:35:02.693297+00:00
7f8b2569-6bf4-4c2b-844e-b6f11152805c,Cookiepedia,STRICTLY_NECESSARY,ASPSESSIONIDASBCBCTS,False,,2025-03-28T12:35:32.412966+00:00
8f70ae78-7d13-4145-9b2a-2a4225f9fa6d,Cookie Analysis,UNKNOWN,06ed3772058c348b836aab4b4498ce12,False,,2025-03-28T12:36:02.378548+00:00
0d6c8577-62d7-45e5-b7fd-f781ba66a5f8,Open Cookie Database,PERFORMANCE,_ga_P447YELLFC,True,_ga_,2025-03-28T12:36:02.455196+00:00
f85491e4-b5b0-4070-9573-2ff2d73b62a6,Open Cookie Database,STRICTLY_NECESSARY,_hjSessionUser_5295912,True,_hjSessionUser_,2025-03-28T12:36:02.540580+00:00
a433e7c8-b5d3-4a70-a1cb-076580ca42f2,Open Cookie Database,STRICTLY_NECESSARY,_hjSession_5295912,True,_hjSession_,2025-03-28T12:36:02.609512+00:00
24593e3b-7fe4-45e9-be87-cc24b9a42c76,Cookie Analysis,UNKNOWN,uv5ev2lsedcg6ap22ysr8z5,False,,2025-03-28T12:36:32.381109+00:00
bad79284-79c1-47a2-8e8b-abdbad5d2bd6,Cookie Analysis,UNKNOWN,eprvak_focus_13,False,,2025-03-28T12:37:02.348925+00:00
64d5f77c-826e-467e-8fa0-7369a4105c00,Cookie Analysis,UNKNOWN,qljqqphdf0ryzu0v81c0z5b,False,,2025-03-28T12:37:32.441975+00:00
ccb29d0c-06e8-4676-bd12-9ff5195b9ffd,Cookie Analysis,UNKNOWN,3ouejg1llh9m6pt8y3cewg4,False,,2025-03-28T12:38:02.458060+00:00
1458a45f-82d6-4710-bad8-0b41a798d02c,Open Cookie Database,PERFORMANCE,_ga_YT2T264QZ7,True,_ga_,2025-03-28T12:38:02.965242+00:00
163d97b4-df44-4843-bc2a-3b27b555b197,Open Cookie Database,PERFORMANCE,_ga_R03BS1QZVC,True,_ga_,2025-03-28T12:39:47.324449+00:00
e32f6372-43f3-42dd-8c84-430084b9a164,Open Cookie Database,PERFORMANCE,_gat_gtag_UA_139932184_1,True,_gat_gtag_,2025-03-28T12:39:47.433824+00:00
722639b4-5b45-4866-855f-1fdbd464dacc,Open Cookie Database,TARGETING,tc_cj_v2,False,,2025-03-28T12:42:58.468907+00:00
dd64a7f8-34db-464c-b2aa-024f345f14f4,Cookie Analysis,UNKNOWN,tc_cj_v2_cmp,False,,2025-03-28T12:42:59.651433+00:00
68da0ae3-de50-46fe-a72a-132c148bba25,Open Cookie Database,TARGETING,tc_cj_v2_med,False,,2025-03-28T12:42:59.891332+00:00
33471ad9-863e-4ef6-964d-d319c6a9df96,Cookiepedia,STRICTLY_NECESSARY,TCPID,False,,2025-03-28T12:43:29.561653+00:00
3ebfbbe6-5e32-4bc3-8e94-d277267b39df,Open Cookie Database,STRICTLY_NECESSARY,_pprv,False,,2025-03-28T12:43:29.610631+00:00
cc713a7f-7b80-48b7-9ee3-95e1e4718b81,Cookie Analysis,UNKNOWN,FDLBFIRSTTRUST,False,,2025-03-28T12:43:59.493723+00:00
7875db19-73c8-4e50-be79-f78e713655fb,Open Cookie Database,TARGETING,TCSESSION,False,,2025-03-28T12:43:59.540611+00:00
f58607aa-3b6b-4d5b-a4b5-8f2037b66182,Open Cookie Database,TARGETING,TCID,False,,2025-03-28T12:43:59.587485+00:00
721835ff-6b6b-4d4b-92ff-71d52c2cee40,Cookie Analysis,UNKNOWN,IdKids.Sparkow.Guid,False,,2025-03-28T12:44:29.475959+00:00
cfddcb18-e1b3-4a04-8916-a97a9cc31d99,Cookie Analysis,UNKNOWN,Idkids.WishListId,False,,2025-03-28T12:44:59.413148+00:00
2440a459-6e07-43b3-98b0-125fbf181a19,Cookie Analysis,UNKNOWN,Idkids.WishListItemCount,False,,2025-03-28T12:45:29.490301+00:00
dd4a1d1e-28e6-420f-8193-51ddc2a58a89,Cookie Analysis,UNKNOWN,CUserID,False,,2025-03-28T12:45:59.564488+00:00
d8dc3c89-96e3-46c7-96a1-f78d03cfa8fb,Cookie Analysis,UNKNOWN,FilterResultNbrs,False,,2025-03-28T12:46:29.555998+00:00
0431d71d-1774-4956-9ae4-1695f0df2d29,Open Cookie Database,STRICTLY_NECESSARY,RT,False,,2025-03-28T12:46:29.602873+00:00
9b2e27f1-5b73-4da6-a7ed-7f8abd718586,Open Cookie Database,STRICTLY_NECESSARY,TC_PRIVACY,False,,2025-03-28T12:46:29.915373+00:00
574ae080-d8c3-476f-bac1-67bd3e097b10,Open Cookie Database,STRICTLY_NECESSARY,TC_PRIVACY_CENTER,False,,2025-03-28T12:46:29.962250+00:00
88bc35eb-1d3e-4439-b110-e219a342be60,Open Cookie Database,PERFORMANCE,_ga_NTWX954TY1,True,_ga_,2025-03-28T12:46:32.321449+00:00
9bb373ac-14a3-4756-beec-d4b5a6211bee,Open Cookie Database,PERFORMANCE,_gat_gtag_UA_13027576_1,True,_gat_gtag_,2025-03-28T12:48:22.008637+00:00
a21c738d-0241-47f5-b8ac-08343d60cd06,Open Cookie Database,PERFORMANCE,_ga_2HVZM4C8YQ,True,_ga_,2025-03-28T12:48:22.086760+00:00
cbca3570-b882-46df-ab90-7de4bd8376aa,Cookie Analysis,UNKNOWN,fpp_uni_lj_si,False,,2025-03-28T12:48:23.453759+00:00
87ae36f4-64dc-43b2-bfbd-f7b525351292,Cookie Analysis,UNKNOWN,saved_0,False,,2025-03-28T12:51:36.163879+00:00
5353edf2-5443-4204-9938-0278c9566a3b,Cookie Analysis,UNKNOWN,ID0,False,,2025-03-28T12:52:06.272426+00:00
be44c1b6-d03a-482d-a389-c2217aac3a0b,Cookiepedia,STRICTLY_NECESSARY,IP,False,,2025-03-28T12:52:36.309651+00:00
f5c716ba-f9c2-430a-b85d-03d1ae863c3d,Open Cookie Database,PERFORMANCE,_ga_6YLKV31DJH,True,_ga_,2025-03-28T12:52:36.372191+00:00
d6291fb0-c23a-4ddf-8fad-10b7e0d71e1a,Cookie Analysis,UNKNOWN,100m2ssid,False,,2025-03-28T12:53:06.235835+00:00
7d60f0f8-2beb-4221-a5ec-bd7adc1dec06,Cookie Analysis,UNKNOWN,rks,False,,2025-03-28T12:54:22.819551+00:00
64f48291-84ee-43c0-ac0a-9d5f73132276,Open Cookie Database,PERFORMANCE,_ga_192P5XLM7J,True,_ga_,2025-03-28T12:54:23.276159+00:00
19377640-8f79-430a-bbf9-6b8263bce490,Open Cookie Database,STRICTLY_NECESSARY,wp_woocommerce_session_5da3f2c36a052fd425db3fdb06f911e2,True,wp_woocommerce_session_,2025-03-28T12:57:40.972881+00:00
c4036df5-5af3-4e1c-813d-f4050e7670df,Cookie Analysis,UNKNOWN,gp_e,False,,2025-03-28T12:57:42.155625+00:00
b79b1502-cc57-4a83-a5f1-4c0f76659ab4,Cookiepedia,TARGETING,gp_s,False,,2025-03-28T12:58:12.128833+00:00
c92b8958-d783-4d50-b007-425f2ababb4d,Cookie Analysis,UNKNOWN,glm_usr_tmp,False,,2025-03-28T12:58:42.104176+00:00
2ed5db26-b256-4b47-bbc5-ee974b471433,Cookie Analysis,UNKNOWN,glm_usr,False,,2025-03-28T12:59:12.157289+00:00
b1c9d9da-2837-40b6-8512-033f7fdfa04e,Cookie Analysis,UNKNOWN,afl_wc_utm_cookie_expiry,False,,2025-03-28T12:59:42.205644+00:00
1fbef377-607b-4a50-8d62-aa707d94f2f9,Cookie Analysis,UNKNOWN,afl_wc_utm_sess_visit,False,,2025-03-28T13:00:12.166711+00:00
d7d1573b-57fa-4d8a-89c4-d2feb6988240,Cookie Analysis,UNKNOWN,mpp_timer_218134,False,,2025-03-28T13:00:42.019270+00:00
6a8e0fdd-252f-4b68-83cc-65dda43a077e,Cookie Analysis,UNKNOWN,mpp_timer_218134_expired_flag,False,,2025-03-28T13:01:12.102134+00:00
55473f1e-afe6-452e-bd1b-57f7e1a41653,Cookie Analysis,UNKNOWN,afl_wc_utm_sess_landing,False,,2025-03-28T13:01:42.191297+00:00
4b17d9fc-331b-4263-ad76-52fa23965392,Cookie Analysis,UNKNOWN,afl_wc_utm_main,False,,2025-03-28T13:02:12.142664+00:00
95753654-7bf6-40c5-98b6-df2e8a0fd7bb,Open Cookie Database,PERFORMANCE,_ga_V8NWJCFQH0,True,_ga_,2025-03-28T13:02:12.370901+00:00
6a7c015c-773e-4911-ab95-4f8f6d4b502d,Cookie Analysis,UNKNOWN,wof-23254,False,,2025-03-28T13:02:42.179558+00:00
fb21cf7f-35ae-43c0-9f14-8784956e9ec6,Cookiepedia,FUNCTIONALITY,dnn_IsMobile,False,,2025-03-28T13:03:12.200474+00:00
f566dca6-1d37-41a3-96ce-e606a39c578e,Cookiepedia,STRICTLY_NECESSARY,USERNAME_CHANGED,False,,2025-03-28T13:03:42.129565+00:00
4eb813c7-aba8-4ea2-975a-265b24956e26,Open Cookie Database,PERFORMANCE,_ga_Z5YF6672W7,True,_ga_,2025-03-28T13:03:42.239914+00:00
719d1cf8-a5a8-4a4c-85ad-d12d39e65de4,Open Cookie Database,PERFORMANCE,_ga_WLEBTR0NGW,True,_ga_,2025-03-28T13:03:42.634681+00:00
02f9de41-31b0-435d-b602-d3c156324f43,Open Cookie Database,PERFORMANCE,_ga_Y268VW0T5N,True,_ga_,2025-03-28T13:03:42.814063+00:00
a4c8dfd2-8d52-44ce-b136-f8a2c5f482f1,Open Cookie Database,STRICTLY_NECESSARY,CMSPreferredCulture,False,,2025-03-28T13:03:57.204870+00:00
d9e7e1af-c5fc-49a6-bc58-882e48a83886,Open Cookie Database,STRICTLY_NECESSARY,CMSCsrfCookie,False,,2025-03-28T13:03:57.267365+00:00
70c991da-6a15-487f-a10b-ff182770d4bd,Open Cookie Database,PERFORMANCE,_pk_id.1.ddc7,True,_pk_id.,2025-03-28T13:03:57.345488+00:00
163a57da-a479-4972-9126-b2fcf554b9da,Open Cookie Database,PERFORMANCE,_pk_ses.1.ddc7,True,_pk_ses.,2025-03-28T13:03:57.423615+00:00
6e0b0b18-b88e-4812-ae0d-f2c785b4df72,Cookie Analysis,UNKNOWN,DM_SitId464SecId14696,False,,2025-03-28T13:04:12.309869+00:00
a2705edc-2526-4904-b31d-b20142367c61,Open Cookie Database,PERFORMANCE,_gat_gtag_UA_337263_2,True,_gat_gtag_,2025-03-28T13:04:12.384778+00:00
59785efc-f721-4176-8348-f89464a0eb66,Cookie Analysis,UNKNOWN,primorske_novice_devid,False,,2025-03-28T13:04:42.755418+00:00
948fcd2e-e1ac-43ce-adb7-981b5b1ba3a5,Open Cookie Database,PERFORMANCE,_ga_MMQSEHX8ZY,True,_ga_,2025-03-28T13:04:43.620706+00:00
2340eefd-e6c0-4dbb-8dcb-e29d598cd9a9,Open Cookie Database,PERFORMANCE,_ga_EB0RPVPGD8,True,_ga_,2025-03-28T13:04:43.712288+00:00
0ee0338c-c651-49b4-b9cc-ba0224320c11,Cookie Analysis,UNKNOWN,DM_SitId464SecId14696Stress,False,,2025-03-28T13:05:12.309458+00:00
71cbe919-6405-40f0-9569-ffe9c506ac74,Cookie Database,FUNCTIONALITY,pmpro_visit,False,,2025-03-28T13:09:13.591746+00:00
910ec67b-87e9-4785-8af2-7d78e25632ad,Open Cookie Database,PERFORMANCE,_gat_gtag_UA_7016495_1,True,_gat_gtag_,2025-03-28T13:09:14.110246+00:00
e1053615-b496-4349-8c7f-e7e6617bb8d4,Open Cookie Database,PERFORMANCE,_ga_XFER0E4TQE,True,_ga_,2025-03-28T13:09:14.327327+00:00
95d671c3-a230-4c40-9cb6-2953a2195da4,Cookie Analysis,UNKNOWN,_mwayss_zone_imp[7284][frequencyPeriodEnd],False,,2025-03-28T13:09:23.565135+00:00
d2309a3b-f999-41e4-96e0-101243088241,Cookie Analysis,UNKNOWN,SC_sevenDay_Expires_884999,False,,2025-03-28T13:09:53.580100+00:00
46c3705c-bebc-4c8b-9aa2-b0e226806e03,Cookie Analysis,UNKNOWN,SC_unique_884999,False,,2025-03-28T13:10:23.619210+00:00
3d0e6a7b-4aae-48af-a2af-033a20dd7537,Cookie Analysis,UNKNOWN,_mwayss_zone_imp[7284][count],False,,2025-03-28T13:10:53.667588+00:00
8741992a-68e4-4951-b369-f4aa588b51f5,Cookie Analysis,UNKNOWN,_mwayss_zone_imp[7284][lastShow],False,,2025-03-28T13:11:23.677636+00:00
301658d6-b918-47b3-b243-453c7827ab57,Cookie Analysis,UNKNOWN,SC_showNum_884999,False,,2025-03-28T13:11:53.706525+00:00
b964d377-b9dc-4767-bde4-c605e1100117,Cookiepedia,FUNCTIONALITY,disqus_unique,False,,2025-03-28T13:12:23.721838+00:00
24895793-37ab-4ac9-a741-2bd33bcb3b99,Cookiepedia,FUNCTIONALITY,__jid,False,,2025-03-28T13:12:53.727192+00:00
3a91fd63-7580-4383-beab-3c4718676e31,Cookie Analysis,UNKNOWN,cid_2a997ed4240145829ea8894e711f22ba,False,,2025-03-28T13:13:23.746172+00:00
023596a1-0809-4f44-8920-51d991cabc5b,Cookie Analysis,UNKNOWN,gid_CAESECjQJwkyj02uAgsyHWcXFAk,False,,2025-03-28T13:13:53.755741+00:00
3a9825ed-26d4-408f-8294-92c7c03fe1d9,Cookiepedia,TARGETING,io.narrative.guid.v2,False,,2025-03-28T13:14:23.928802+00:00
4bac4308-055c-4d5b-b00a-6687d254cf52,Cookie Analysis,UNKNOWN,zync-uuid,False,,2025-03-28T13:14:53.789151+00:00
6fee4dd6-c47d-4a15-88e2-49abfdaf5efd,Cookie Analysis,UNKNOWN,SC_showNumV_884999,False,,2025-03-28T13:15:23.702473+00:00
6a849b51-7edc-4a1a-a6be-da8506b7701c,Cookie Analysis,UNKNOWN,SC_showedCrids_884999,False,,2025-03-28T13:15:53.675496+00:00
c0b8d828-c7b3-4ed7-9621-1ff1f69a3800,Cookie Analysis,UNKNOWN,SC_oneDay_Expires_884999,False,,2025-03-28T13:16:23.733261+00:00
7ee0e288-6799-4e7c-980e-30ba5302e25b,Cookie Analysis,UNKNOWN,sd-session-id,False,,2025-03-28T13:16:53.711836+00:00
db08a1a2-a1f4-4c6e-a839-4f313dc7a388,Cookie Analysis,UNKNOWN,segment,False,,2025-03-28T13:17:23.771108+00:00
6f94a6a9-3d0a-4d72-b40e-0f1d3a52ccb0,Cookiepedia,STRICTLY_NECESSARY,utag_main,False,,2025-03-28T13:17:53.813061+00:00
0d4d91bf-3521-4dac-a0d5-db4ef11b4f00,Open Cookie Database,STRICTLY_NECESSARY,renderid,False,,2025-03-28T13:17:53.862113+00:00
1600b789-6db7-4e9a-9b38-de0ae90ecc7a,Cookiepedia,STRICTLY_NECESSARY,TS01b45e18,False,,2025-03-28T13:18:23.738871+00:00
2489255c-54ba-4fb7-a7b6-2735ebba30b5,Cookiepedia,STRICTLY_NECESSARY,CONSENTMGR,False,,2025-03-28T13:18:53.723712+00:00
20c09170-e178-4555-9ca4-80bcaafa82fb,Cookie Analysis,UNKNOWN,WishlistContext,False,,2025-03-28T13:19:53.742577+00:00
47de97b1-1f42-4f42-9537-55b17a2482ca,Cookiepedia,STRICTLY_NECESSARY,october_session,False,,2025-03-28T13:20:53.809776+00:00
09833aec-ba79-407e-b048-d650f0e7c7fc,Cookie Analysis,UNKNOWN,basket_hash,False,,2025-03-28T13:21:23.802615+00:00
895d6e15-f697-438b-b3c4-abf543d5d6f2,Open Cookie Database,PERFORMANCE,_gat_gtag_UA_60034087_1,True,_gat_gtag_,2025-03-28T13:21:23.957570+00:00
7674fc27-7244-4a2e-92e2-ffafa9906dc7,Open Cookie Database,PERFORMANCE,_ga_85DZ3TD0T0,True,_ga_,2025-03-28T13:21:24.035895+00:00
c589e19e-d173-4d6f-acd2-018d6756cc45,Open Cookie Database,STRICTLY_NECESSARY,cart_sig,False,,2025-03-28T13:21:24.740223+00:00
fc864443-2812-4bdf-b0f2-02b18b4078d8,Cookie Analysis,UNKNOWN,_pandectes_gdpr,False,,2025-03-28T13:21:53.757950+00:00
286e9541-7528-4c68-90c6-87103b5f27da,Open Cookie Database,STRICTLY_NECESSARY,checkout_session_token__cn__Z2NwLWV1cm9wZS13ZXN0MzowMUpRRUVDMlhBU0tBSjVISDJXVE00WktZVA,True,checkout_session_token_,2025-03-28T13:21:53.894934+00:00
b06ff173-9234-460b-ab84-1eb283d7d56a,Open Cookie Database,STRICTLY_NECESSARY,checkout_session_lookup,False,,2025-03-28T13:21:53.956903+00:00
d8b5a1bd-87ce-4a9c-b47a-c246112ea753,Open Cookie Database,PERFORMANCE,_ga_22MFSR9JCG,True,_ga_,2025-03-28T13:21:54.294774+00:00
204709d2-30b2-4bc5-afac-df9a5c4226e0,Cookiepedia,FUNCTIONALITY,snize-recommendation,False,,2025-03-28T13:22:23.789589+00:00
968e661c-1f72-4494-bee2-3a82c4ba35de,Open Cookie Database,PERFORMANCE,_ga_NW7H20LFDM,True,_ga_,2025-03-28T13:22:23.862264+00:00
9c91a089-e45e-4745-ad7e-c7bd2bfa2a03,Open Cookie Database,STRICTLY_NECESSARY,checkout_session_token__cn__Z2NwLWV1cm9wZS13ZXN0MzowMUpRRUVEUFJNMlc3SzdNUEFSQ0c2QlFHWQ,True,checkout_session_token_,2025-03-28T13:22:24.198523+00:00
453058f0-157c-475c-aad6-7f8be0c5d728,Open Cookie Database,STRICTLY_NECESSARY,checkout_session_token__cn__Z2NwLWV1cm9wZS13ZXN0MzowMUpRRUVHMDBNMjZWUVJWS1k5UEZIUEtOMg,True,checkout_session_token_,2025-03-28T13:22:24.698343+00:00
47de61dc-2a4a-4d0e-a00a-7caba77ded23,Open Cookie Database,PERFORMANCE,_gat_UA-9006045-11,True,_gat,2025-03-28T13:23:00.310344+00:00
5eb1cdcc-bf41-4b9d-b349-fe329bad2bcd,Open Cookie Database,PERFORMANCE,_ga_1Z2XYLSMVR,True,_ga_,2025-03-28T13:23:00.388464+00:00
1827553b-d9a5-4b42-adc1-b8b1f3d2b35e,Cookie Analysis,UNKNOWN,_sgf_user_id,False,,2025-03-28T13:26:16.136685+00:00
b0139581-7db8-4659-aba2-ab763fef0eb0,Cookie Analysis,UNKNOWN,_sgf_session_id,False,,2025-03-28T13:26:46.046508+00:00
63890a56-6e06-49b9-83e6-fb839d7d435b,Open Cookie Database,PERFORMANCE,_pk_id.1.67c0,True,_pk_id.,2025-03-28T13:26:46.143490+00:00
de168377-b6eb-4688-81aa-a54ebb7a05b0,Open Cookie Database,PERFORMANCE,_pk_ses.1.67c0,True,_pk_ses.,2025-03-28T13:26:46.231766+00:00
5687e729-c5c9-4e24-b9a9-bd6b18119bd2,Cookie Analysis,UNKNOWN,_sgf_exp,False,,2025-03-28T13:27:16.030888+00:00
e02eee8f-7605-47f6-b169-a89eff21be34,Cookie Analysis,UNKNOWN,_sgf_ud,False,,2025-03-28T13:27:46.005463+00:00
02aea946-abdf-4cb8-ac1d-513b103e3567,Cookiepedia,TARGETING,PAPVisitorId,False,,2025-03-28T13:28:16.073373+00:00
f5ef2cc2-1083-4f6f-be50-e21312b8f84f,Cookie Analysis,UNKNOWN,malinca_consent,False,,2025-03-28T13:28:46.036207+00:00
ce9e9897-6dcb-400f-9e6f-48720eb3b290,Cookie Analysis,UNKNOWN,cc_other,False,,2025-03-28T13:29:16.046189+00:00
eb7789a5-91f0-4624-a8df-31172c4fb012,Open Cookie Database,PERFORMANCE,_pk_id.1.6808,True,_pk_id.,2025-03-28T13:29:20.439894+00:00
7cf9df64-79c0-4bf9-bef2-bba68dd0a32b,Open Cookie Database,PERFORMANCE,_pk_ses.1.6808,True,_pk_ses.,2025-03-28T13:29:20.506489+00:00
acb7a547-ba0d-438c-ac38-8943dacb94e9,Open Cookie Database,PERFORMANCE,_pk_id.3.6808,True,_pk_id.,2025-03-28T13:29:20.589775+00:00
bf15c92b-ee26-4e08-8a9f-ca8018880678,Open Cookie Database,PERFORMANCE,_pk_ses.3.6808,True,_pk_ses.,2025-03-28T13:29:20.657590+00:00
27f29cb4-69e2-4b4e-9497-226673de23ca,Cookie Analysis,UNKNOWN,cookieconsent_settings,False,,2025-03-28T13:32:44.075489+00:00
7a327a6e-34ff-4677-ae8a-266eeb20d0c8,Open Cookie Database,PERFORMANCE,_ga_NVTLCDZE6S,True,_ga_,2025-03-28T13:32:44.379315+00:00
dea41e07-be2b-4437-9519-d5d7a0993ace,Cookiepedia,STRICTLY_NECESSARY,guest_token,False,,2025-03-28T13:35:51.695338+00:00
07442c1b-7141-4bb1-ad91-22c56da16dda,Cookie Analysis,UNKNOWN,_lekarnar.com_session,False,,2025-03-28T13:36:21.711920+00:00
d40f72ef-cd60-4ac8-beeb-fb1f0faf04cf,Open Cookie Database,PERFORMANCE,_ga_Y4WZBDJFXD,True,_ga_,2025-03-28T13:36:21.774419+00:00
df2b0265-84ad-4541-b975-16a35245604c,Cookie Analysis,UNKNOWN,yotpo_pixel,False,,2025-03-28T13:36:51.682622+00:00
0ac0199c-42ed-4f74-b4b9-87e6e23b94a8,Open Cookie Database,PERFORMANCE,_sp_ses.f3ee,True,_sp_ses.,2025-03-28T13:36:51.751628+00:00
2276b5b0-1d5b-4a3e-9a3b-051062f51e55,Cookie Analysis,UNKNOWN,pixel,False,,2025-03-28T13:37:21.650420+00:00
8adc7882-cf8f-465e-ab22-ad48e4ac080f,Open Cookie Database,PERFORMANCE,_sp_id.f3ee,True,_sp_id.,2025-03-28T13:37:21.728591+00:00
ec69322a-05d3-478f-9c88-e084629688ef,Cookie Analysis,UNKNOWN,changeCookies,False,,2025-03-28T13:37:51.673222+00:00
0fcee959-9af0-4c06-ac6c-d4453e04805e,Cookie Analysis,UNKNOWN,cc_cookie_decline,False,,2025-03-28T13:38:21.630802+00:00
31cc3229-4e6c-4f48-a8fe-cc3bc1e93786,Cookie Analysis,UNKNOWN,cc_cookie_accept,False,,2025-03-28T13:38:51.640516+00:00
9dc4be63-bbf8-4d16-82e9-f1a6e90f0f52,Cookie Analysis,UNKNOWN,__cookiePolicy,False,,2025-03-28T13:39:21.615524+00:00
b4f85f57-e517-4647-b9bb-5202fe4a0097,Open Cookie Database,PERFORMANCE,_ga_R2CHP9WSN3,True,_ga_,2025-03-28T13:40:45.250382+00:00
2c00c6c2-aaac-4434-9727-0dafa727f3be,Open Cookie Database,TARGETING,tk_or,False,,2025-03-28T13:40:45.422256+00:00
fb33facb-b088-442a-b6fc-1d4833485ca1,Open Cookie Database,PERFORMANCE,tk_r3d,False,,2025-03-28T13:40:45.500382+00:00
fe1b08ce-d80f-4482-ba5d-7c912f37644d,Open Cookie Database,TARGETING,tk_lr,False,,2025-03-28T13:40:45.578548+00:00
1c5e316b-6053-44f7-af0e-a0544b93cd1a,Cookie Analysis,UNKNOWN,yith_wcwl_session_3851700dfbfc4cc3e441e4b7b36f89f5,False,,2025-03-28T13:40:46.718473+00:00
09f892d5-db25-4411-9891-5a4f0675bec5,Open Cookie Database,STRICTLY_NECESSARY,tk_ai,False,,2025-03-28T13:40:46.827305+00:00
8d046afd-519d-43c2-b6ec-11696c1dd9f2,Open Cookie Database,PERFORMANCE,tk_qs,False,,2025-03-28T13:40:46.876130+00:00
c893188d-1731-466a-ae31-7b6aeacef8ac,Open Cookie Database,PERFORMANCE,_pk_id.1.896c,True,_pk_id.,2025-03-28T13:43:32.988796+00:00
b6236235-4658-43f5-803c-ab21340a73b2,Open Cookie Database,PERFORMANCE,_pk_ses.1.896c,True,_pk_ses.,2025-03-28T13:43:33.082556+00:00
a7bf1ab1-7842-4c89-8c6d-8dc93f150d90,Open Cookie Database,STRICTLY_NECESSARY,wp_woocommerce_session_7149b9cc587dfe58d23ad023ec7a01f4,True,wp_woocommerce_session_,2025-03-28T13:46:01.706902+00:00
aacb1f7d-30cd-4a37-b19c-72ddf63dc1c3,Cookiepedia,STRICTLY_NECESSARY,shopnewuser,False,,2025-03-28T13:49:08.351126+00:00
49e4bf3d-9518-4767-9769-98feb19660de,Open Cookie Database,PERFORMANCE,_ga_PV02R5FHKG,True,_ga_,2025-03-28T13:49:08.678778+00:00
038d76d4-a36c-4f69-a5c2-31fd1d840889,Open Cookie Database,PERFORMANCE,_gat_gtag_UA_107715296_1,True,_gat_gtag_,2025-03-28T13:49:08.822475+00:00
4469cddc-f72e-4257-926c-7ffc230f3edf,Open Cookie Database,PERFORMANCE,_ga_J1H56VWFRC,True,_ga_,2025-03-28T13:49:08.888041+00:00
ee5fa9c3-364e-4caa-b54e-caae22411a8d,Cookie Analysis,UNKNOWN,twk_uuid_643e5adb31ebfa0fe7f8f95c,False,,2025-03-28T13:49:38.262323+00:00
c9550b0f-4430-4ad7-a781-a5f88550e8ff,Cookiepedia,STRICTLY_NECESSARY,nette-browser,False,,2025-03-28T13:52:17.271883+00:00
74f820cb-5db8-4d2a-a03d-7605fa26f116,Open Cookie Database,STRICTLY_NECESSARY,_vwo_uuid_v2,False,,2025-03-28T13:52:17.412491+00:00
d6e1e5a5-c8af-45ad-9951-e1bdd8ffe828,Open Cookie Database,STRICTLY_NECESSARY,_vwo_uuid,False,,2025-03-28T13:52:17.734205+00:00
b69b9662-c493-4f4e-b47a-4a978aa9d071,Open Cookie Database,PERFORMANCE,_vwo_ds,False,,2025-03-28T13:52:17.829237+00:00
d3dcfe8a-6c12-43bf-bb73-48d2a9d173d1,Open Cookie Database,PERFORMANCE,_vwo_sn,False,,2025-03-28T13:52:17.879389+00:00
002e48ee-a222-42bc-908a-85415be84ad8,Open Cookie Database,PERFORMANCE,_sp_ses.4004,True,_sp_ses.,2025-03-28T13:52:17.978160+00:00
364e3595-1394-47b7-b15e-4ca2d5a86899,Open Cookie Database,PERFORMANCE,_sp_id.4004,True,_sp_id.,2025-03-28T13:52:18.044830+00:00
64103237-3c5d-4c04-8952-0da8478ba7bd,Open Cookie Database,STRICTLY_NECESSARY,_vis_opt_s,False,,2025-03-28T13:52:18.106206+00:00
03fe4b02-aee6-4c66-88f3-09965a9c40f5,Open Cookie Database,STRICTLY_NECESSARY,_vis_opt_test_cookie,False,,2025-03-28T13:52:18.155910+00:00
b526726d-74fb-4e5d-8cf7-e3592445fbef,Cookie Analysis,UNKNOWN,ecvisits4-f67e22c6c3dacfc9b77b6b40399abc16,False,,2025-03-28T13:52:47.351387+00:00
b6e19876-782a-4a3a-b332-681ecfce9923,Cookie Analysis,UNKNOWN,ecsession4-f67e22c6c3dacfc9b77b6b40399abc16,False,,2025-03-28T13:53:17.269670+00:00
72437a3c-4765-40c8-90c8-1d735aacaddf,Cookie Analysis,UNKNOWN,__cmpcccx46229,False,,2025-03-28T13:53:47.225717+00:00
0d35dc90-77ec-4863-bea5-67f3a1683fbe,Cookie Analysis,UNKNOWN,4-f67e22c6c3dacfc9b77b6b40399abc16www.moje-lece.siecwshown,False,,2025-03-28T13:54:17.441637+00:00
149c258d-196f-4ab4-a96f-38e7cc4e1002,Cookie Analysis,UNKNOWN,__cmpconsentx46229,False,,2025-03-28T13:54:47.267215+00:00
711bd642-53d6-4beb-bcdd-012f698c7ddc,Open Cookie Database,STRICTLY_NECESSARY,_hjSessionUser_2798643,True,_hjSessionUser_,2025-03-28T13:54:47.452532+00:00
eb64a37d-7b4b-413d-988c-f92ed008e4cb,Open Cookie Database,STRICTLY_NECESSARY,_hjSession_2798643,True,_hjSession_,2025-03-28T13:54:47.535827+00:00
5602d717-dca1-4a18-a728-f6ed4a7baa70,Open Cookie Database,PERFORMANCE,_ga_JTPRMT2GD1,True,_ga_,2025-03-28T13:54:47.686268+00:00
a766b3a9-217d-43d4-b174-7dc7122701e6,Open Cookie Database,PERFORMANCE,_ga_6YZTNGN5D1,True,_ga_,2025-03-28T13:54:47.802306+00:00
e20ebadc-a91a-41ca-98dc-9f6aa6506ef5,Cookie Analysis,UNKNOWN,fcSessionId,False,,2025-03-28T13:58:42.788236+00:00
058b868c-f343-440a-a873-5f8baa36a58f,Cookie Analysis,UNKNOWN,enabled_running_user_experiments,False,,2025-03-28T13:59:12.882784+00:00
3440e0f8-d00f-4b22-92a2-e458f2242dce,Cookie Analysis,UNKNOWN,disabled_running_user_experiments,False,,2025-03-28T13:59:42.955717+00:00
e0868a5e-2cd9-4532-8412-d7964e22f503,Cookie Analysis,UNKNOWN,experiments_date,False,,2025-03-28T14:00:12.883822+00:00
44e09d53-984c-4b75-86e6-ef39bea1b0f5,Cookie Analysis,UNKNOWN,running_user_experiments,False,,2025-03-28T14:00:42.922872+00:00
3ddb2dce-2c30-4f56-a684-3c56e1a20b61,Cookie Analysis,UNKNOWN,mhub_fcid,False,,2025-03-28T14:01:12.863463+00:00
c41ea5ee-8a0c-4ec2-8b03-582134e27a11,Cookie Analysis,UNKNOWN,isEmployee,False,,2025-03-28T14:01:42.943218+00:00
7d8bfa2a-ec3a-45d7-9738-795a02a4cf83,Cookie Analysis,UNKNOWN,active_experiment_user_affection,False,,2025-03-28T14:02:12.870715+00:00
914e682d-0c9f-42cd-8d8f-8fa0abb85669,Cookie Analysis,UNKNOWN,clickedAds,False,,2025-03-28T14:02:42.958344+00:00
ad9c7055-e480-4d6d-8857-548ff180d56c,Cookie Analysis,UNKNOWN,wishlist-checksum,False,,2025-03-28T14:03:13.356855+00:00
bd788ae5-b725-4fc2-b9a8-afef36c37a05,Cookiepedia,STRICTLY_NECESSARY,user-checksum,False,,2025-03-28T14:03:42.934067+00:00
43f898f5-a650-4ffa-927c-ed0a9d5ba934,Cookiepedia,STRICTLY_NECESSARY,fc_clarity_user,False,,2025-03-28T14:04:13.007211+00:00
b8d947ac-ec25-4183-87ff-f8f179cdf1cf,Cookie Analysis,UNKNOWN,order-checksum,False,,2025-03-28T14:04:43.110394+00:00
5c4477ef-d60f-4942-abfe-abbc93a620a0,Cookie Analysis,UNKNOWN,aac.pageviewCount,False,,2025-03-28T14:05:12.995489+00:00
45db27ab-03a6-4e4d-bac3-d1e87c603eb0,Cookie Analysis,UNKNOWN,_ranaCid,False,,2025-03-28T14:05:43.091862+00:00
efcf6211-3094-4865-befa-92f3a2919eb8,Cookie Analysis,UNKNOWN,action_impress_experiment,False,,2025-03-28T14:06:12.979778+00:00
6b1b1f52-b0b9-4ebd-bd89-1fc770391f59,Open Cookie Database,PERFORMANCE,_ga_PZJDT7K22L,True,_ga_,2025-03-28T14:06:13.089156+00:00
79e7cdcc-2691-4857-ac15-7457338ff119,Open Cookie Database,PERFORMANCE,_ga_BEHXZ2KE7L,True,_ga_,2025-03-28T14:06:13.151655+00:00
75c1999d-e3ba-4fa8-a3f0-5221aefbc22b,Cookie Database,STRICTLY_NECESSARY,_wp_travel_engine_session,False,,2025-03-28T14:06:17.308982+00:00
44124085-3bfb-49b4-8180-40000ddc5e53,Cookie Analysis,UNKNOWN,00831,False,,2025-03-28T14:06:42.959168+00:00
7998995b-0c58-4226-ace2-cfebc86cb908,Cookie Analysis,UNKNOWN,oaidts,False,,2025-03-28T14:07:12.939513+00:00
2b7fa3c4-fadb-46b3-933a-4b6aeea1bb05,Cookie Analysis,UNKNOWN,OXCCLK,False,,2025-03-28T14:07:43.086420+00:00
2b46fe61-dfa6-4007-aa8e-853756df30d3,Cookie Analysis,UNKNOWN,allcnt,False,,2025-03-28T14:08:13.054070+00:00
9fafced3-aa28-4b5a-b21a-324e3ec3eae5,Open Cookie Database,TARGETING,ID,False,,2025-03-28T14:08:13.304069+00:00
5e4b2448-05ed-447c-8f17-5b5d2e51704e,Cookie Analysis,UNKNOWN,syncedCookie,False,,2025-03-28T14:08:43.165905+00:00
f470ab36-c596-4288-8012-f4388d918990,Open Cookie Database,PERFORMANCE,_ga_N0HCH7RSTK,True,_ga_,2025-03-28T14:08:43.769529+00:00
04b67027-55a7-42df-beed-f7f262b90d9e,Cookie Analysis,UNKNOWN,elfsight_viewed_recently,False,,2025-03-28T14:09:13.078511+00:00
b8a3dbaa-5454-4ed6-a895-460d23b981e8,Open Cookie Database,PERFORMANCE,_gat_UA-87107074-1,True,_gat,2025-03-28T14:09:13.552207+00:00
1090a1fd-5e14-4ea3-a725-8f07c91975f0,Open Cookie Database,PERFORMANCE,_ga_YF1JGWHE19,True,_ga_,2025-03-28T14:09:13.626365+00:00
67a518bb-ea83-45ce-b012-fd636383eee6,Cookie Analysis,UNKNOWN,cookie_id,False,,2025-03-28T14:09:43.103549+00:00
cec1feb4-43e3-496f-9873-ca1241715b06,Cookie Analysis,UNKNOWN,__EX_4bb310fa2130eb1c733ea77fbfd26e0332acad3b__,False,,2025-03-28T14:12:37.541673+00:00
442134d4-1bc1-4671-ab9b-d3e28847bcde,Cookie Analysis,UNKNOWN,FFsid,False,,2025-03-28T14:13:07.324320+00:00
51dd8650-2ba1-4aaf-845b-84887e58d4a6,Open Cookie Database,PERFORMANCE,_ga_28HW0JMQ3K,True,_ga_,2025-03-28T14:13:07.636818+00:00
2f76e385-6326-47f2-a2b1-5aa91207818e,Open Cookie Database,PERFORMANCE,_gat_gtag_UA_109862130_1,True,_gat_gtag_,2025-03-28T14:15:03.912932+00:00
528f22cb-87df-4698-bc2f-ab42ccffe287,Open Cookie Database,PERFORMANCE,_ga_6FHV1CQFSS,True,_ga_,2025-03-28T14:15:04.006685+00:00
2493f8e6-24e6-4ee7-84c2-cfaf6fe9810c,Cookie Analysis,UNKNOWN,mailerlite:webform:shown:5992362,False,,2025-03-28T14:15:05.182838+00:00
3572d735-9731-49c1-bb6a-a258183bfa57,Cookie Analysis,UNKNOWN,spomincica_session,False,,2025-03-28T14:17:28.259174+00:00
3eb9ebb6-1241-43cf-ad48-b4816b8cc093,Open Cookie Database,PERFORMANCE,_gat_gtag_UA_51923729_1,True,_gat_gtag_,2025-03-28T14:17:28.664534+00:00
f7d49b61-5af5-4f6d-be2e-f77414343f3f,Open Cookie Database,PERFORMANCE,_ga_77BDCTBLN1,True,_ga_,2025-03-28T14:17:28.776584+00:00
cbda81da-003e-4c52-a042-451b5cb6a8cb,Cookie Analysis,UNKNOWN,cookie_decision,False,,2025-03-28T14:17:58.263329+00:00
985ac9c6-1072-4356-baae-99bbc84eba27,Open Cookie Database,STRICTLY_NECESSARY,wp_woocommerce_session_14650454a1eefb32ba0ebb150f5ca41c,True,wp_woocommerce_session_,2025-03-28T14:23:21.756785+00:00
287d4028-b89e-49fa-83a9-c98c9d038ab8,Open Cookie Database,PERFORMANCE,_gat_gtag_UA_64915282_2,True,_gat_gtag_,2025-03-28T14:23:22.022407+00:00
56889835-72f7-4866-8374-c76ef9e48a64,Open Cookie Database,PERFORMANCE,_ga_DJLK62C3DC,True,_ga_,2025-03-28T14:23:22.131789+00:00
7fea8877-bbd1-4661-9f54-d8efea49273c,Open Cookie Database,PERFORMANCE,_ga_Q3BKQT0KT8,True,_ga_,2025-03-28T14:25:41.278141+00:00
8559d613-af56-4da2-a4b1-45dd28784cf4,Open Cookie Database,PERFORMANCE,_ga_P2VRSDZR9Q,True,_ga_,2025-03-28T14:29:00.923491+00:00
1e4f12cb-29f5-47fc-9a2d-082a75a207a7,Cookie Analysis,UNKNOWN,gid_CAESEImh7T6Fsztl7ALBpFVuMpY,False,,2025-03-28T14:29:02.631282+00:00
62ed9fd2-13be-4b62-bf62-d42314a6f655,Cookie Analysis,UNKNOWN,cid_ac429c4f0bb045e7a5086d6de7082336,False,,2025-03-28T14:29:32.557269+00:00
07ddae26-8156-4cf6-85c9-d0efb8a8c2fb,Open Cookie Database,PERFORMANCE,_ga_5QKNJ3M9FT,True,_ga_,2025-03-28T14:31:41.829067+00:00
dc0deea8-9b36-4881-b79f-3c12ea537ffb,Cookie Analysis,UNKNOWN,woodmart_wishlist_count,False,,2025-03-28T14:31:43.466479+00:00
43362c2c-43bb-4950-b106-484f7a8cb823,Cookie Analysis,UNKNOWN,wishlist_cleared_time,False,,2025-03-28T14:32:13.476775+00:00
a2af128d-16a1-432b-ba72-a88233e2a3f3,Open Cookie Database,STRICTLY_NECESSARY,wp_woocommerce_session_f5ab13d06f2bc89bade3c7666691f56a,True,wp_woocommerce_session_,2025-03-28T14:32:13.551608+00:00
6e9a339b-2dae-48e2-9173-fd5bbb6b622f,Cookie Analysis,UNKNOWN,woodmart_recently_viewed_products,False,,2025-03-28T14:32:43.554729+00:00
2c68d2df-cf5c-4a21-b4ff-6f012547d241,Open Cookie Database,PERFORMANCE,_ga_XL5MCCT1G8,True,_ga_,2025-03-28T14:35:04.127087+00:00
7ad1caa2-472c-45ea-abca-864e1de0cbff,Open Cookie Database,PERFORMANCE,_ga_608KFV2NP4,True,_ga_,2025-03-28T14:35:04.267735+00:00
6b6dd942-30ad-4798-9dc0-02316754566c,Cookie Analysis,UNKNOWN,topCatId,False,,2025-03-28T14:41:04.139089+00:00
e47f3f1c-50e5-4d95-aa20-deedfae26fbf,Cookie Analysis,UNKNOWN,topCatLink,False,,2025-03-28T14:41:34.003537+00:00
2344a723-b90e-455b-a18a-00eaa467557b,Cookie Analysis,UNKNOWN,WC_CartOrderId_11353,False,,2025-03-28T14:42:04.043311+00:00
caa24ebc-5647-47a9-8a33-f720be94d025,Cookie Analysis,UNKNOWN,CompareItems_11353,False,,2025-03-28T14:42:34.044831+00:00
ebbb6e13-2bcc-48dc-b538-63c065d09eea,Open Cookie Database,PERFORMANCE,_ga_ER903F0FGK,True,_ga_,2025-03-28T14:42:34.779273+00:00
fda3796f-b2e5-4a7c-b63b-6a6c6bfbb28f,Cookiepedia,STRICTLY_NECESSARY,WC_AUTHENTICATION_5382755,False,,2025-03-28T14:43:04.041292+00:00
ad6038c0-36e3-4060-93d2-f1db9bad26fa,Cookie Analysis,UNKNOWN,_cpccd,False,,2025-03-28T14:43:34.016161+00:00
973203d0-9096-4158-89a1-a1bf6e59b321,Cookiepedia,STRICTLY_NECESSARY,WC_USERACTIVITY_5382755,False,,2025-03-28T14:44:04.084094+00:00
cad2ab86-7978-432e-baa5-d3b873eda34e,Cookie Analysis,UNKNOWN,teof_session,False,,2025-03-28T14:44:34.079377+00:00
74dc632d-6e53-43d1-8729-1b9023e443c2,Cookie Analysis,UNKNOWN,dostopnost,False,,2025-03-28T14:45:04.073806+00:00
bfdb51f4-d7b4-4c9b-90c4-ce10bb71fd5a,Cookie Analysis,UNKNOWN,piskotki,False,,2025-03-28T14:45:34.067680+00:00
3312ae35-62cd-49e4-b5ad-b098f206bc12,Open Cookie Database,PERFORMANCE,_ga_SEQJMYJ9JY,True,_ga_,2025-03-28T14:45:34.184878+00:00
d9ec1729-320f-4d3b-9924-e10b24466e8e,Open Cookie Database,PERFORMANCE,_ga_B07KYGL6QF,True,_ga_,2025-03-28T14:46:00.398465+00:00
b390e7ba-9724-4bbb-a496-cf72a185b5e9,Cookiepedia,PERFORMANCE,default,False,,2025-03-28T14:48:59.177998+00:00
53a6b093-a190-472b-b110-c83c9017a597,Open Cookie Database,PERFORMANCE,_ga_ZNNHG71840,True,_ga_,2025-03-28T14:48:59.563883+00:00
be3e56c6-8fd6-4499-8339-649c2a1edc28,Open Cookie Database,PERFORMANCE,_ga_BVZDNSVM3M,True,_ga_,2025-03-28T14:51:37.259042+00:00
213811e6-cd8f-4903-8189-dc46b9359a9c,Cookiepedia,PERFORMANCE,pv,False,,2025-03-28T14:53:36.945856+00:00
aadca602-8ce6-47b3-b974-db5596169004,Open Cookie Database,PERFORMANCE,_ga_30S8P2VQZN,True,_ga_,2025-03-28T14:56:08.766790+00:00
41a77903-4245-42aa-a583-4a54d43e5526,Cookie Analysis,UNKNOWN,thevisit,False,,2025-03-28T14:58:19.002878+00:00
fbe16216-6cdd-4826-b3be-fc37c277291e,Cookie Analysis,UNKNOWN,therevijadl,False,,2025-03-28T14:58:48.904943+00:00
dd6e146d-f8a2-4868-9fcd-73e70ecd32e2,Cookie Analysis,UNKNOWN,therevijadl_shown,False,,2025-03-28T14:59:18.935663+00:00
1e86e69b-d818-47d8-8f00-f730ed78cdb3,Cookie Analysis,UNKNOWN,the_cookies,False,,2025-03-28T14:59:48.920418+00:00
179fb807-baa1-4d7d-aa75-6c4a4008dc5b,Open Cookie Database,PERFORMANCE,_ga_XL72GD56KG,True,_ga_,2025-03-28T14:59:48.983426+00:00
abfccb04-0f04-46d4-bfd6-f174c185a5b3,Cookiepedia,STRICTLY_NECESSARY,TS01e77d47,False,,2025-03-28T15:00:36.193585+00:00
bf70f424-25b1-4dfb-b8e2-981aee466990,Cookiepedia,STRICTLY_NECESSARY,GDPR,False,,2025-03-28T15:01:06.334901+00:00
14d7d6b5-23fb-4e88-8826-a690d175ca2b,Cookie Analysis,UNKNOWN,GDPR_analytics,False,,2025-03-28T15:01:36.293526+00:00
e77079e8-8301-4e94-8e6e-dbed51627127,Cookie Analysis,UNKNOWN,GDPR_marketing,False,,2025-03-28T15:02:06.263670+00:00
06297b4b-7d48-4c15-b7e1-1210b3364254,Open Cookie Database,PERFORMANCE,_ga_KTRDC00DY7,True,_ga_,2025-03-28T15:04:49.977048+00:00
e1b50c12-36c7-43df-bf65-6d756061a794,Cookiepedia,TARGETING,aw_popup_viewed_page,False,,2025-03-28T15:08:00.036278+00:00
eb330bf8-30c2-4a12-80fd-6b8e1ee9c9c1,Open Cookie Database,PERFORMANCE,_ga_N58XVGC7G2,True,_ga_,2025-03-28T15:08:00.934204+00:00
b4592937-b589-4ac0-9f94-e3ef2f43cdf0,Open Cookie Database,PERFORMANCE,_ga_C7QY2LRG0V,True,_ga_,2025-03-28T15:10:09.036662+00:00
0adf8d91-20fc-4512-96d0-c95178c37141,Cookie Analysis,UNKNOWN,wordpress_gdpr_allowed_services,False,,2025-03-28T15:10:10.517121+00:00
9a032503-5c43-4c66-956f-6324a1e55a50,Cookie Analysis,UNKNOWN,wordpress_gdpr_cookies_allowed,False,,2025-03-28T15:10:40.534525+00:00
198433ba-a9c3-4c91-b6b5-b7c1de988832,Cookie Analysis,UNKNOWN,wordpress_gdpr_cookies_declined,False,,2025-03-28T15:11:10.514225+00:00
6a0db0b4-cbc3-4fa3-b6bd-79acb883ffa8,Open Cookie Database,PERFORMANCE,_ga_X0THLVN9BP,True,_ga_,2025-03-28T15:14:28.620797+00:00
410f4ae8-1317-47bc-ae69-3100a560a1e8,Open Cookie Database,PERFORMANCE,_gat_gtag_UA_200251829_1,True,_gat_gtag_,2025-03-28T15:16:24.030339+00:00
a7337539-0941-4e36-81a6-bb7811fa312e,Open Cookie Database,PERFORMANCE,_ga_8YBGVZQF3T,True,_ga_,2025-03-28T15:16:24.108472+00:00
5a5b5787-edcd-4930-adea-efcb280e40f3,Open Cookie Database,PERFORMANCE,_gat_gtag_UA_8940835_7,True,_gat_gtag_,2025-03-28T15:18:11.469939+00:00
6f52db34-cf16-49d7-b2bc-e5024dd693d7,Open Cookie Database,PERFORMANCE,_ga_BG31NTVJ35,True,_ga_,2025-03-28T15:18:11.563694+00:00
4cff846e-0320-4b89-8305-dd5eb4df110d,Cookie Analysis,UNKNOWN,_consentCookie,False,,2025-03-28T15:20:34.975396+00:00
7de1cfa5-f40e-452e-a87f-1cc43a8fd87d,Open Cookie Database,PERFORMANCE,_ga_NVQCK1ZZ97,True,_ga_,2025-03-28T15:20:35.068932+00:00
c09aedac-7015-48d4-8937-ad6f18f68c84,Open Cookie Database,PERFORMANCE,_ga_CE33LX4HKR,True,_ga_,2025-03-28T15:20:35.153396+00:00
89151a9e-3ec3-426e-81f4-80ee8fff843e,Cookiepedia,STRICTLY_NECESSARY,ROUTEID,False,,2025-03-28T15:24:58.967749+00:00
803e4045-ac67-4e2f-a750-06c9a1ca651a,Open Cookie Database,PERFORMANCE,_pk_id.5.381f,True,_pk_id.,2025-03-28T15:24:59.242229+00:00
87bea06f-0bbb-4485-b183-84d1a2b57e11,Open Cookie Database,PERFORMANCE,_pk_ses.5.381f,True,_pk_ses.,2025-03-28T15:24:59.383219+00:00
0e143766-0d6a-4d35-80f8-0b40303855c3,Open Cookie Database,STRICTLY_NECESSARY,visid_incap_2786263,True,visid_incap_,2025-03-28T15:30:35.168990+00:00
63c95821-9a34-4b8f-b551-c96b2acafef9,Open Cookie Database,STRICTLY_NECESSARY,nlbi_2786263,True,nlbi_,2025-03-28T15:30:35.262749+00:00
1e13391d-f9e1-4f85-8b9f-45fd3d1e5796,Open Cookie Database,STRICTLY_NECESSARY,incap_ses_1309_2786263,True,incap_ses_,2025-03-28T15:30:35.351614+00:00
157b5bf1-8ddd-40d2-acbc-b11798437b41,Cookie Analysis,UNKNOWN,yourekoUserId,False,,2025-03-28T15:30:37.344262+00:00
6200a08b-d92e-4dbd-bc6c-91398c8e3f9d,Open Cookie Database,PERFORMANCE,_ga_XMPPEZQ6L7,True,_ga_,2025-03-28T15:30:38.265658+00:00
cdf09fb1-475f-44b5-bc65-a3baf8be51c9,Open Cookie Database,STRICTLY_NECESSARY,_hjSessionUser_1283956,True,_hjSessionUser_,2025-03-28T15:30:38.422229+00:00
a63a2d67-63cf-438a-bc2f-bb519bfee2c8,Open Cookie Database,STRICTLY_NECESSARY,_hjSession_1283956,True,_hjSession_,2025-03-28T15:30:38.484718+00:00
af50a401-456a-44e4-b39f-d6835467199a,Cookie Analysis,UNKNOWN,XSRF_COOKIE,False,,2025-03-28T15:32:47.313803+00:00
f3203877-3fb6-4226-aa6b-07bd112a026b,Cookie Analysis,UNKNOWN,SESS_COOKIE,False,,2025-03-28T15:33:17.263857+00:00
dbdf934e-00c5-44b3-a11e-25e912d4f4a2,Cookie Analysis,UNKNOWN,DARS_WAF,False,,2025-03-28T15:33:47.255615+00:00
4e9a7212-7586-4f9e-acb4-509591e2d02c,Open Cookie Database,PERFORMANCE,_ga_3S9RXLB101,True,_ga_,2025-03-28T15:33:47.380618+00:00
f9d1ca1f-051b-4b33-ac2c-9b80a9d05c67,Cookie Analysis,UNKNOWN,LoggingCookie,False,,2025-03-28T15:34:17.312778+00:00
a251cc17-e9ff-4317-bf27-23311116f6a0,Cookiepedia,FUNCTIONALITY,lastvisit,False,,2025-03-28T15:34:51.120074+00:00
0632c165-cfc1-46ec-b120-1a2f04f98f9c,Open Cookie Database,PERFORMANCE,_ga_EEGYH6HTYJ,True,_ga_,2025-03-28T15:34:51.236868+00:00
1dae519c-cfb4-4244-a1d3-6d757370b0a9,Cookie Analysis,UNKNOWN,__Host-VisitKras,False,,2025-03-28T15:37:35.662058+00:00
078bf85e-e6df-4566-a8f2-56247fdeae0d,Open Cookie Database,PERFORMANCE,_ga_GVPGZ54E8R,True,_ga_,2025-03-28T15:37:35.780606+00:00
eabaa067-755d-4ff7-8f00-4bb33a916462,Cookie Analysis,UNKNOWN,kolektor,False,,2025-03-28T15:40:10.413284+00:00
84f126db-69ec-43e8-9abd-ac52c5f3bd06,Open Cookie Database,PERFORMANCE,_ga_C13LP6J97D,True,_ga_,2025-03-28T15:40:10.524939+00:00
193e72ed-9159-4cd2-ac64-5e8f8839e40e,Cookie Analysis,UNKNOWN,selectedLocale,False,,2025-03-28T15:40:40.407212+00:00
76347a8f-4cf2-4b5f-a859-6ca4b61a57a1,Cookie Analysis,UNKNOWN,fa_piskotki_2024,False,,2025-03-28T15:45:15.869775+00:00
9ea68c97-f378-4d69-b6a5-8a506deb7346,Open Cookie Database,PERFORMANCE,_pk_id.2.8d47,True,_pk_id.,2025-03-28T15:45:15.944449+00:00
aee0d196-a59d-460c-8ff8-320b354dc6e8,Open Cookie Database,PERFORMANCE,_pk_ses.2.8d47,True,_pk_ses.,2025-03-28T15:45:16.010127+00:00
cf27f029-44c4-4853-9771-d788fb2f2923,Open Cookie Database,STRICTLY_NECESSARY,cart_currency,False,,2025-03-28T15:51:56.130298+00:00
7d10a6dd-4b35-483d-9e9f-260abbe3924a,Open Cookie Database,PERFORMANCE,_ga_62WRK0NNT9,True,_ga_,2025-03-28T15:51:56.395925+00:00
3b929cd7-1088-4ce3-9621-7476ac5c6004,Cookie Analysis,UNKNOWN,ex_id,False,,2025-03-28T15:51:58.313411+00:00
257a44ab-d468-4a72-9047-47acc399b4e3,Cookie Analysis,UNKNOWN,section_order_id,False,,2025-03-28T15:52:28.155742+00:00
e52b55ce-3938-4659-8a2b-2e91d6831eb7,Cookie Analysis,UNKNOWN,OT_FBPLID,False,,2025-03-28T15:52:58.139728+00:00
b7cf775e-df58-4bd5-8996-f4ff619ccfc6,Cookie Analysis,UNKNOWN,obj_fbp_fbc,False,,2025-03-28T15:53:28.218946+00:00
e7a6f085-4f58-42aa-9c8c-58920e804e24,Open Cookie Database,STRICTLY_NECESSARY,shopify_pay_redirect,False,,2025-03-28T15:53:28.334163+00:00
11c47c5d-48e9-450e-a250-b819fbf7c686,Cookiepedia,FUNCTIONALITY,soundestID,False,,2025-03-28T15:53:58.228630+00:00
de073643-e0f4-40b4-b1d5-dc3234b14fd3,Cookiepedia,PERFORMANCE,omnisendSessionID,False,,2025-03-28T15:54:28.227558+00:00
e8ad8c15-bc30-41e0-82bc-24896a0d552d,Cookie Analysis,UNKNOWN,omnisendShopifyCart,False,,2025-03-28T15:54:58.212075+00:00
75c0da10-c421-4f43-9476-c8d1157cdcb0,Cookie Analysis,UNKNOWN,page-views,False,,2025-03-28T15:55:28.243704+00:00
ea545482-b7a7-454a-9946-e7c3d1aa2dad,Cookiepedia,TARGETING,shopify_recently_viewed,False,,2025-03-28T15:55:58.189791+00:00
716c32f3-2203-4357-8665-1fd6ad6039ab,Cookie Analysis,UNKNOWN,cbc_country_name,False,,2025-03-28T15:56:28.138992+00:00
c70abdc3-b02f-4a07-ba4b-366905a55555,Cookie Analysis,UNKNOWN,cbc_country_code,False,,2025-03-28T15:56:58.298713+00:00
801ae7ca-e535-4aae-8eba-edc083cba0e9,Cookie Analysis,UNKNOWN,aspn_cookie_bm_ads_full_screen,False,,2025-03-28T15:57:28.265804+00:00
9260f02d-4f29-4b95-8f85-206f9f7bb4c9,Cookie Analysis,UNKNOWN,aspn_cookie_default_accept_sporttv,False,,2025-03-28T15:57:58.362238+00:00
a9e5aa18-3a6c-46e6-805a-1ff2f7e91142,Cookie Analysis,UNKNOWN,aspn_cookie_analytics_accept_sporttv,False,,2025-03-28T15:58:28.250855+00:00
a5635def-fa85-474b-93a4-3a4640af7e95,Cookie Analysis,UNKNOWN,aspn_cookie_marketing_accept_sporttv,False,,2025-03-28T15:58:58.238861+00:00
7cb06cd8-f57d-467c-9310-f3ae218b9b9b,Cookie Analysis,UNKNOWN,aspn_cookie_social_accept_sporttv,False,,2025-03-28T15:59:28.319485+00:00
6a8b3e57-aed7-415f-9056-39ac484291d0,Open Cookie Database,PERFORMANCE,_ga_001RMMNJRX,True,_ga_,2025-03-28T15:59:28.397618+00:00
b14ed7b4-2c42-40fd-999e-517eae214ac3,Open Cookie Database,PERFORMANCE,_pk_id.9864.36f2,True,_pk_id.,2025-03-28T15:59:28.914587+00:00
4c02f0e7-3611-47b8-98ad-3120a3f7dd09,Open Cookie Database,PERFORMANCE,_pk_ses.9864.36f2,True,_pk_ses.,2025-03-28T15:59:28.977092+00:00
cec5367d-b41f-4be8-a548-69e1fd5c21e0,Open Cookie Database,PERFORMANCE,_ga_PYKF968WQQ,True,_ga_,2025-03-28T16:00:42.942235+00:00
cff327fb-9f9f-4564-bbbd-4d6230d90969,Cookie Analysis,UNKNOWN,paywall_product,False,,2025-03-28T16:00:44.750267+00:00
b1d890f4-8cf7-4f08-ae0b-5df29773f57d,Open Cookie Database,STRICTLY_NECESSARY,ts_c,False,,2025-03-28T16:00:44.911817+00:00
7cedf7de-a4fb-43b7-b787-c8f4292315a7,Open Cookie Database,STRICTLY_NECESSARY,enforce_policy,False,,2025-03-28T16:00:45.033084+00:00
9c66b3a4-b1d2-4062-899c-63b3f625e414,Cookie Analysis,UNKNOWN,SEGM,False,,2025-03-28T16:01:14.658896+00:00
72d381ad-f2e9-420b-9e5c-c9eb06bcf1d0,Open Cookie Database,STRICTLY_NECESSARY,nsid,False,,2025-03-28T16:01:14.726075+00:00
903f2e28-f55a-4767-9fa9-b3fa4063f76a,Open Cookie Database,STRICTLY_NECESSARY,l7_az,False,,2025-03-28T16:01:14.792366+00:00
631b187e-2896-450b-85f5-e58099715e2a,Cookie Analysis,UNKNOWN,cookie_prefs,False,,2025-03-28T16:01:44.660385+00:00
feb0b731-295c-4dc5-bb1d-8e63fdc4f2c3,Cookie Analysis,UNKNOWN,rssk,False,,2025-03-28T16:02:14.741184+00:00
e97071f9-b675-4ab9-8102-925d3c9cca77,Cookiepedia,PERFORMANCE,TLTSID,False,,2025-03-28T16:02:44.677985+00:00
42f5512b-9d12-4cb7-a320-4603f9fed688,Cookie Analysis,UNKNOWN,TLTDID,False,,2025-03-28T16:03:14.654049+00:00
9057397c-d7f0-4826-8d57-54b08e6cf9b2,Open Cookie Database,STRICTLY_NECESSARY,LANG,False,,2025-03-28T16:03:14.716549+00:00
320f7646-6368-44c0-8470-fe07533c63c4,Cookie Analysis,UNKNOWN,KHcl0EuY7AKSMgfvHl7J5E7hPtK,False,,2025-03-28T16:03:44.711993+00:00
16879660-d169-47cf-b722-d16435675510,Cookie Analysis,UNKNOWN,ddi,False,,2025-03-28T16:04:14.670174+00:00
43f27354-1bf6-4a17-9230-77f8bdaa0b34,Cookie Analysis,UNKNOWN,sc_f,False,,2025-03-28T16:04:44.819737+00:00
0497b577-0eb8-4973-9b5b-e52ad0c16b19,Open Cookie Database,STRICTLY_NECESSARY,x-pp-s,False,,2025-03-28T16:04:44.991614+00:00
0a4dd2e5-f630-4b34-8526-628939255d58,Open Cookie Database,STRICTLY_NECESSARY,tsrce,False,,2025-03-28T16:04:45.116616+00:00
c4378971-4145-4e08-808b-6592dacf97b3,Cookiepedia,PERFORMANCE,_dd_s,False,,2025-03-28T16:05:14.712684+00:00
d0b21ffb-9775-429e-afd0-6c72c4cac549,Cookiepedia,TARGETING,jnews_cookie_law,False,,2025-03-28T16:05:48.134038+00:00
e28881cc-a15e-4d46-ac31-04da0f86cb40,Cookie Analysis,UNKNOWN,cookie_analytics_allow,False,,2025-03-28T16:09:46.078808+00:00
35f7a31e-24fc-4268-bbf2-9b60de110121,Cookie Analysis,UNKNOWN,mer_cc_dim_rem_allow,False,,2025-03-28T16:10:16.044759+00:00
b8091188-b774-4889-b822-1d2793fb9a2a,Cookiepedia,PERFORMANCE,2c.cId,False,,2025-03-28T16:10:46.146869+00:00
a6731df4-bedd-4d49-9f91-f8b859cad8af,Cookie Analysis,UNKNOWN,igodigitalst_536003278,False,,2025-03-28T16:11:16.261352+00:00
4a36064e-42ed-4d0d-9b2b-9201facbb8df,Cookie Analysis,UNKNOWN,vdly,False,,2025-03-28T16:11:46.059543+00:00
374909db-cf4e-494c-b4a3-9979b84638d0,Cookie Analysis,UNKNOWN,cookie_notice_dismissed,False,,2025-03-28T16:12:16.510965+00:00
b459f3c3-eb03-4ea2-b0da-17177ea120b5,Open Cookie Database,PERFORMANCE,_ga_JK06T9L4HE,True,_ga_,2025-03-28T16:12:16.682887+00:00
5eb154f8-ae77-4e48-8f3d-8cee3f875589,Open Cookie Database,PERFORMANCE,_ga_2VFK0MEHS6,True,_ga_,2025-03-28T16:12:16.760967+00:00
abdc6da9-1133-4725-a9fc-d898039ae449,Open Cookie Database,PERFORMANCE,_ga_7WNGYWXM0G,True,_ga_,2025-03-28T16:12:33.624697+00:00
338fd3b2-2afc-46f7-bb2e-ac506e161078,Cookie Analysis,UNKNOWN,wffn_flt,False,,2025-03-28T16:12:46.308533+00:00
e891eaec-1e2c-4da0-9186-57a248044891,Cookie Analysis,UNKNOWN,wffn_timezone,False,,2025-03-28T16:13:16.252646+00:00
0f25cf4b-ff34-4656-8a17-e7a1c653a047,Cookie Analysis,UNKNOWN,wffn_is_mobile,False,,2025-03-28T16:13:46.230621+00:00
2974c2a5-295e-4c79-8530-86da84e872e4,Cookie Analysis,UNKNOWN,wffn_browser,False,,2025-03-28T16:14:16.275833+00:00
4fab54dd-72c8-409d-9dbb-ee3852d10a71,Cookie Analysis,UNKNOWN,wffn_referrer,False,,2025-03-28T16:14:46.321846+00:00
58e25700-5224-4c6d-8884-ed3110ee510c,Cookie Analysis,UNKNOWN,wffn_fl_url,False,,2025-03-28T16:15:16.121680+00:00
8dc652ce-c7d5-4498-b66f-e9957cb6632c,Cookie Analysis,UNKNOWN,cookieBOOL,False,,2025-03-28T16:15:46.266454+00:00
5ee26971-c0e9-4768-b229-5b52984b653e,Open Cookie Database,PERFORMANCE,_ga_PCME6VYXJB,True,_ga_,2025-03-28T16:15:47.853706+00:00
7ac752de-9645-437e-9b9c-1502cedfb7b2,Open Cookie Database,STRICTLY_NECESSARY,_hjSessionUser_3158317,True,_hjSessionUser_,2025-03-28T16:15:47.963072+00:00
c4a61934-e618-425a-be06-095315444980,Open Cookie Database,STRICTLY_NECESSARY,_hjSession_3158317,True,_hjSession_,2025-03-28T16:15:48.025573+00:00
f66d1a7f-94ad-4888-b021-a8b483cbab64,Cookie Analysis,UNKNOWN,.tt_wp_anonymous,False,,2025-03-28T16:17:45.641592+00:00
59c44a02-64af-4d9e-9771-8efd209f68a6,Cookie Analysis,UNKNOWN,pwa_app,False,,2025-03-28T16:20:18.344344+00:00
663d8cd3-cc6d-4c7b-aabe-fec4c95e280c,Open Cookie Database,PERFORMANCE,_ga_BT1GEFGGPM,True,_ga_,2025-03-28T16:20:18.596821+00:00
c682bc2c-8871-496a-8e35-d1b68a7e7c2d,Open Cookie Database,STRICTLY_NECESSARY,wordpress_test_cookie,False,,2025-03-28T16:20:18.908492+00:00
36f45021-5aab-4b3b-b467-a897178b8b21,Cookie Analysis,UNKNOWN,SESSnsl,False,,2025-03-28T16:20:48.320895+00:00
2a89de29-0dfd-4d61-8c7c-d3182d9f366d,Open Cookie Database,STRICTLY_NECESSARY,__Host-GAPS,False,,2025-03-28T16:20:48.399026+00:00
b570a855-ceba-44ef-9c40-82cf523be0ae,Open Cookie Database,TARGETING,OTZ,False,,2025-03-28T16:20:48.461524+00:00
d58096a0-4b0a-448d-87bd-9df6c0797e40,Open Cookie Database,STRICTLY_NECESSARY,__Secure-ENID,False,,2025-03-28T16:20:48.570902+00:00
e4b567a5-2dfe-48b9-8ce3-ffe9e79d916b,Cookie Analysis,UNKNOWN,iCD3MercatorState,False,,2025-03-28T16:22:41.744758+00:00
4aed6919-c962-43eb-96a1-2cd60696963e,Cookie Analysis,UNKNOWN,inopool,False,,2025-03-28T16:23:11.762730+00:00
c232b67c-d171-417d-b696-5947f0e30fef,Cookie Analysis,UNKNOWN,iCD3Mercator,False,,2025-03-28T16:23:41.719947+00:00
54700178-2e11-4b37-ba5e-bd0096c7ede4,Cookiepedia,PERFORMANCE,mktz_sess,False,,2025-03-28T16:24:11.613651+00:00
94bffd88-d82b-4c5e-8b66-649f99a37813,Open Cookie Database,PERFORMANCE,_gat_t1,True,_gat,2025-03-28T16:24:11.691779+00:00
074bd20e-dbae-4b38-8e65-0e36b8d1feeb,Cookiepedia,TARGETING,mktz_client,False,,2025-03-28T16:24:41.662586+00:00
c55fc4d8-1090-4837-97ff-24a197c737fe,Open Cookie Database,PERFORMANCE,_ga_1P2H6M8Y91,True,_ga_,2025-03-28T16:24:41.784021+00:00
291e01ee-ac2c-47ba-acb2-6c24fcb8847c,Open Cookie Database,PERFORMANCE,_ga_GPRQG1LHCD,True,_ga_,2025-03-28T16:24:41.888451+00:00
8bc89fa1-cda7-4648-8d36-30d9c909acaa,Open Cookie Database,PERFORMANCE,_ga_Z9Z7032D3J,True,_ga_,2025-03-28T16:24:41.974640+00:00
561c0595-52ed-4d8f-bcf4-7bd47635cb33,Open Cookie Database,PERFORMANCE,_ga_T37FD3WZ1C,True,_ga_,2025-03-28T16:25:50.506353+00:00
db6c6fc8-dce2-4554-8271-e5af421cbe5c,Cookiepedia,FUNCTIONALITY,cookie_test,False,,2025-03-28T16:31:40.351846+00:00
0d8505be-4506-4b6f-8ea1-4bd2f9385887,Cookiepedia,STRICTLY_NECESSARY,osCsid,False,,2025-03-28T16:32:10.163946+00:00
9fba6528-a849-407f-a1e4-d9952962ec1e,Open Cookie Database,PERFORMANCE,_ga_FD8GPNTBVS,True,_ga_,2025-03-28T16:32:10.291853+00:00
055ee31f-f5a9-4b7c-b99c-c8e9dd5b6c69,Cookie Analysis,UNKNOWN,cookie_mat_allow,False,,2025-03-28T16:32:40.131448+00:00
785b26c8-87e4-4d31-aa77-c2468fe52b45,Cookie Analysis,UNKNOWN,klaro-cc,False,,2025-03-28T16:37:31.214320+00:00
97cfa64b-ccd9-4316-8dad-4fad8c7b2a0a,Open Cookie Database,PERFORMANCE,_ga_BKLG6BZP48,True,_ga_,2025-03-28T16:37:31.310240+00:00
c8cff265-1fc7-47e8-994f-dbd8c186506e,Open Cookie Database,STRICTLY_NECESSARY,connect.sid,False,,2025-03-28T16:40:06.016184+00:00
2c245737-b1ea-4e5e-a041-e0dfa3bce180,Cookie Analysis,UNKNOWN,im_youtube,False,,2025-03-28T16:40:07.258131+00:00
bc5a5e92-d999-4e65-8ff9-82612b9afb34,Cookie Analysis,UNKNOWN,cookie_settings,False,,2025-03-28T16:40:37.191012+00:00
4df98af2-2fba-499f-8704-3e98db4624e5,Open Cookie Database,PERFORMANCE,_ga_DJNWMS0YL5,True,_ga_,2025-03-28T16:40:37.331638+00:00
fee907d3-a068-44b4-b718-f85bdb358886,Open Cookie Database,PERFORMANCE,_pk_ses.22041.89a2,True,_pk_ses.,2025-03-28T16:43:06.648067+00:00
e995219a-cd78-4afd-be11-52f052df8d1d,Open Cookie Database,PERFORMANCE,_pk_id.22041.89a2,True,_pk_id.,2025-03-28T16:43:06.726191+00:00
64106174-ff91-499d-8b21-8ea964abcf54,Open Cookie Database,PERFORMANCE,_ga_75Y98CXYVW,True,_ga_,2025-03-28T16:43:06.819949+00:00
6904b050-29e3-4bb7-a727-f7b5402d2707,Cookiepedia,STRICTLY_NECESSARY,SearchSession,False,,2025-03-28T16:46:09.397584+00:00
33802b6c-2427-4df2-b780-32175f43c047,Cookiepedia,FUNCTIONALITY,WSS_FullScreenMode,False,,2025-03-28T16:46:39.239783+00:00
86279155-c2ef-41fc-94cb-8e86e45e926b,Cookie Analysis,UNKNOWN,cookie_marketing,False,,2025-03-28T16:47:09.450410+00:00
5dce6463-2154-4c2a-95c5-6ffafd630de4,Cookiepedia,STRICTLY_NECESSARY,cookie_analytics,False,,2025-03-28T16:47:39.356727+00:00
95b12a6c-cfb5-4b88-83ae-0d481d69941f,Cookie Analysis,UNKNOWN,cookie_confirm,False,,2025-03-28T16:48:09.379712+00:00
2bb0a85f-1bd3-45be-89c8-dbf13410e673,Open Cookie Database,PERFORMANCE,_gat_gtag_UA_10523031_1,True,_gat_gtag_,2025-03-28T16:48:09.468560+00:00
a9952efd-173b-46be-9cce-b97f4d6d9830,Open Cookie Database,PERFORMANCE,_ga_V3N3J40EXR,True,_ga_,2025-03-28T16:48:09.609186+00:00
35b8bf39-983e-4ade-9023-3737ace2a264,Open Cookie Database,STRICTLY_NECESSARY,_hjSessionUser_1246948,True,_hjSessionUser_,2025-03-28T16:48:09.734189+00:00
156eedc2-7324-4b9b-9fe1-5e2de22e39d1,Open Cookie Database,STRICTLY_NECESSARY,_hjSession_1246948,True,_hjSession_,2025-03-28T16:48:09.814513+00:00
a4259663-a95a-4976-913c-c2195d3ece64,Cookie Analysis,UNKNOWN,PrestaShop-bc4f184cef13a71f49a958bff51248f4,False,,2025-03-28T16:49:30.302072+00:00
7fa2f1ff-f490-4381-80fc-602dce9d7960,Cookie Analysis,UNKNOWN,PrestaShop-49722c247d445ea6ad5f50ec8153945a,False,,2025-03-28T16:50:00.292939+00:00
12e8c020-6e75-4e03-bd73-b23db07f7c4b,Open Cookie Database,PERFORMANCE,_gat_gtag_UA_211287966_1,True,_gat_gtag_,2025-03-28T16:50:00.402318+00:00
5256a007-6fd8-468e-93ec-b53997c7a6e8,Open Cookie Database,PERFORMANCE,_ga_1FNGNG0JGX,True,_ga_,2025-03-28T16:50:00.464860+00:00
6e1120ce-a705-4e63-affd-4c223bda0ae8,Open Cookie Database,PERFORMANCE,_gat_gtag_UA_164541640_1,True,_gat_gtag_,2025-03-28T16:50:00.527361+00:00
9b2cf127-eec8-4d0e-8bff-d9ec7b9e78eb,Open Cookie Database,STRICTLY_NECESSARY,wp_woocommerce_session_4fbb5b84f91de14e5e3d3de639886743,True,wp_woocommerce_session_,2025-03-28T16:51:58.572671+00:00
ef9e83f1-416e-4d62-8e5a-c07b6b84cb3c,Open Cookie Database,PERFORMANCE,_ga_K0LHB6EH8X,True,_ga_,2025-03-28T16:51:58.775839+00:00
9b185136-6c47-43b6-9004-12aab4c3e803,Open Cookie Database,STRICTLY_NECESSARY,_hjSessionUser_2641801,True,_hjSessionUser_,2025-03-28T16:54:10.562516+00:00
1cace74a-931f-4ee6-887f-0707bee939bd,Open Cookie Database,STRICTLY_NECESSARY,_hjSession_2641801,True,_hjSession_,2025-03-28T16:54:10.656266+00:00
2bf7ee30-0bbf-4997-bb9d-52ff6968ef2e,Open Cookie Database,PERFORMANCE,_gat_gtag_UA_44301147_1,True,_gat_gtag_,2025-03-28T16:54:10.750017+00:00
1be23598-4e47-4eb8-b349-fa1cb422fa3c,Open Cookie Database,PERFORMANCE,_ga_FRJ7Q9LXDC,True,_ga_,2025-03-28T16:54:10.843767+00:00
85d18677-b06a-4dd7-981f-c91a9523fa1a,Cookie Analysis,UNKNOWN,ecomsend_modal_limit202548,False,,2025-03-28T16:56:37.324934+00:00
a9225c1d-4298-403c-996b-b8c9e8687ed5,Open Cookie Database,PERFORMANCE,_ga_Z15TT2WXBJ,True,_ga_,2025-03-28T16:56:38.947773+00:00
77593000-4f09-4617-aa16-50d245dd9750,Open Cookie Database,PERFORMANCE,_ga_4K26YGQ2W7,True,_ga_,2025-03-28T16:56:39.098135+00:00
0d3fd0e4-66df-4533-96fa-9ffd9a1fc813,Open Cookie Database,PERFORMANCE,_dc_gtm_UA-1657611-4,True,_dc_gtm_,2025-03-28T16:59:03.230239+00:00
ca583787-8592-486a-a840-78053a493f63,Open Cookie Database,PERFORMANCE,_ga_ECRG6YQGCC,True,_ga_,2025-03-28T16:59:03.308367+00:00
cd0e739e-300c-4642-a7d3-2a4c55d033a5,Open Cookie Database,STRICTLY_NECESSARY,_hjSessionUser_2015633,True,_hjSessionUser_,2025-03-28T16:59:03.417743+00:00
669bd36d-9d74-4f2b-a0c2-530c66901f45,Open Cookie Database,STRICTLY_NECESSARY,_hjSession_2015633,True,_hjSession_,2025-03-28T16:59:03.496775+00:00
bc41acc8-0dad-49da-8cdd-ada7403e6d4b,Open Cookie Database,PERFORMANCE,_gat_UA-1657611-4,True,_gat,2025-03-28T16:59:03.756803+00:00
711ee2ef-3c12-4dfe-927f-c811923da1d3,Cookie Analysis,UNKNOWN,sOTP,False,,2025-03-28T17:02:25.651162+00:00
bc244b67-2527-47d9-8481-a0fb0bc25788,Cookie Analysis,UNKNOWN,cookiesettingdefault,False,,2025-03-28T17:02:55.581473+00:00
6fd8ac48-f159-4a35-940d-86b50e5da62b,Cookie Analysis,UNKNOWN,cookiesettinganalytics,False,,2025-03-28T17:03:25.610026+00:00
dd70e64c-d938-4a5b-9024-5ada80bfb700,Cookie Analysis,UNKNOWN,cookiesettingother,False,,2025-03-28T17:03:55.485413+00:00
bed6df70-af40-45c1-91ed-5fd4ba875875,Open Cookie Database,PERFORMANCE,_ga_8C31T1C4LL,True,_ga_,2025-03-28T17:03:55.921497+00:00
f286e538-c361-4585-af5e-b321e2b5bb54,Open Cookie Database,PERFORMANCE,_ga_X5QV235P9Q,True,_ga_,2025-03-28T17:08:37.221422+00:00
3b88beca-f090-4edb-a884-854d72d4cdd1,Cookie Analysis,UNKNOWN,gid_CAESEGtMeaReoqKwr2vT1V8txQw,False,,2025-03-28T17:08:40.504511+00:00
6acebf03-eedf-4244-af9d-cbd1bb5085db,Cookie Analysis,UNKNOWN,cid_bc4764991cd349d69aed959f86b54e51,False,,2025-03-28T17:09:10.324217+00:00
3ba081b1-3b1d-48bc-85e4-b434da2f567a,Open Cookie Database,PERFORMANCE,_ga_G7R68CQ0E0,True,_ga_,2025-03-28T17:11:03.812518+00:00
88823ef3-5df8-455a-9962-7cda6b078d00,Cookie Analysis,UNKNOWN,vEventUniqueId,False,,2025-03-28T17:14:18.326931+00:00
93b9e485-29fc-43c5-89cd-b0f6b318a325,Cookie Analysis,UNKNOWN,september_id,False,,2025-03-28T17:14:48.148141+00:00
7ef3f782-2868-4a2f-ae2f-4342dc1fcfea,Open Cookie Database,STRICTLY_NECESSARY,_hjSessionUser_199823,True,_hjSessionUser_,2025-03-28T17:14:48.288760+00:00
085cd100-ea74-41d5-95fb-ccb37b453de5,Open Cookie Database,STRICTLY_NECESSARY,_hjSession_199823,True,_hjSession_,2025-03-28T17:14:48.366895+00:00
362b1aac-8443-4f8b-baa6-00cdbab9fd24,Cookie Analysis,UNKNOWN,analyticsConsent,False,,2025-03-28T17:15:18.218096+00:00
367f3adf-ceaa-45ce-a887-1d3288964a02,Cookie Analysis,UNKNOWN,socialConsent,False,,2025-03-28T17:15:48.217796+00:00
e29430b8-a42c-4b12-85c6-576f1d70d7fb,Cookie Analysis,UNKNOWN,remarketingConsent,False,,2025-03-28T17:16:18.174850+00:00
c7c11330-335d-4703-a697-c98f68d742d0,Cookie Analysis,UNKNOWN,vitapur_cookie_consent,False,,2025-03-28T17:16:48.193700+00:00
7c08a023-e45f-48ff-8684-523e829d0ddf,Cookie Analysis,UNKNOWN,cookieBanner,False,,2025-03-28T17:17:18.225506+00:00
641661e1-6665-4814-8244-cdc03b92ff2f,Open Cookie Database,PERFORMANCE,_ga_RWLYDM1RRP,True,_ga_,2025-03-28T17:17:18.361281+00:00
6b64feeb-099d-4ddd-972e-2c96c9faacab,Cookie Analysis,UNKNOWN,september_has_consent,False,,2025-03-28T17:17:48.230677+00:00
e2be19a2-596c-4df5-9e7b-3c8294ebc4e5,Cookie Analysis,UNKNOWN,magic_id,False,,2025-03-28T17:18:18.231586+00:00
3a3ad31e-f7c6-420c-9381-291009bc54ac,Open Cookie Database,PERFORMANCE,_ga_ZWYXZ92D5Y,True,_ga_,2025-03-28T17:18:19.434713+00:00
4676f837-eee8-4512-bf19-5703618fd20c,Open Cookie Database,TARGETING,iutk,False,,2025-03-28T17:18:19.794088+00:00
a943fe72-a409-4fea-bd02-0dc4cbb62e5e,Cookie Analysis,UNKNOWN,G4M_SESSION_V2,False,,2025-03-28T17:21:50.711655+00:00
95ae26be-11be-472f-bc4a-44332bae75f3,Cookie Analysis,UNKNOWN,BROWSER_TOKEN,False,,2025-03-28T17:22:20.712278+00:00
1744fdf8-8ee3-46d5-b961-e0dfc95da6ae,Open Cookie Database,PERFORMANCE,_ga_DELC965Q27,True,_ga_,2025-03-28T17:22:21.102910+00:00
1b918904-8b58-4791-b1b5-2561db7a75b2,Cookie Analysis,UNKNOWN,g4m_cookie_consent,False,,2025-03-28T17:22:50.586757+00:00
abc6ada5-69f6-486d-89ae-f65c5965d0c1,Cookie Analysis,UNKNOWN,hb_session_id,False,,2025-03-28T17:28:19.665317+00:00
834f0c8c-397c-4978-91a7-afe9230d4b55,Cookie Analysis,UNKNOWN,Pop_up_id_29,False,,2025-03-28T17:28:49.494865+00:00
091d577c-c297-4461-8088-e765f747acaa,Cookie Analysis,UNKNOWN,shopme_recently,False,,2025-03-28T17:29:19.529356+00:00
fa94fe29-5392-47f2-b118-a65fbaa1d334,Open Cookie Database,PERFORMANCE,_ga_9C0FPKJZZH,True,_ga_,2025-03-28T17:29:19.873067+00:00
1e108442-6066-4ba8-a797-2330e07652c5,Cookie Analysis,UNKNOWN,PBSESSION,False,,2025-03-28T17:30:52.896479+00:00
7873bde9-2af2-48c5-b37f-c6ce8642696c,Cookie Analysis,UNKNOWN,_itxo11y_ses.fb55,False,,2025-03-28T17:31:22.882045+00:00
9d4f9ade-c3aa-462b-aef0-6cf3546741c9,Cookie Analysis,UNKNOWN,opti_priority_load,False,,2025-03-28T17:31:52.871202+00:00
fdbd558d-c1ed-44e2-99f3-d56c76f29342,Cookie Analysis,UNKNOWN,_itxo11y_id.fb55,False,,2025-03-28T17:32:22.846416+00:00
b8954ecb-dc2c-49d6-9105-c61f60232c90,Cookiepedia,STRICTLY_NECESSARY,TS01a139e1,False,,2025-03-28T17:32:52.952516+00:00
c4898ab0-4333-4ec7-af41-fb4ccf307e40,Cookie Analysis,UNKNOWN,27d0b6ecbed4db02e6b1182341530324,False,,2025-03-28T17:33:22.985250+00:00
5b7ac418-22cb-42b0-9f41-666bde6a4315,Open Cookie Database,STRICTLY_NECESSARY,_hjSessionUser_1704171,True,_hjSessionUser_,2025-03-28T17:33:24.168673+00:00
5c94b715-e551-4fce-afbb-972014ade3f6,Open Cookie Database,STRICTLY_NECESSARY,_hjSession_1704171,True,_hjSession_,2025-03-28T17:33:24.238371+00:00
a8d855f3-e2b8-4853-bddd-d0722db6ad2b,Open Cookie Database,PERFORMANCE,_ga_WK516SYDRY,True,_ga_,2025-03-28T17:33:24.309138+00:00
2b0fb23d-f97a-454b-bfcc-674ac449fb03,Open Cookie Database,PERFORMANCE,_ga_7VSZJE3XYH,True,_ga_,2025-03-28T17:37:55.417271+00:00
2a1b3069-ec53-4101-a3c8-d1cf09963d97,Open Cookie Database,PERFORMANCE,_gat_gtag_UA_68823868_1,True,_gat_gtag_,2025-03-28T17:37:55.573378+00:00
71597c52-3911-425a-8f00-a51ecf5bbdc2,Cookie Analysis,UNKNOWN,sto1,False,,2025-03-28T17:41:13.398818+00:00
64220712-1dc9-498f-8285-d2f7de2a5732,Open Cookie Database,PERFORMANCE,_gat_gtag_UA_136517477_7,True,_gat_gtag_,2025-03-28T17:41:14.393742+00:00
405158a0-e36c-4d8e-ad19-505945c09edb,Open Cookie Database,PERFORMANCE,_ga_V1GDD00XFN,True,_ga_,2025-03-28T17:41:15.077510+00:00
cb7a9aac-8915-4595-b3df-c82226adf31c,Cookiepedia,PERFORMANCE,__acuuid,False,,2025-03-28T17:41:43.275423+00:00
ec6abaef-d53e-4358-97e9-ece32c838b3b,Cookie Analysis,UNKNOWN,__macapture,False,,2025-03-28T17:42:13.221859+00:00
672961c2-e2c4-48f0-908e-8d9e7c3188be,Cookie Analysis,UNKNOWN,NapravaId,False,,2025-03-28T17:48:16.832523+00:00
ddbe1ff0-946f-4f12-89fc-501d1e20728f,Cookiepedia,STRICTLY_NECESSARY,TS01c14dfd,False,,2025-03-28T17:48:46.818908+00:00
aa2bba60-22ca-4d4c-bbb5-52137c151249,Cookie Analysis,UNKNOWN,NastavitvePiskotkov,False,,2025-03-28T17:49:16.718684+00:00
3eec467b-ef28-412d-a29b-db4bbd66e091,Cookie Analysis,UNKNOWN,ftc_post_view_6732,False,,2025-03-28T17:55:41.116515+00:00
f507f445-017c-4deb-b126-9ef0d30acfe6,Open Cookie Database,PERFORMANCE,_gat_gtag_UA_59242668_1,True,_gat_gtag_,2025-03-28T17:55:41.565983+00:00
2bd5e6ef-7b98-4035-8e9a-c548ecd4941f,Open Cookie Database,PERFORMANCE,_ga_99NJCE3RBS,True,_ga_,2025-03-28T17:55:41.676512+00:00
1272109b-9f10-4bd9-8ab8-141771edd688,Cookie Analysis,UNKNOWN,ftc_post_view_19360,False,,2025-03-28T17:56:11.031366+00:00
13cdcb33-d615-42a2-a637-b851fef0da40,Open Cookie Database,STRICTLY_NECESSARY,wp_woocommerce_session_096eac369eb62d4cc732dcefe1818566,True,wp_woocommerce_session_,2025-03-28T17:56:11.140743+00:00
4d5f4e70-9ac0-4833-9911-1aca3ed77ae7,Open Cookie Database,TARGETING,apiDomain_4_DpyHuI1nm5uAqPNhmUgD4g,True,apiDomain_,2025-03-28T17:58:39.814131+00:00
f190b85b-ec82-473a-920c-c33dea0fbef4,Open Cookie Database,TARGETING,gmid,False,,2025-03-28T17:58:39.876631+00:00
37804351-5408-4f04-9000-b837d6b6f758,Open Cookie Database,TARGETING,ucid,False,,2025-03-28T17:58:39.939126+00:00
3139de3a-6004-4f07-9a6c-a8c57154b02c,Open Cookie Database,TARGETING,hasGmid,False,,2025-03-28T17:58:39.986012+00:00
e0838f28-826c-4697-b070-d4bb5a7bfd6d,Open Cookie Database,TARGETING,gig_bootstrap_4_iLzA0fC98OpPw4e_IG3RrA,True,gig_bootstrap_,2025-03-28T17:58:40.064130+00:00
294aad1c-4ebc-4925-81f2-93a5d307d809,Cookie Analysis,UNKNOWN,cookieconsent_status_UNCATEGORIZED,False,,2025-03-28T17:58:42.556192+00:00
273601e5-dffb-45ad-ad35-285a7265fcee,Cookie Analysis,UNKNOWN,cookieconsent_status_ESSENTIAL,False,,2025-03-28T17:59:12.445053+00:00
e3eec5d6-1269-4a3a-bbed-0fe1c7bd5889,Cookie Analysis,UNKNOWN,cookieconsent_status_PERSONALIZATION,False,,2025-03-28T17:59:42.563180+00:00
9a2f81fb-aaf2-48cd-92fe-a4c3a8bd956c,Cookie Analysis,UNKNOWN,cookieconsent_status_ANALYTICS,False,,2025-03-28T18:00:12.560026+00:00
c883bc38-4813-4efa-98ca-9cdb8fec0ef9,Cookie Analysis,UNKNOWN,cookieconsent_status_MARKETING,False,,2025-03-28T18:00:42.602519+00:00
c7c8f24b-3894-44c2-92b9-e1e2f345790a,Cookie Analysis,UNKNOWN,cookieconsent_status_FUNCTIONAL,False,,2025-03-28T18:01:12.575031+00:00
3f2075ba-395a-4703-a39e-2301a4d8f6ad,Open Cookie Database,PERFORMANCE,_ga_QPLE1N4MW0,True,_ga_,2025-03-28T18:01:12.643414+00:00
7faededc-f605-4e64-b5c4-8cc1cbc27521,Open Cookie Database,PERFORMANCE,_ga_XDV932H3V1,True,_ga_,2025-03-28T18:01:12.729576+00:00
5d886246-692c-4751-b389-e8943ff0518e,Open Cookie Database,PERFORMANCE,_ga_DPWFN0VDMG,True,_ga_,2025-03-28T18:06:20.439507+00:00
ab70b882-9f3e-40e1-b3f4-a9f7867a46e2,Cookie Analysis,UNKNOWN,dp_cookieconsent_status,False,,2025-03-28T18:08:47.004393+00:00
6af83651-e0cc-4c2c-9f8f-7fc8422a624f,Open Cookie Database,PERFORMANCE,_ga_C3FNXF2FZJ,True,_ga_,2025-03-28T18:08:47.281850+00:00
1261872a-2ab9-4beb-bf96-a63516872294,Cookie Analysis,UNKNOWN,AUTH_STATE,False,,2025-03-28T18:12:30.408610+00:00
95e4bd42-1c8e-4853-a516-cd315f5b2982,Cookie Analysis,UNKNOWN,X-ETag,False,,2025-03-28T18:13:00.362886+00:00
7f8403e5-0cab-443a-bdd0-5c0c10941d8c,Cookie Analysis,UNKNOWN,__Host-PHPSESSID,False,,2025-03-28T18:13:30.382048+00:00
72a7d230-4e5a-425d-b40b-180146d95d02,Cookie Analysis,UNKNOWN,PrestaShop-c3c49a9e9f736ed231db83046db92f3a,False,,2025-03-28T18:14:00.468813+00:00
05d298ba-c0e5-4432-8802-0ede999df96e,Cookie Analysis,UNKNOWN,cart_token,False,,2025-03-28T18:14:30.420586+00:00
bc6b1c73-46aa-4a72-af74-a9136e9fbb18,Open Cookie Database,PERFORMANCE,_ga_0L6PMQG54B,True,_ga_,2025-03-28T18:14:30.843198+00:00
3f0bf821-6795-4a32-b6ad-a371402da0a9,Open Cookie Database,PERFORMANCE,AMP_MKTG_4238361716,True,AMP_MKTG_,2025-03-28T18:14:30.921312+00:00
2d4046b2-1a35-487b-bcd7-e87f9b18ef4f,Cookie Analysis,UNKNOWN,__ywtfpcvuid,False,,2025-03-28T18:15:00.399856+00:00
c58ae6c9-a510-43a6-8b6a-9d2dbaef3c6d,Cookie Analysis,UNKNOWN,__ywtfpcsuid,False,,2025-03-28T18:15:30.463733+00:00
3aa501dd-bbdb-41ea-9a77-0f0c69751e1f,Cookiepedia,FUNCTIONALITY,kampyle_userid,False,,2025-03-28T18:16:00.456526+00:00
3a46fd01-158e-4973-afca-54e946b00144,Cookiepedia,FUNCTIONALITY,kampyleUserSession,False,,2025-03-28T18:16:30.501548+00:00
9500faeb-dbf2-4a34-87d1-259753e403cb,Cookiepedia,FUNCTIONALITY,kampyleUserSessionsCount,False,,2025-03-28T18:17:00.514333+00:00
eeb404d7-31a9-4f96-82a9-0f349e2e8725,Cookiepedia,FUNCTIONALITY,kampyleSessionPageCounter,False,,2025-03-28T18:17:30.507960+00:00
01c32db5-2dc5-4b01-a1b0-ad0f377df1c3,Cookiepedia,PERFORMANCE,_snrs_sb,False,,2025-03-28T18:18:00.468897+00:00
c437ccb4-e04b-4598-9118-5a0b985f9074,Cookie Analysis,UNKNOWN,__ywtfpcvuid_refresh,False,,2025-03-28T18:18:30.450499+00:00
4c1d123a-e6c4-433f-a995-a1eb41675990,Cookiepedia,PERFORMANCE,_snrs_sa,False,,2025-03-28T18:19:00.533945+00:00
5eb2c8ad-e19a-4bca-9d8b-f6c267a8b153,Cookiepedia,PERFORMANCE,_snrs_uuid,False,,2025-03-28T18:19:30.544940+00:00
5d531a77-d810-49c1-8b3e-a0b45b08059f,Cookiepedia,PERFORMANCE,_snrs_puuid,False,,2025-03-28T18:20:00.596114+00:00
c27efa87-ddbf-4d09-a254-737c95f1d2c5,Open Cookie Database,PERFORMANCE,AMP_4238361716,True,AMP_,2025-03-28T18:20:00.658610+00:00
b64c1ddc-dca3-49c8-9733-0cc123c0cb3a,Cookiepedia,FUNCTIONALITY,_snrs_p,False,,2025-03-28T18:20:30.553043+00:00
87e10577-9bd5-49ee-a2af-998010af6e39,Open Cookie Database,PERFORMANCE,_ga_N9FRR629JK,True,_ga_,2025-03-28T18:20:31.638503+00:00
d5624c1f-77c1-4cfa-b04e-e56e46dcdf26,Cookie Analysis,UNKNOWN,webp,False,,2025-03-28T18:21:00.508966+00:00
de4534a5-e8a3-44cf-8879-eed5e2fdf2c3,Cookie Analysis,UNKNOWN,productlist,False,,2025-03-28T18:21:30.521325+00:00
542678a5-9265-4fb6-ba6a-4e7e2ddd9386,Cookie Analysis,UNKNOWN,googlecategory,False,,2025-03-28T18:22:00.545483+00:00
42c1c46d-a493-4cf3-9548-ad80c19d9600,Open Cookie Database,PERFORMANCE,_ga_JB3PWPT81S,True,_ga_,2025-03-28T18:22:00.795441+00:00
258dd19b-6865-4cb6-928f-bead17e2abd2,Open Cookie Database,TARGETING,gig_bootstrap_3_MMQgmG1jWhw2fVzDXK2nmpC7o7Sql0ugKzRol2yf6BF94QsSTPkFIdHkp8AMO3E2,True,gig_bootstrap_,2025-03-28T18:22:01.868650+00:00
b745e5eb-b207-4107-a4c5-1d2ac5e0a2e4,Cookie Analysis,UNKNOWN,isISP,False,,2025-03-28T18:22:30.618079+00:00
a3a44a41-f7f4-4833-bb84-8b0ac24e8d6e,Open Cookie Database,PERFORMANCE,_ga_HKXBGZ58D6,True,_ga_,2025-03-28T18:22:31.232578+00:00
c5ab924c-a43a-4713-870c-911e13251ef2,Open Cookie Database,STRICTLY_NECESSARY,gig3pctest,False,,2025-03-28T18:22:31.591827+00:00
bcc32516-b7ba-4ebb-be00-68e0ff012e66,Cookie Analysis,UNKNOWN,vertx-web.session,False,,2025-03-28T18:23:40.678543+00:00
e07a07b9-d88a-499b-9d4a-477b108f8258,Cookie Analysis,UNKNOWN,new-terms-notification,False,,2025-03-28T18:24:10.802885+00:00
227756ff-4c7f-4698-943a-782967f8a4a5,Open Cookie Database,PERFORMANCE,_ga_L5ZMF52RGB,True,_ga_,2025-03-28T18:24:10.927886+00:00
af9387d6-5375-4fec-936c-bd13f9693c15,Open Cookie Database,STRICTLY_NECESSARY,_hjSessionUser_2811279,True,_hjSessionUser_,2025-03-28T18:24:11.052887+00:00
86898d5b-46c8-4265-9513-adf4278531eb,Open Cookie Database,STRICTLY_NECESSARY,_hjSession_2811279,True,_hjSession_,2025-03-28T18:24:11.131011+00:00
04d8ac89-1e47-4f56-9b5b-a8c92a1d7b06,Cookiepedia,STRICTLY_NECESSARY,affinity,False,,2025-03-28T18:26:43.589070+00:00
75c9fd14-266c-4ead-b2ce-145eada4e6bd,Open Cookie Database,PERFORMANCE,_ga_PTHZP4TZ2R,True,_ga_,2025-03-28T18:26:44.149527+00:00
bc733145-d953-48e3-9ab1-d48badffa082,Open Cookie Database,PERFORMANCE,_ga_DZN6Z11BVX,True,_ga_,2025-03-28T18:26:44.220076+00:00
0363698c-958d-4b24-b6d8-5fd46787c0e4,Open Cookie Database,PERFORMANCE,_ga_M670GDC667,True,_ga_,2025-03-28T18:29:01.935797+00:00
10059351-531c-4bf4-8a39-45d945f2bb1a,Open Cookie Database,STRICTLY_NECESSARY,_hjSessionUser_780570,True,_hjSessionUser_,2025-03-28T18:29:02.029554+00:00
e7615ce1-7044-4040-84e2-0d9d3b1ed54f,Open Cookie Database,STRICTLY_NECESSARY,_hjSession_780570,True,_hjSession_,2025-03-28T18:29:02.107672+00:00
a10166bc-4de5-428f-9708-489e49c0ae18,Cookie Analysis,UNKNOWN,x-ayt-cf-bot-score,False,,2025-03-28T18:31:48.568315+00:00
d6d8cbd2-c874-47aa-90e4-a7ec30b346cd,Cookie Analysis,UNKNOWN,ayt_previous_page_url,False,,2025-03-28T18:32:18.494653+00:00
c3e6a34d-799f-41bd-bf5f-258234bec1c3,Cookie Analysis,UNKNOWN,ayt_current_page_url,False,,2025-03-28T18:32:48.459285+00:00
cdc461fa-d540-4023-a0aa-874ea88caf62,Cookie Analysis,UNKNOWN,ayt_sid,False,,2025-03-28T18:33:18.508637+00:00
1caac433-93da-4313-8e65-3d80acc03bb0,Cookie Analysis,UNKNOWN,ayt_traffic_source,False,,2025-03-28T18:33:48.534971+00:00
073a5b16-6015-4970-a158-79eb2d853969,Cookie Analysis,UNKNOWN,ayt_aytsts,False,,2025-03-28T18:34:18.510943+00:00
08b469cd-9781-4afa-b5e9-b1e28eab9e5f,Cookie Analysis,UNKNOWN,ay_cookie_consent_given,False,,2025-03-28T18:34:48.557084+00:00
cfcaa902-9a23-405d-9ab6-168905b6935c,Cookie Analysis,UNKNOWN,ay_optimizely_consent_given,False,,2025-03-28T18:35:18.546006+00:00
89c33375-cd20-455a-a2ca-81d446a5cbfa,Cookie Analysis,UNKNOWN,ay-ab-test-user-id,False,,2025-03-28T18:35:48.581565+00:00
fa9a57ee-a5f5-4c83-bdc0-deab6507449e,Cookie Analysis,UNKNOWN,ay-active-ab-tests,False,,2025-03-28T18:36:18.552784+00:00
f5bc5120-df78-4ade-a82e-991ad21c79fd,Open Cookie Database,PERFORMANCE,_ga_8F2DZ04QNX,True,_ga_,2025-03-28T18:36:18.662193+00:00
580e9629-33f2-4817-8575-b90c89596688,Cookie Analysis,UNKNOWN,Gender.gender,False,,2025-03-28T18:36:48.686841+00:00
3343c493-0f16-4bbb-b124-0299cc1ec5ba,Open Cookie Database,TARGETING,uid-bp-41500,True,uid-bp-,2025-03-28T18:36:49.824436+00:00
4463feb9-73fd-45c0-8979-416e92f53a46,Cookie Analysis,UNKNOWN,DM_SitId807SecId4242,False,,2025-03-28T18:37:18.572435+00:00
216347f6-7c68-417d-ae42-ef5df0fdc509,Open Cookie Database,PERFORMANCE,_ga_YTGTLJXR32,True,_ga_,2025-03-28T18:37:18.893336+00:00
cc42b416-a375-4010-a68e-6a2646df83d9,Cookie Analysis,UNKNOWN,DM_SitId807SecId4244,False,,2025-03-28T18:37:48.559403+00:00
5c546a40-9974-4246-b9a7-e58da6c13bc4,Open Cookie Database,PERFORMANCE,_ga_31E7T4P6WW,True,_ga_,2025-03-28T18:37:48.731285+00:00
ced6e0a5-964b-4728-b9c0-4426e196a358,Cookie Analysis,UNKNOWN,linker-conversion-1528368,False,,2025-03-28T18:38:18.672301+00:00
ea5b4010-0954-4c9f-9be5-e191034cdbdd,Cookie Analysis,UNKNOWN,DM_SitId807SecId4242Stress,False,,2025-03-28T18:38:48.586187+00:00
ecc09e41-4ae1-4ea1-aa67-25261f42837a,Cookie Analysis,UNKNOWN,linker-conversion-1531852,False,,2025-03-28T18:39:18.556643+00:00
fafbeb31-d9d3-4467-aec2-a36485a4d5d2,Cookie Analysis,UNKNOWN,linker-conversion-1525090,False,,2025-03-28T18:39:48.531161+00:00
8134e600-96c5-4872-8260-32a544b095a1,Cookie Analysis,UNKNOWN,linker-conversion-1535347,False,,2025-03-28T18:40:18.616483+00:00
2354c9fa-2d03-4ac7-bf68-16f96d9fafac,Cookie Analysis,UNKNOWN,linker-conversion-1506303,False,,2025-03-28T18:40:48.640820+00:00
1b99fd1e-36be-45b2-b069-c27c92e23da1,Cookie Analysis,UNKNOWN,linker-conversion-1542989,False,,2025-03-28T18:41:18.647603+00:00
84438ced-ac53-4ae3-b278-246d9b4c9165,Cookie Analysis,UNKNOWN,linker-conversion-1444629,False,,2025-03-28T18:41:48.847274+00:00
2939b13f-4674-44df-8f60-eb839fce6ace,Open Cookie Database,PERFORMANCE,_ga_QZYTMYSFVS,True,_ga_,2025-03-28T18:41:51.487920+00:00
c56de66e-da14-441a-9c20-f1ca7024e259,Cookie Analysis,UNKNOWN,gws_unid,False,,2025-03-28T18:42:51.481574+00:00
65a2674f-360f-45e9-ad84-a6e7bb11f2eb,Open Cookie Database,PERFORMANCE,_gat_gtag_UA_75015976_1,True,_gat_gtag_,2025-03-28T18:42:51.790920+00:00
de9b861a-f8af-432a-9ab7-1fc8a305e1fc,Open Cookie Database,PERFORMANCE,_ga_2MTWMS476J,True,_ga_,2025-03-28T18:42:51.920114+00:00
9c272269-7d08-47b0-9460-ff13e73e5073,Cookie Analysis,UNKNOWN,squalomail_landing_site,False,,2025-03-28T18:43:21.421359+00:00
debe97a2-2131-4a88-b2a7-f1111ba2d3f8,Cookiepedia,STRICTLY_NECESSARY,ppwp_wp_session,False,,2025-03-28T18:46:29.915106+00:00
8ca3e4b4-5e20-423e-b9cf-de5f10d98a88,Cookie Analysis,UNKNOWN,quads_browser_width,False,,2025-03-28T18:46:59.959062+00:00
1c734cee-e3cc-4b89-986d-94ab802229b4,Open Cookie Database,PERFORMANCE,_ga_5N0WD0JNB7,True,_ga_,2025-03-28T18:47:00.086063+00:00
07ee5bc7-9644-4b65-b81f-b6dfd12a1290,Cookie Analysis,UNKNOWN,client,False,,2025-03-28T18:49:58.238435+00:00
3a1405f1-ca6e-4e10-be8f-58c306bcd471,Cookie Analysis,UNKNOWN,basket_id,False,,2025-03-28T18:50:28.111582+00:00
2ca6fcb3-6e62-4a4a-b1ae-92c968174c3e,Cookie Analysis,UNKNOWN,basket_products_count,False,,2025-03-28T18:50:58.243454+00:00
ee97cafe-143a-434e-b9fd-e676d3e02b36,Cookie Analysis,UNKNOWN,wishes_products_count,False,,2025-03-28T18:51:28.184026+00:00
104c7715-17b6-4791-bb72-090a82b8b1b9,Cookie Analysis,UNKNOWN,REGID,False,,2025-03-28T18:51:58.161950+00:00
f2e6e9bf-b704-432b-af34-b9d240c97b6b,Cookie Analysis,UNKNOWN,page_counter,False,,2025-03-28T18:52:28.252559+00:00
2b61d5cb-89b8-43dd-918b-b732dd2ed58e,Cookie Analysis,UNKNOWN,monit_token,False,,2025-03-28T18:52:58.251486+00:00
1de77fe9-b06a-4330-a28c-969226624248,Cookie Analysis,UNKNOWN,disabled_snippets_cache,False,,2025-03-28T18:53:28.204482+00:00
7ade64e5-ac40-405b-b14b-0f62d74ba00d,Cookie Analysis,UNKNOWN,f_getPriceRange,False,,2025-03-28T18:53:58.251022+00:00
420a4824-d6e9-4cfc-803f-6abe4c10b6f0,Cookie Analysis,UNKNOWN,iai_cookie,False,,2025-03-28T18:54:28.267555+00:00
993ff2c7-e2e7-45d8-b423-5a03f51e1040,Cookie Analysis,UNKNOWN,ck_cook,False,,2025-03-28T18:54:58.158139+00:00
57eb8980-0b66-43cb-9d5b-79fb4f364164,Open Cookie Database,PERFORMANCE,_ga_KN4XP7DQEQ,True,_ga_,2025-03-28T18:54:58.283143+00:00
e40ae25c-292f-4f2c-b7a0-ca52c8275de1,Cookie Analysis,UNKNOWN,__IAI_AC2,False,,2025-03-28T18:55:28.260323+00:00
5d3941e2-1b1f-4253-a984-0bc8bafb6a65,Cookie Analysis,UNKNOWN,RSSID,False,,2025-03-28T18:55:58.235109+00:00
1b7ad92a-c791-4d47-9ecd-ebf2eaac85e8,Cookiepedia,STRICTLY_NECESSARY,auth.strategy,False,,2025-03-28T18:56:28.322988+00:00
bcdbabd9-b91f-4212-953c-3bc835d7af82,Open Cookie Database,PERFORMANCE,_gat_UA-2644518-3,True,_gat,2025-03-28T18:56:28.416734+00:00
c08cbdf1-e7c6-451b-895e-41afe5aaba18,Open Cookie Database,STRICTLY_NECESSARY,_hjSessionUser_2740943,True,_hjSessionUser_,2025-03-28T18:56:28.494856+00:00
cd14d76c-1e1d-428d-a74f-05ebe941792a,Open Cookie Database,STRICTLY_NECESSARY,_hjSession_2740943,True,_hjSession_,2025-03-28T18:56:28.572979+00:00
bf6bab9c-f497-4e28-8239-b66cba3ddade,Open Cookie Database,PERFORMANCE,_ga_FB0EEHET0S,True,_ga_,2025-03-28T18:56:28.635484+00:00
c71c6f97-fad6-4151-8110-cfde32c96a72,Cookie Analysis,UNKNOWN,vzajemci-academy-cookie-consent,False,,2025-03-28T18:56:58.257435+00:00
26b744f2-118f-48a5-a5f1-c731fe555866,Cookie Analysis,UNKNOWN,WEBSESSID,False,,2025-03-28T18:57:28.349085+00:00
7b06e955-c832-43aa-900f-f413423e6c3e,Cookiepedia,STRICTLY_NECESSARY,user_hash,False,,2025-03-28T18:57:58.298747+00:00
a5c111eb-fc52-49d1-9d0c-ebbb70e26b11,Open Cookie Database,PERFORMANCE,_ga_J10DBJ2286,True,_ga_,2025-03-28T18:57:58.422931+00:00
7e143500-3bde-47e6-a008-d4e43404052e,Cookie Analysis,UNKNOWN,cookies_confirm,False,,2025-03-28T18:58:28.403345+00:00
3650ccbb-9bc7-470d-a476-0c32c878339a,Open Cookie Database,PERFORMANCE,_gat_gtag_UA_49931795_1,True,_gat_gtag_,2025-03-28T18:58:28.733053+00:00
62bd75fb-bc9d-4cf0-b7d5-c2c811a31d77,Open Cookie Database,STRICTLY_NECESSARY,lz_userid,False,,2025-03-28T18:58:29.316653+00:00
f07c2213-6afd-4000-9681-834330d3039a,Cookie Analysis,UNKNOWN,PrestaShop-a30a9934ef476d11b6cc3c983616e364,False,,2025-03-28T18:58:58.347780+00:00
5b9c46a2-2c87-4ce9-b114-56072adcaf01,Open Cookie Database,PERFORMANCE,_ga_E81EQSXMR5,True,_ga_,2025-03-28T18:58:58.477997+00:00
87ebe352-2fff-41f0-b2ea-e4ae7070763f,Open Cookie Database,PERFORMANCE,_ga_PSDE1TQ6HF,True,_ga_,2025-03-28T18:58:58.567357+00:00
a6176d9a-ba38-4e3f-bceb-374912fb3dbd,Open Cookie Database,TARGETING,_lfa,False,,2025-03-28T18:58:58.617570+00:00
7fdd5505-12e6-4413-8613-47a5507b9446,Open Cookie Database,PERFORMANCE,_gat_gtag_UA_10572221_1,True,_gat_gtag_,2025-03-28T18:58:58.695695+00:00
de7acd68-83be-4649-a5c7-49740fddb412,Open Cookie Database,STRICTLY_NECESSARY,_hjSessionUser_86166,True,_hjSessionUser_,2025-03-28T18:58:58.771244+00:00
3490c478-2ff2-435f-a3db-060246dd8832,Open Cookie Database,STRICTLY_NECESSARY,_hjSession_86166,True,_hjSession_,2025-03-28T18:58:58.850318+00:00
79dd79e1-a301-4c61-94c6-37749737a154,Open Cookie Database,STRICTLY_NECESSARY,lz_visits,False,,2025-03-28T18:58:58.923760+00:00
078d0e3d-c8d5-4004-97bb-c078f1e3377d,Open Cookie Database,STRICTLY_NECESSARY,lz_last_visit,False,,2025-03-28T18:58:58.976774+00:00
a7091bed-f7c0-44c2-b512-9cc145fd3147,Cookie Analysis,UNKNOWN,_rev_pay_client_region,False,,2025-03-28T18:59:28.326230+00:00
4689913b-f1bc-44ba-92d4-7a75ce57cf21,Cookiepedia,STRICTLY_NECESSARY,ASPSESSIONIDAWDDTTTQ,False,,2025-03-28T19:00:06.388077+00:00
7cd8b97a-0f97-40b6-a343-5b1dc691bf5c,Open Cookie Database,PERFORMANCE,_ga_3MTV8XXHPL,True,_ga_,2025-03-28T19:00:06.843103+00:00
2c1985a7-e403-423c-a515-700613f1343b,Cookiepedia,STRICTLY_NECESSARY,ASPSESSIONIDASHDTTTQ,False,,2025-03-28T19:00:36.427028+00:00
4bff4d74-69f8-4d3a-99da-4c452cfa1919,Open Cookie Database,TARGETING,locale,False,,2025-03-28T19:08:38.054351+00:00
ff5b574f-76eb-4bc0-a9c4-359aaeea488b,Cookie Analysis,UNKNOWN,banka_slovenije_session,False,,2025-03-28T19:08:39.383404+00:00
1e2d25e5-88fc-44b9-9029-386108501d61,Open Cookie Database,PERFORMANCE,_ga_Z7FRG7KLWK,True,_ga_,2025-03-28T19:08:39.713302+00:00
31bbdad2-ceaf-41a7-91f7-7fe9c3443b6a,Cookie Analysis,UNKNOWN,pop%5Fpoljska,False,,2025-03-28T19:12:14.190215+00:00
0505100b-a587-4d32-ba9a-f03accf17b60,Cookiepedia,STRICTLY_NECESSARY,ASPSESSIONIDSQBBBTRA,False,,2025-03-28T19:12:44.215361+00:00
a909f68e-250c-468d-bb7d-205718e64192,Open Cookie Database,PERFORMANCE,_ga_R5BTX2RV77,True,_ga_,2025-03-28T19:12:44.293492+00:00
c3dc45c7-c075-4ed9-ba41-dbcf4e66514a,Open Cookie Database,STRICTLY_NECESSARY,_hjSessionUser_3719557,True,_hjSessionUser_,2025-03-28T19:12:44.449776+00:00
890902a5-4390-4137-8b6a-12949a237680,Open Cookie Database,STRICTLY_NECESSARY,_hjSession_3719557,True,_hjSession_,2025-03-28T19:12:44.559151+00:00
ed26decf-5141-4a2a-8840-fea34237943c,Open Cookie Database,PERFORMANCE,_ga_1LNHZXDH3N,True,_ga_,2025-03-28T19:12:44.637242+00:00
e8423228-ac0f-48ce-a399-5c233c63689c,Open Cookie Database,PERFORMANCE,_pk_id.19.85f8,True,_pk_id.,2025-03-28T19:15:34.354757+00:00
c4407679-48e8-470f-b887-217409aeec47,Open Cookie Database,PERFORMANCE,_pk_ses.19.85f8,True,_pk_ses.,2025-03-28T19:15:34.448506+00:00
128c97d1-921c-4837-92e4-cd0692fb2847,Open Cookie Database,PERFORMANCE,_ga_NP7MB4S0MY,True,_ga_,2025-03-28T19:15:34.573508+00:00
01258c71-42cc-409d-b9da-556b552b68bd,Cookie Analysis,UNKNOWN,DM_SitId464SecId14687,False,,2025-03-28T19:15:35.769928+00:00
2a9ec6af-0c61-4620-add1-ae1384e9a921,Open Cookie Database,PERFORMANCE,_ga_MLM3HKDZ7C,True,_ga_,2025-03-28T19:15:36.056099+00:00
d710bb65-0af5-4370-ae7b-907b25255351,Cookie Analysis,UNKNOWN,DM_SitId464SecId14687Stress,False,,2025-03-28T19:16:05.709599+00:00
24d3e955-104c-444b-b0d8-458f06bd24f6,Cookie Analysis,UNKNOWN,gid_CAESEJAtgf2rTVDbTMMSPKyeHDE,False,,2025-03-28T19:16:35.742169+00:00
3a1e7a99-467c-4237-ad1c-1c2602722df6,Open Cookie Database,PERFORMANCE,_ga_K8T6S2N9G0,True,_ga_,2025-03-28T19:18:01.361535+00:00
cad60d36-92f2-45b7-aace-4b8502dbbc3f,Open Cookie Database,PERFORMANCE,_ga_EB7F7PRLE7,True,_ga_,2025-03-28T19:20:36.119706+00:00
fea105e9-b6e3-45c3-8ade-568ddee52a7b,Cookie Analysis,UNKNOWN,NBIDSN,False,,2025-03-28T19:24:53.058860+00:00
6fb102f4-fa44-41ba-acc3-a586e461c250,Cookie Analysis,UNKNOWN,NBPHPSESSIONSECURE,False,,2025-03-28T19:25:22.955079+00:00
751a3c45-26db-4e96-89a2-844c1aa565a9,Cookiepedia,PERFORMANCE,zabUserId,False,,2025-03-28T19:25:53.208170+00:00
77f84d22-11a3-4f0a-a868-ca5b7fe07d28,Cookie Analysis,UNKNOWN,zfccn,False,,2025-03-28T19:26:23.108734+00:00
bbffdd21-73f8-4e0e-92ca-eaa0a066acbd,Cookie Analysis,UNKNOWN,zsc0264219f275249189f26015678c204ff,False,,2025-03-28T19:26:53.147900+00:00
469f703b-87a4-4f01-98cc-aa3bc4595d74,Cookiepedia,PERFORMANCE,zft-sdc,False,,2025-03-28T19:27:23.169603+00:00
fddbc26b-851c-450c-9ecd-4a27f952fd60,Cookiepedia,FUNCTIONALITY,zps-tgr-dts,False,,2025-03-28T19:27:53.313024+00:00
0ad7f07c-0862-418b-a4b9-a87fe0515c19,Open Cookie Database,TARGETING,apiDomain_4_t7RgQYsshzga1Tg0lOpkrA,True,apiDomain_,2025-03-28T19:27:53.746745+00:00
d5c8e095-e006-4552-ad5c-0a7fa3385aa3,Cookie Analysis,UNKNOWN,site_cookie_info,False,,2025-03-28T19:28:23.167833+00:00
20e087f3-b57c-4e8d-876c-8e7ff251816f,Cookie Analysis,UNKNOWN,mobile_cookie_baner,False,,2025-03-28T19:28:53.163709+00:00
041dcda9-b912-410b-875f-94c9e7baec07,Open Cookie Database,TARGETING,gig_bootstrap_4_ROny-zkh_2t7D8gojSQLOw,True,gig_bootstrap_,2025-03-28T19:28:53.309987+00:00
e030537d-b8a5-4e17-96c6-bbbd85127a16,Open Cookie Database,PERFORMANCE,_pk_id.2.dc47,True,_pk_id.,2025-03-28T19:28:54.980726+00:00
cd66e5a2-9c5d-4c9b-a322-1a3308fd281c,Open Cookie Database,PERFORMANCE,_pk_ses.2.dc47,True,_pk_ses.,2025-03-28T19:28:55.048450+00:00
6048a1c1-bc1a-4424-bb30-d7e04ed80709,Open Cookie Database,PERFORMANCE,_ga_MZ0WNG73VX,True,_ga_,2025-03-28T19:28:55.127075+00:00
66c6fed3-eb36-4914-8920-c88eedbd0b54,Cookie Analysis,UNKNOWN,cid_49b7bacb3c864e0cb86df51e6debf918,False,,2025-03-28T19:29:23.144477+00:00
a4a87c4e-d22e-43a8-b130-6746194a5a3d,Open Cookie Database,PERFORMANCE,_ga_ZT6K6Q3Z8Y,True,_ga_,2025-03-28T19:30:46.827307+00:00
aad4ac5b-1deb-4377-bf81-2d0ba0a63bb9,Cookie Analysis,UNKNOWN,cookie-monster,False,,2025-03-28T19:30:48.834677+00:00
a0bccb06-55b2-43d0-ac64-a3c2884665fb,Cookie Analysis,UNKNOWN,nopstation_ga_BSKHCGN64R,False,,2025-03-28T19:34:32.650242+00:00
00395657-378e-486f-a3e7-89a4090e350e,Cookie Analysis,UNKNOWN,nopstation_ga,False,,2025-03-28T19:35:02.592556+00:00
2b20ea92-c480-43d3-b6b5-ce805911b62e,Open Cookie Database,PERFORMANCE,_ga_G99TPB3NNZ,True,_ga_,2025-03-28T19:36:24.022244+00:00
6bbf88a6-e4b3-4bdb-8818-cfb5407d3cec,Open Cookie Database,PERFORMANCE,dm_timezone_offset,False,,2025-03-28T19:36:24.100371+00:00
66f0e81b-0191-40e0-9963-e2c369448f24,Open Cookie Database,PERFORMANCE,dm_last_page_view,False,,2025-03-28T19:36:24.162870+00:00
7e5863ba-e83a-467a-bdc9-aee39033da9c,Open Cookie Database,PERFORMANCE,dm_this_page_view,False,,2025-03-28T19:36:24.209745+00:00
b0554abe-9d80-4343-9ed1-365c1e95cefd,Open Cookie Database,PERFORMANCE,dm_last_visit,False,,2025-03-28T19:36:24.287872+00:00
797bc4b7-4997-4f65-9d9e-608bd1be722b,Open Cookie Database,PERFORMANCE,dm_total_visits,False,,2025-03-28T19:36:24.365994+00:00
6e7fcbce-78bb-46f4-b577-cd79f1ff1a21,Open Cookie Database,PERFORMANCE,_sp_id.a4a5,True,_sp_id.,2025-03-28T19:36:24.459744+00:00
dac38165-2f2d-42c1-9467-1995c6e91936,Open Cookie Database,PERFORMANCE,_sp_ses.a4a5,True,_sp_ses.,2025-03-28T19:36:24.537869+00:00
8cafaae3-f3fd-45f3-9208-ea56db01160d,Cookiepedia,STRICTLY_NECESSARY,COOKIE_SUPPORT,False,,2025-03-28T19:39:25.436824+00:00
cd13bda9-baa8-439a-aa62-f5632239a34a,Cookiepedia,FUNCTIONALITY,GUEST_LANGUAGE_ID,False,,2025-03-28T19:39:55.265612+00:00
b63d2d9c-76a7-4d0b-801a-b6c3d4d99910,Cookie Analysis,UNKNOWN,lbsrv,False,,2025-03-28T19:40:25.432979+00:00
f2c145cf-0c21-4e55-b5e8-fa5b3aa76c33,Cookiepedia,STRICTLY_NECESSARY,LFR_SESSION_STATE_20159,False,,2025-03-28T19:40:55.361244+00:00
a60f9a6b-0c9c-4d54-8b2a-aaca14877ce9,Cookie Analysis,UNKNOWN,c-necessary,False,,2025-03-28T19:41:25.399786+00:00
9305ae73-411e-4f01-82e8-3ab57f4706d6,Cookie Analysis,UNKNOWN,c-functional,False,,2025-03-28T19:41:55.329537+00:00
7fd24b66-8376-4de2-8eca-a7b44861952b,Cookie Analysis,UNKNOWN,c-profiling,False,,2025-03-28T19:42:25.414319+00:00
76f76ba7-375e-4c01-a80e-7eb5f1514aa4,Cookie Analysis,UNKNOWN,c-analytics,False,,2025-03-28T19:42:55.395907+00:00
bedfa9a8-11e6-4cbd-8b18-f9917b4e52ce,Cookiepedia,TARGETING,__ncuid,False,,2025-03-28T19:43:25.410677+00:00
85017608-e85e-4f8c-a579-42964b830a83,Open Cookie Database,PERFORMANCE,_ga_Z0PCS1R20H,True,_ga_,2025-03-28T19:43:25.523608+00:00
80fbfe30-519a-4b28-a0bb-6dafed11d580,Open Cookie Database,PERFORMANCE,_ga_M9HZ9WL7SN,True,_ga_,2025-03-28T19:43:26.141302+00:00
141292a4-d328-4da9-8b84-eb1483ee0e7c,Cookie Database,PERFORMANCE,is_unique,False,,2025-03-28T19:46:09.297332+00:00
a78cbe93-f1ca-4c3e-809c-24ec47d2f1a0,Cookie Analysis,UNKNOWN,purecookieDismiss,False,,2025-03-28T19:46:19.288826+00:00
217ed1bd-4d73-463b-94a4-398ee60b2f0d,Open Cookie Database,PERFORMANCE,_gat_gtag_UA_149002555_1,True,_gat_gtag_,2025-03-28T19:52:02.774671+00:00
134b3338-928b-456e-8d31-0350558cdcc2,Open Cookie Database,PERFORMANCE,_ga_FFQDL8NVQJ,True,_ga_,2025-03-28T19:52:02.868421+00:00
7e2e6dc4-78f9-4db9-8261-1eacee8bc816,Open Cookie Database,PERFORMANCE,_ga_YJ86Y9BH9E,True,_ga_,2025-03-28T19:52:02.977792+00:00
43ddbb4c-af3b-4b61-bb9d-b3a76b5b9d38,Cookie Analysis,UNKNOWN,promo-sidepopup1,False,,2025-03-28T19:52:04.215984+00:00
2e1f065f-6067-493f-8f1d-d216c2b63c7d,Cookie Analysis,UNKNOWN,site_statistics_info,False,,2025-03-28T19:52:34.102112+00:00
672fc74c-c46c-4b58-ae10-ce79c5a9683b,Cookie Analysis,UNKNOWN,site_marketing_info,False,,2025-03-28T19:53:04.130408+00:00
7098a346-b767-47a9-b408-c3f417aabafd,Cookie Analysis,UNKNOWN,exitslidermodal,False,,2025-03-28T19:53:34.137223+00:00
2b9b0f7c-96c1-4781-a9d3-394cf3d9aec6,Open Cookie Database,PERFORMANCE,_ga_HTWK0JHFJD,True,_ga_,2025-03-28T19:55:46.221986+00:00
bcadee29-a969-4d30-89ec-9024e8cc5427,Open Cookie Database,PERFORMANCE,_ga_QJ0RNL3B73,True,_ga_,2025-03-28T19:57:21.079489+00:00
a745f629-939e-4b0c-b92b-9bde6ce74d1b,Cookie Analysis,UNKNOWN,twk_uuid_670643d102d78d1a30eea92e,False,,2025-03-28T20:01:08.523118+00:00
65648419-a4fb-49da-9ac9-bcb0ae7e0025,Open Cookie Database,PERFORMANCE,_ga_CGE0G1NR3P,True,_ga_,2025-03-28T20:01:08.713512+00:00
1a68e24e-3b90-4746-a374-4e156fcf2c83,Cookiepedia,STRICTLY_NECESSARY,cookieControl,False,,2025-03-28T20:01:38.457561+00:00
5ba6301f-824b-49d1-bd10-6a89a8906e7a,Cookie Analysis,UNKNOWN,view_mode,False,,2025-03-28T20:03:07.355968+00:00
89200336-88bd-4e40-95f8-6673fe218b8e,Cookie Analysis,UNKNOWN,bold_mode,False,,2025-03-28T20:03:37.236043+00:00
e95b5a34-121e-4c82-8b51-6729aab284f6,Cookie Analysis,UNKNOWN,caps_mode,False,,2025-03-28T20:04:07.189718+00:00
02244bdf-89bc-4525-8e3e-b2479148e5a9,Open Cookie Database,PERFORMANCE,_ga_LKL72LMDNC,True,_ga_,2025-03-28T20:06:01.178216+00:00
efec1b87-2452-4f4d-839a-2686a1b0b8a5,Cookie Analysis,UNKNOWN,LFR_SESSION_STATE_20102,False,,2025-03-28T20:12:05.430438+00:00
d717c6c0-42f5-4bfd-bcea-d53725deee07,Cookie Analysis,UNKNOWN,cookieu20_st,False,,2025-03-28T20:12:35.355770+00:00
da7a3f3e-cac7-4d83-8939-1c6afceb9343,Cookie Analysis,UNKNOWN,cookieu20_op,False,,2025-03-28T20:13:05.367517+00:00
2efd0346-6eab-4bb6-99cd-c9fc6b410ca3,Cookie Analysis,UNKNOWN,cookieu20_fn,False,,2025-03-28T20:13:35.449291+00:00
e8f472ca-ed85-47a5-883c-0f74f6c248ee,Cookie Analysis,UNKNOWN,cookieu20_an,False,,2025-03-28T20:14:05.222271+00:00
d2564a95-4dc5-4e94-9c42-c21bcaa29d5d,Open Cookie Database,PERFORMANCE,_ga_CHSZ4L5Q75,True,_ga_,2025-03-28T20:14:05.505118+00:00
de0e5085-c2d8-4fee-bcaa-07bbee21197e,Open Cookie Database,PERFORMANCE,_ga_5317HDVSEH,True,_ga_,2025-03-28T20:16:08.637851+00:00
6a6c1f06-3c69-4484-91a7-a87fbf15d52d,Cookie Analysis,UNKNOWN,57a7bb724a731bac37ae5c09e0a17f93,False,,2025-03-28T20:19:08.273090+00:00
a8f6df65-031d-4db7-9d18-d714d5ca0fc7,Open Cookie Database,PERFORMANCE,_gat_gtag_UA_65841160_1,True,_gat_gtag_,2025-03-28T20:19:08.599108+00:00
8eee88e3-2423-40ec-a04a-672255c7d446,Open Cookie Database,PERFORMANCE,_ga_KZ2KX7NH2S,True,_ga_,2025-03-28T20:19:09.278377+00:00
661faed5-ef26-459f-82bf-9c487ffccb5c,Cookie Analysis,UNKNOWN,LidlID,False,,2025-03-28T20:21:39.486829+00:00
0c508767-2823-4d34-9e1a-d7c0a5440cca,Cookie Analysis,UNKNOWN,UserVisits,False,,2025-03-28T20:22:09.386285+00:00
12480bda-718b-4618-89da-60849a82d6ac,Cookie Analysis,UNKNOWN,adSessionId,False,,2025-03-28T20:22:39.472949+00:00
83ab46a5-d15a-4da2-a04d-5b67c74a0083,Open Cookie Database,PERFORMANCE,_ga_1ZH014YC50,True,_ga_,2025-03-28T20:22:39.582332+00:00
d53a6bb8-6d90-40ed-8904-5c593873f458,Open Cookie Database,PERFORMANCE,_ga_52N0HK20GX,True,_ga_,2025-03-28T20:23:32.946232+00:00
a4246e71-5aa1-41a9-85ac-c7acc3b99c15,Open Cookie Database,PERFORMANCE,_ga_4M6VCEF9LD,True,_ga_,2025-03-28T20:25:47.676047+00:00
c27ab35b-749b-46bc-b499-197c4201f82d,Open Cookie Database,PERFORMANCE,_ga_RCQCDWGDB9,True,_ga_,2025-03-28T20:28:50.542989+00:00
f6f988ac-291e-45e4-97d0-dede31641b7c,Open Cookie Database,PERFORMANCE,__insp_wid,False,,2025-03-28T20:28:50.746108+00:00
05244cf7-02c0-416e-ac99-0aa50a2e8a62,Open Cookie Database,PERFORMANCE,__insp_slim,False,,2025-03-28T20:28:50.824273+00:00
d754ed66-99fb-4484-9a2c-92d25966cd7c,Open Cookie Database,PERFORMANCE,__insp_nv,False,,2025-03-28T20:28:50.902367+00:00
fb613da9-d82e-46de-a9c7-449a52eafd95,Open Cookie Database,PERFORMANCE,__insp_targlpu,False,,2025-03-28T20:28:50.964860+00:00
b296fc26-803f-419a-80c6-1d16d939720c,Open Cookie Database,PERFORMANCE,__insp_targlpt,False,,2025-03-28T20:28:51.043028+00:00
f4c4e149-0e31-489d-95d7-239ab9441aca,Cookie Database,TARGETING,_smvs,False,,2025-03-28T20:28:52.137776+00:00
c090146d-0dc3-4580-99d8-af2b7ce06e64,Open Cookie Database,PERFORMANCE,__insp_norec_sess,False,,2025-03-28T20:28:52.286645+00:00
a082ff0c-d21c-4bb9-9ce9-6420a3227159,Cookie Analysis,UNKNOWN,tvoje-mesto.kuponko.si,False,,2025-03-28T20:29:02.344162+00:00
a4aaf15e-65ba-4f55-a17b-c32d559036cc,Cookie Analysis,UNKNOWN,cookieacceptance.kuponko.si,False,,2025-03-28T20:29:32.199001+00:00
e8129d93-df61-436b-b7c6-5a301f0d7abb,Open Cookie Database,PERFORMANCE,_gat_gtag_UA_4100826_21,True,_gat_gtag_,2025-03-28T20:31:02.667111+00:00
5b0642f7-51ea-432d-9e93-b7dfec5ebcf7,Open Cookie Database,PERFORMANCE,_ga_YXMX21VRE2,True,_ga_,2025-03-28T20:31:02.760863+00:00
702ba686-efd4-473c-b475-c9cb9e58c96d,Cookie Analysis,UNKNOWN,cookies_accept,False,,2025-03-28T20:31:04.018901+00:00
f66a33fe-0d09-4078-9b7f-5808ca8036d6,Cookie Analysis,UNKNOWN,BSKSESSION,False,,2025-03-28T20:34:28.239482+00:00
bcc5d4cd-5805-465e-867a-72c31dee8b6c,Cookiepedia,STRICTLY_NECESSARY,TS01a8c9e3,False,,2025-03-28T20:34:58.149365+00:00
08ea75c5-259e-42c1-8a41-a87193a89e8c,Open Cookie Database,PERFORMANCE,_ga_3W4Z1T7RNM,True,_ga_,2025-03-28T20:34:58.564404+00:00
10bb00ca-74e5-486f-9c74-4ed0501edf94,Cookiepedia,TARGETING,FPC,False,,2025-03-28T20:35:28.182255+00:00
4c1ce451-8ac1-4aaf-aef3-2885e776e5f2,Cookie Analysis,UNKNOWN,BershkaGenderCategoryKey,False,,2025-03-28T20:35:58.278092+00:00
3ad7956a-4bd2-42bd-be3a-cc3e1a5b16a5,Cookiepedia,STRICTLY_NECESSARY,fingerprint,False,,2025-03-28T20:36:30.055225+00:00
81dcc9b6-36e2-4ec6-a09c-b57141dbc14b,Open Cookie Database,PERFORMANCE,_ga_7FTFMBBHMF,True,_ga_,2025-03-28T20:36:52.340531+00:00
3dbe820b-20de-4e76-a790-eb375c357395,Cookie Analysis,UNKNOWN,pzs,False,,2025-03-28T20:41:42.554840+00:00
607005b8-8657-4855-b951-602a9cb27bc2,Cookie Analysis,UNKNOWN,pzs_accept,False,,2025-03-28T20:42:12.446913+00:00
a4845f31-4306-4ce5-a5a5-793bb33a8031,Cookie Analysis,UNKNOWN,PrestaShop-1724e2515f2c8401580771fcc299c16d,False,,2025-03-28T20:45:20.947308+00:00
ca68fe63-2e21-4b11-8afe-db556e5562ce,Open Cookie Database,PERFORMANCE,_ga_KTPLXH84QJ,True,_ga_,2025-03-28T20:45:21.282629+00:00
929c61ae-3f1e-4f3a-9e22-8922dc5d7f45,Open Cookie Database,PERFORMANCE,_gat_gtag_UA_84557658_1,True,_gat_gtag_,2025-03-28T20:45:21.432441+00:00
3a30389c-391e-467e-9890-71783c50ae6b,Cookie Analysis,UNKNOWN,f6683f47633abac5684ae7eef72f5390,False,,2025-03-28T20:48:51.782804+00:00
42e479b1-3700-4d30-8152-4d92a3b4e8a6,Open Cookie Database,PERFORMANCE,_gat_gtag_UA_113317775_2,True,_gat_gtag_,2025-03-28T20:48:52.357812+00:00
4d3e0a08-f123-4e5f-b1af-274ca2e7b40f,Open Cookie Database,PERFORMANCE,_ga_6D8QPEJTGP,True,_ga_,2025-03-28T20:48:52.424639+00:00
962c6717-c042-44bb-a376-b7aea670d7b6,Cookie Analysis,UNKNOWN,fsp,False,,2025-03-28T20:52:35.116850+00:00
6b339c47-4050-44e9-b0c4-ed856e0e8ca4,Open Cookie Database,PERFORMANCE,_ga_Q7Q5DZZ837,True,_ga_,2025-03-28T20:52:35.621982+00:00
572d46d3-5512-4bb1-b7cc-e3799200ee75,Open Cookie Database,PERFORMANCE,_ga_4H6MYCYE6M,True,_ga_,2025-03-28T20:52:35.704309+00:00
568dfbc7-276e-4aaf-9acb-6df62566dcb2,Cookie Database,STRICTLY_NECESSARY,_lscache_vary,False,,2025-03-28T20:55:55.932205+00:00
0f26d71b-257a-4882-ae7c-e4ec2c30563a,Open Cookie Database,PERFORMANCE,_ga_3VCMX714E0,True,_ga_,2025-03-28T20:55:56.352380+00:00
d5189a9f-1f01-40c5-b9bc-1843e8adecfe,Open Cookie Database,PERFORMANCE,_gat_gtag_UA_93205727_8,True,_gat_gtag_,2025-03-28T20:55:56.731484+00:00
033c87c2-20ba-43b0-b9da-0f4cae5b1f00,Cookie Analysis,UNKNOWN,wordpress_gdpr_first_time_url,False,,2025-03-28T20:56:05.993542+00:00
94bbfa4b-cdf3-4706-8a98-f2911ab0502e,Cookie Analysis,UNKNOWN,wordpress_gdpr_first_time,False,,2025-03-28T20:56:36.046815+00:00
828477ff-1436-4d1f-82db-1c3e56f8f220,Cookie Analysis,UNKNOWN,xts_recently_viewed_products,False,,2025-03-28T20:57:06.071324+00:00
d1fbe429-6b35-48e1-bf91-85d21d8a3c5f,Open Cookie Database,PERFORMANCE,_ga_HC729KQRSN,True,_ga_,2025-03-28T20:58:20.799509+00:00
c6f12950-4e53-4383-961a-25c822db91a4,Open Cookie Database,PERFORMANCE,_gat_UA-6301372-4,True,_gat,2025-03-28T20:58:20.955754+00:00
5ef02c77-6943-419b-af97-f2a5c5fb6421,Open Cookie Database,STRICTLY_NECESSARY,_hjSessionUser_1911430,True,_hjSessionUser_,2025-03-28T21:01:31.580618+00:00
db45a929-79a1-4a1d-8a0d-01663e0dc6a3,Open Cookie Database,STRICTLY_NECESSARY,_hjSession_1911430,True,_hjSession_,2025-03-28T21:01:31.658743+00:00
c9449fcc-a593-430e-ab20-3a3ca95cc7da,Cookie Analysis,UNKNOWN,25d44cbda1860fce0005d67610f228f8,False,,2025-03-28T21:04:12.944076+00:00
fe3ec954-7340-4c9e-9db7-7894c3854cd7,Cookie Analysis,UNKNOWN,spcookie_status,False,,2025-03-28T21:04:42.889736+00:00
cdf9b8ee-0bdc-46fa-a689-b1309a07f7d1,Open Cookie Database,PERFORMANCE,_ga_QPCCRHJRWK,True,_ga_,2025-03-28T21:08:05.263807+00:00
f7782a9a-34c5-4dfc-9368-0f03448d01ca,Open Cookie Database,PERFORMANCE,_ga_3DK1ZLX86S,True,_ga_,2025-03-28T21:11:15.403060+00:00
438c62a3-b79a-4d7a-bc62-33501e076212,Open Cookie Database,PERFORMANCE,_ga_TY2WPN7S2H,True,_ga_,2025-03-28T21:13:30.210158+00:00
85e62e6f-f299-423e-9458-6d9b8f83e398,Open Cookie Database,STRICTLY_NECESSARY,NSC_xxx.b1.tj-qspe,True,NSC_,2025-03-28T21:16:47.099127+00:00
fac4fc58-9ef6-4fe5-a35a-0e4bb80af938,Cookie Analysis,UNKNOWN,sgid,False,,2025-03-28T21:16:48.383343+00:00
5b36b225-d3c3-4720-8e56-d688d823cbaf,Cookie Analysis,UNKNOWN,giosg_chat_id_8533,False,,2025-03-28T21:17:18.217037+00:00
29077eea-7de3-49bd-acbc-976bd51a0250,Cookie Analysis,UNKNOWN,giosg_sgid_8533,False,,2025-03-28T21:17:48.271280+00:00
fb509cc2-cf7d-48ce-8d81-cf0f514d8a3d,Open Cookie Database,PERFORMANCE,_ga_MXXYV0WRST,True,_ga_,2025-03-28T21:17:48.802535+00:00
440b284c-daa9-44ce-95b9-95034cda61aa,Cookie Analysis,UNKNOWN,fsd_uni_lj_si,False,,2025-03-28T21:19:34.730828+00:00
a1a36c81-96d7-4ef6-9b56-ad4cc6289257,Open Cookie Database,PERFORMANCE,_gat_gtag_UA_16770546_1,True,_gat_gtag_,2025-03-28T21:19:35.269494+00:00
15cb1cd1-306d-4302-a445-8a0e99d47982,Open Cookie Database,PERFORMANCE,_ga_5J341N5V85,True,_ga_,2025-03-28T21:19:35.335983+00:00
6b16b5e2-df8b-448f-a686-29bb32b289b8,Cookie Analysis,UNKNOWN,cookie-notice,False,,2025-03-28T21:21:49.023184+00:00
e1e180f5-3f19-475f-9ecb-2903cc265c6f,Open Cookie Database,PERFORMANCE,_pk_id.4.acbf,True,_pk_id.,2025-03-28T21:25:23.114546+00:00
6eb5b141-7298-4a6e-bab5-20678a1f05ed,Open Cookie Database,PERFORMANCE,_pk_ses.4.acbf,True,_pk_ses.,2025-03-28T21:25:23.223922+00:00
60905b95-301e-411a-817e-c9ad191f78ff,Open Cookie Database,PERFORMANCE,_ga_1NJ65ETQM3,True,_ga_,2025-03-28T21:25:23.333299+00:00
39c0fbf2-0e11-4e1d-98e8-72a81a75f713,Cookie Analysis,UNKNOWN,DM_SitId464SecId14528,False,,2025-03-28T21:25:24.580521+00:00
43aad269-b36d-4032-a0f9-73a085cbacd5,Cookie Analysis,UNKNOWN,DM_SitId464SecId14220,False,,2025-03-28T21:25:54.525274+00:00
11d28b3d-145a-4b3e-bc4b-ad24c0adca7d,Open Cookie Database,PERFORMANCE,_ga_1GHLMKBW88,True,_ga_,2025-03-28T21:25:54.644551+00:00
525fce80-a177-4fc1-923b-c70d0b3c964f,Cookie Analysis,UNKNOWN,DM_SitId464SecId14221,False,,2025-03-28T21:26:24.507381+00:00
e1728e90-2a52-49c0-8978-5facdfded656,Cookie Analysis,UNKNOWN,DM_SitId464SecId14220Stress,False,,2025-03-28T21:26:54.614902+00:00
511560e5-36c6-44ec-9707-de065627fcbf,Cookie Analysis,UNKNOWN,DM_SitId464SecId14221Stress,False,,2025-03-28T21:27:24.505237+00:00
26a9662b-5ddc-42ea-b448-cf0af9ea2ac3,Cookie Analysis,UNKNOWN,matchliveramp,False,,2025-03-28T21:27:54.560177+00:00
9eeb1600-a8f7-4e5b-8eef-5c9f95b1b261,Cookie Analysis,UNKNOWN,DM_SitId464SecId14528Stress,False,,2025-03-28T21:28:24.436123+00:00
07dba70b-fe12-4f1f-815e-5396136ba373,Open Cookie Database,PERFORMANCE,_ga_SQK7WHPE8Q,True,_ga_,2025-03-28T21:28:25.303638+00:00
cc208129-efcb-4d2e-91a3-947752ff8b7e,Open Cookie Database,PERFORMANCE,_gat_gtag_UA_224106397_2,True,_gat_gtag_,2025-03-28T21:28:25.386937+00:00
f75dd564-4415-434d-b399-9ff9128abefa,Open Cookie Database,PERFORMANCE,_ga_CSNRCNJZNG,True,_ga_,2025-03-28T21:28:25.480686+00:00
56536b64-deb4-4bd5-8050-9bde1059a149,Open Cookie Database,PERFORMANCE,_ga_ZKB8RRMSFP,True,_ga_,2025-03-28T21:30:09.625969+00:00
039270b2-997a-42f2-b3d1-4aedf08f3c02,Open Cookie Database,PERFORMANCE,_ga_D9L5P6D82Q,True,_ga_,2025-03-28T21:32:27.974329+00:00
a879cae9-e92b-4a7d-814e-a1e262240ac5,Cookie Analysis,UNKNOWN,first_visit,False,,2025-03-28T21:32:29.749632+00:00
7c2eeaa8-7475-4b19-ada7-c5c1143d28a0,Cookie Database,STRICTLY_NECESSARY,vchideactivationmsg,False,,2025-03-28T21:39:31.918193+00:00
792d53c7-2d62-4408-b2b2-ac7c69bdc376,Cookie Database,STRICTLY_NECESSARY,vchideactivationmsg_vc11,False,,2025-03-28T21:39:41.749903+00:00
282e1a22-4348-4de9-a322-6480c79ee4cb,Cookie Analysis,UNKNOWN,mailerlite:webform:shown:2914243,False,,2025-03-28T21:41:52.517925+00:00
b36d71b9-4cd4-44e6-9958-542f5e486c87,Open Cookie Database,PERFORMANCE,_ga_S5S768EQW8,True,_ga_,2025-03-28T21:44:32.961447+00:00
c48eafd4-07da-46fe-b79d-4978153b6aa6,Cookie Analysis,UNKNOWN,ays_popup_cookie_8,False,,2025-03-28T21:47:22.416889+00:00
c3981791-0e9b-4ef9-9aa2-17b9d9581052,Cookie Analysis,UNKNOWN,ays_show_popup_only_once_8,False,,2025-03-28T21:47:52.379206+00:00
f3ef0d47-08b9-464f-a970-bb989e77098c,Open Cookie Database,PERFORMANCE,_ga_D3BPX8GP58,True,_ga_,2025-03-28T21:47:52.551047+00:00
ac335b17-897f-4531-a666-57625f24f165,Cookie Analysis,UNKNOWN,SGPBShowingLimitationDomain9255,False,,2025-03-28T21:48:22.388047+00:00
d787cf7b-c9d3-48df-8a8b-b20caaabf071,Cookie Database,STRICTLY_NECESSARY,privacy_embeds,False,,2025-03-28T21:48:23.317426+00:00
b47502c1-3168-4d4d-b8b3-296afe773bab,Open Cookie Database,PERFORMANCE,_ga_MRRQFVXY2Y,True,_ga_,2025-03-28T21:51:20.143846+00:00
1a16f6ee-1013-4b90-b6b1-2426dd500fc0,Open Cookie Database,PERFORMANCE,_gat_gtag_UA_146052269_1,True,_gat_gtag_,2025-03-28T21:54:09.709266+00:00
aef633a4-3dfc-4bc4-8864-50e4d78dca06,Open Cookie Database,PERFORMANCE,_ga_2WN3YHGD5H,True,_ga_,2025-03-28T21:54:09.818638+00:00
ef52bfbf-324b-4f2b-a3ca-0b251f9e1a8f,Cookie Analysis,UNKNOWN,cookielaw_accepted,False,,2025-03-28T21:54:11.236161+00:00
4bbb5522-96d2-4356-b1fc-1c761697fe1d,Open Cookie Database,PERFORMANCE,_gat_gtag_UA_46937493_2,True,_gat_gtag_,2025-03-28T21:56:46.096889+00:00
26f38a29-a16b-499b-b0b7-c6db28e09cb6,Open Cookie Database,PERFORMANCE,_ga_ZVYGHRSTC0,True,_ga_,2025-03-28T21:56:46.190641+00:00
40badc79-3c92-458e-8c50-128ced46a198,Cookie Analysis,UNKNOWN,session_id,False,,2025-03-28T21:59:36.214936+00:00
ee85d8ea-900a-4ca6-9dcb-5ed4a1d0abcb,Open Cookie Database,PERFORMANCE,_ga_FTQ1G7D1LP,True,_ga_,2025-03-28T21:59:36.515259+00:00
da97a7f4-d071-46dd-8822-128323dc1d55,Cookie Analysis,UNKNOWN,visitor_uuid,False,,2025-03-28T22:00:06.112840+00:00
8f0bab99-de10-4976-9500-751a4ed73234,Cookie Analysis,UNKNOWN,lastthreemun,False,,2025-03-28T22:00:36.140617+00:00
b4d082c4-6d77-4903-be02-de83273b221e,Open Cookie Database,PERFORMANCE,_ga_3S9N7NSW8K,True,_ga_,2025-03-28T22:01:53.818498+00:00
d50e126d-072e-494b-bf56-8649df437005,Cookiepedia,STRICTLY_NECESSARY,sessid,False,,2025-03-28T22:03:54.149661+00:00
847c3ebc-5aa3-4c98-b427-4d7539e6ad05,Open Cookie Database,PERFORMANCE,_ga_BK78HJWMC5,True,_ga_,2025-03-28T22:03:54.526739+00:00
af348e25-75f7-49ff-9c5b-9b6ea1dc0ab9,Cookie Analysis,UNKNOWN,SESS9929104fac4cb50d09d5127ba642837b,False,,2025-03-28T22:08:39.696429+00:00
f65aed94-8308-46c6-a0f9-5a0e9e11aa76,Open Cookie Database,STRICTLY_NECESSARY,has_js,False,,2025-03-28T22:08:40.015104+00:00
670a54a9-accb-4c2c-b329-0c1922b626b1,Cookie Analysis,UNKNOWN,SESSb7d5638cbbe5d61500feac2773bd325b,False,,2025-03-28T22:09:09.627759+00:00
ab1b6037-391a-43fb-90f2-e662b19f716f,Cookiepedia,FUNCTIONALITY,cookie-agreed-sl,False,,2025-03-28T22:09:39.649542+00:00
463ec404-5b09-4675-b6f1-bc616226ef59,Open Cookie Database,PERFORMANCE,_ga_W28RDCXB0Y,True,_ga_,2025-03-28T22:13:11.783731+00:00
023d0c58-5b8e-44de-991b-79c71be6ade1,Cookie Analysis,UNKNOWN,DM_SitId807SecId4238,False,,2025-03-28T22:16:32.971673+00:00
75247310-54fe-4892-8ec0-046fdc0ccb60,Open Cookie Database,PERFORMANCE,_ga_9EHG5MKZR7,True,_ga_,2025-03-28T22:16:33.638413+00:00
740e486f-f726-4747-b6ff-80466d7fa1e9,Cookie Analysis,UNKNOWN,linker-conversion-1120849,False,,2025-03-28T22:17:02.893611+00:00
c3db11b8-1dd8-4d73-b3b2-d00fdfdb3b98,Cookie Analysis,UNKNOWN,DM_SitId807SecId4238Stress,False,,2025-03-28T22:17:32.975170+00:00
a2f4d04d-ade2-4001-a14d-068399bbcb75,Cookie Analysis,UNKNOWN,linker-conversion-1540428,False,,2025-03-28T22:18:02.909620+00:00
97930c3f-7bcc-48e6-9b82-64bce67e7a79,Cookie Analysis,UNKNOWN,linker-conversion-1525092,False,,2025-03-28T22:18:32.951941+00:00
4ea1e033-e396-4ca9-ac31-5f74a5906eda,Open Cookie Database,PERFORMANCE,_gat_gtag_UA_41475096_3,True,_gat_gtag_,2025-03-28T22:18:57.857018+00:00
642be70c-47d9-4de9-84ac-638fe672a59c,Open Cookie Database,PERFORMANCE,_ga_XDBJF9T93W,True,_ga_,2025-03-28T22:18:57.935138+00:00
c82627e0-1c14-45c0-ac35-b3afcb342550,Cookie Analysis,UNKNOWN,1648158d91aec1a7f00da69f3d380467,False,,2025-03-28T22:22:09.696447+00:00
02063cb5-2e11-4aae-adc5-a6befb05471f,Cookiepedia,STRICTLY_NECESSARY,reDimCookieHint,False,,2025-03-28T22:22:39.624361+00:00
6cc1b482-d912-407e-bbca-393bbbfa7f51,Open Cookie Database,PERFORMANCE,_ga_R2J3NR2Q9P,True,_ga_,2025-03-28T22:25:20.060250+00:00
08659350-8f4c-492b-83ef-31d572a3aa87,Cookie Analysis,UNKNOWN,SF-CSRF-TOKEN,False,,2025-03-28T22:28:16.957745+00:00
5d8e53e0-c4ce-4d87-ac53-a2573cbafb0b,Cookiepedia,PERFORMANCE,fornax_anonymousId,False,,2025-03-28T22:28:46.945990+00:00
89350b4e-b8cf-41f0-a573-548cde235857,Cookie Analysis,UNKNOWN,athena_short_visit_id,False,,2025-03-28T22:29:16.937258+00:00
7f31d7b0-41b6-4eed-ac25-41ba1c72b7bc,Cookiepedia,FUNCTIONALITY,Shopper-Pref,False,,2025-03-28T22:29:47.005696+00:00
19a8d658-eea1-412a-95e3-02f132173ad4,Cookiepedia,FUNCTIONALITY,SHOP_SESSION_TOKEN,False,,2025-03-28T22:30:17.003320+00:00
b38a0c3c-a947-4411-a78e-47bf7922410c,Cookiepedia,STRICTLY_NECESSARY,SHOP_SESSION_ROTATION_TOKEN,False,,2025-03-28T22:30:46.928496+00:00
763c7717-e7e1-480c-ae64-2ed77650e934,Cookie Analysis,UNKNOWN,tracking-preferences,False,,2025-03-28T22:31:17.067086+00:00
a1afe40b-1166-42e1-a058-646d6422b75a,Cookie Analysis,UNKNOWN,bc_consent,False,,2025-03-28T22:31:46.962739+00:00
e9ff6217-ec0c-4934-ba96-901b5478978d,Open Cookie Database,PERFORMANCE,_gat_gtag_UA_16203688_13,True,_gat_gtag_,2025-03-28T22:31:47.176724+00:00
acb0a2b8-d991-4250-8c63-a2e93ab5ae96,Open Cookie Database,PERFORMANCE,_ga_XXGY72TJ75,True,_ga_,2025-03-28T22:31:47.325958+00:00
05a235a5-5dd6-4c09-b0d1-cceeebceb5a1,Cookiepedia,FUNCTIONALITY,STORE_VISITOR,False,,2025-03-28T22:32:16.995204+00:00
663fd27d-70d1-44e8-8e7a-c4b45dbcce72,Open Cookie Database,PERFORMANCE,_ga_YSJVFQYKVZ,True,_ga_,2025-03-28T22:32:17.776452+00:00
f358e12c-55f4-4332-ac31-1425e1646288,Cookie Analysis,UNKNOWN,first_time_visitor,False,,2025-03-28T22:33:11.293142+00:00
f3cd4437-40c1-40f3-be80-b89282b2abe9,Cookie Analysis,UNKNOWN,show_mailchimp_modal,False,,2025-03-28T22:33:41.279013+00:00
e6cd43fb-3ad3-4f64-bebe-98cf26af31da,Open Cookie Database,PERFORMANCE,_ga_HD38BE50HK,True,_ga_,2025-03-28T22:33:41.366178+00:00
668f5370-72cd-40f7-bc43-6fa0b73166dc,Open Cookie Database,STRICTLY_NECESSARY,_hjSessionUser_2736589,True,_hjSessionUser_,2025-03-28T22:47:09.679376+00:00
e6bdbbd2-df26-46f3-a3b9-0f4f6125375c,Open Cookie Database,STRICTLY_NECESSARY,_hjSession_2736589,True,_hjSession_,2025-03-28T22:47:09.773125+00:00
253990cd-3750-42a3-a262-3e7fb04316e3,Open Cookie Database,PERFORMANCE,_ga_2GZNLW3W48,True,_ga_,2025-03-28T22:47:10.054376+00:00
fc4b529f-8d31-4933-91fe-165153d09e2f,Open Cookie Database,PERFORMANCE,_gat_gtag_UA_7859027_1,True,_gat_gtag_,2025-03-28T22:47:10.163749+00:00
d881934c-8168-4e88-b15c-9b78993debab,Cookiepedia,TARGETING,recordID,False,,2025-03-28T22:49:49.826557+00:00
8d81e684-711b-4b3e-be95-04262be648d5,Cookiepedia,TARGETING,dmSessionID,False,,2025-03-28T22:50:19.719459+00:00
8a2796be-7e1b-4ed2-ac8f-2d4f6bee90a9,Open Cookie Database,PERFORMANCE,_ga_XB0T4WRQ1L,True,_ga_,2025-03-28T22:50:19.792811+00:00
fcbdae3f-963d-4d8d-ba25-a97944ef776a,Cookie Analysis,UNKNOWN,funcCookie,False,,2025-03-28T22:50:49.704330+00:00
53206e9c-dd28-4ed9-a4b0-32dcb35282c1,Cookie Analysis,UNKNOWN,addsCookie,False,,2025-03-28T22:51:19.712349+00:00
9380ece8-de7b-4b27-a154-4ece9658ba7c,Cookie Analysis,UNKNOWN,expCookie,False,,2025-03-28T22:51:49.766124+00:00
49b04020-563e-43b2-b4f9-d1216f8f5d1e,Cookie Analysis,UNKNOWN,ga-disable-UA-129909851-1,False,,2025-03-28T22:52:19.706865+00:00
3ba75870-adf0-4bc0-9453-518fa65c0d6d,Open Cookie Database,PERFORMANCE,_pk_id.1.ec85,True,_pk_id.,2025-03-28T22:52:19.956866+00:00
46e92d94-518d-46e6-968c-8cabcf7d1db2,Open Cookie Database,PERFORMANCE,_pk_ses.1.ec85,True,_pk_ses.,2025-03-28T22:52:20.019366+00:00
30b5d406-b292-45e8-971a-a8ece56725db,Cookie Analysis,UNKNOWN,cfzs_google-analytics_v4,False,,2025-03-28T22:59:23.038367+00:00
9b31f3bd-59d7-46cf-9341-aa0ca555c43c,Cookie Analysis,UNKNOWN,cfz_google-analytics_v4,False,,2025-03-28T22:59:52.946103+00:00
5b13398c-9fac-4595-8a58-5c22886412fd,Cookie Analysis,UNKNOWN,mailerlite:webform:shown:6078021,False,,2025-03-28T23:00:23.140515+00:00
7e29d3f7-f5eb-4bb7-8021-ac5423aaf85b,Cookie Analysis,UNKNOWN,cid_85b83a9da12247ef8aa576f930882574,False,,2025-03-28T23:00:52.900600+00:00
a809d41a-a839-4ddb-a24a-f50cbfaff759,Cookie Analysis,UNKNOWN,gid_CAESEOvNH02dHaVHTJ4g6Yo6O1E,False,,2025-03-28T23:01:23.212585+00:00
3202a031-1760-4c5b-8914-72a44ead718f,Open Cookie Database,PERFORMANCE,_ga_CDQZ3DD0TY,True,_ga_,2025-03-28T23:02:03.971703+00:00
4bf27c7d-44f9-4e89-80f4-9c10c7f83cd8,Cookie Analysis,UNKNOWN,8fc93175795d3acfbc2ab295e07d8f00,False,,2025-03-28T23:02:05.224994+00:00
2a71eecb-0bf7-437f-8860-2bc64d583a4d,Cookie Database,TARGETING,mautic_device_id,False,,2025-03-28T23:02:15.133012+00:00
c5fc156b-c464-48f7-8f9f-b2e4df23c26c,Cookiepedia,TARGETING,mtc_id,False,,2025-03-28T23:02:35.233198+00:00
e648999b-c05c-432f-8992-a0345709e7c3,Cookiepedia,PERFORMANCE,mtc_sid,False,,2025-03-28T23:03:05.256592+00:00
966a74b7-99d9-446b-a523-050e5628894a,Cookie Database,STRICTLY_NECESSARY,mautic_referer_id,False,,2025-03-28T23:03:06.262686+00:00
2161ef35-84ba-4815-8d71-18a2d715d716,Cookiepedia,STRICTLY_NECESSARY,X-Mapping-hnbgcfhb,False,,2025-03-28T23:04:41.142261+00:00
cc4f02af-00df-47d7-9c60-aed616673e77,Cookie Analysis,UNKNOWN,CookieInformationConsent,False,,2025-03-28T23:05:11.006119+00:00
b5b31c78-2540-4f50-b167-cf91fd20a8bb,Open Cookie Database,PERFORMANCE,_ga_J1CWEJBZRV,True,_ga_,2025-03-28T23:05:11.224909+00:00
a802d934-3dd7-4321-8183-2e2c4faf16f5,Open Cookie Database,PERFORMANCE,_ga_1BBN5FZ588,True,_ga_,2025-03-28T23:05:11.287417+00:00
a2a3941f-4dd2-4151-afa6-81e0d9b9d9d2,Cookie Analysis,UNKNOWN,CookieInformationConfig,False,,2025-03-28T23:05:41.088041+00:00
17c1b21a-dafd-4130-af31-70e751447762,Cookie Analysis,UNKNOWN,CookieInformationConsent_zpOVkRp19R,False,,2025-03-28T23:06:11.030165+00:00
b9b982cf-1920-4ab3-9538-fe07eb07cc7d,Cookiepedia,FUNCTIONALITY,_td_global,False,,2025-03-28T23:06:41.414232+00:00
1710a09d-514f-4c6e-b36d-5181ead57be5,Open Cookie Database,PERFORMANCE,_ga_06NBGPTMSF,True,_ga_,2025-03-28T23:06:41.507987+00:00
4bc5f12f-b720-415d-94ae-378e218d20f8,Cookiepedia,FUNCTIONALITY,_td,False,,2025-03-28T23:07:11.077304+00:00
6cac1ac4-7e5b-4671-a045-ee39d8607fcd,Open Cookie Database,PERFORMANCE,_ga_V2GZVKN720,True,_ga_,2025-03-28T23:07:11.342897+00:00
e49814e9-3cf5-4533-8969-96150bd68458,Open Cookie Database,PERFORMANCE,_gat_gtag_UA_36890586_3,True,_gat_gtag_,2025-03-28T23:07:11.436719+00:00
897cb5a3-f13c-400a-92e8-b655eae50d9c,Cookie Analysis,UNKNOWN,cookie--set,False,,2025-03-28T23:07:41.091105+00:00
22dcd241-67c2-4c9c-bc00-8948e149d537,Cookie Analysis,UNKNOWN,cookie--stat,False,,2025-03-28T23:08:11.039023+00:00
584c020f-b1d8-49ec-b5d7-96405c36cb19,Open Cookie Database,PERFORMANCE,_ga_PJR5XPFCRY,True,_ga_,2025-03-28T23:09:19.945871+00:00
34cf530c-5773-495d-a024-e41152311100,Open Cookie Database,PERFORMANCE,_ga_NNZF73G14H,True,_ga_,2025-03-28T23:09:20.039620+00:00
1d44fccd-4b94-499b-85dc-0a985c3a6590,Open Cookie Database,PERFORMANCE,_ga_Q1K66RB7YC,True,_ga_,2025-03-28T23:09:20.133368+00:00
751896ed-46cd-4b40-8e19-a1ed33cd0d6c,Cookie Analysis,UNKNOWN,has_visited_site,False,,2025-03-28T23:12:23.136013+00:00
5d4a9f54-77c9-4b34-9b61-8e433a44e2c0,Cookie Analysis,UNKNOWN,themosis_session,False,,2025-03-28T23:12:53.026704+00:00
f0a10b40-9a5d-4a14-8a1d-be98d3a3a7ea,Cookie Analysis,UNKNOWN,X-CSRF-Token,False,,2025-03-28T23:16:24.826645+00:00
48cd4df7-791f-4761-b184-1d85b521b4ca,Cookiepedia,STRICTLY_NECESSARY,TS011d7c54,False,,2025-03-28T23:16:54.839950+00:00
00270bc7-ab6c-4eb8-ae7d-247c1228f888,Cookiepedia,STRICTLY_NECESSARY,TS017c8afc,False,,2025-03-28T23:17:24.789271+00:00
6399dac6-dd40-4806-b41a-b6f5953b2224,Cookie Analysis,UNKNOWN,localeCookieSLO,False,,2025-03-28T23:17:54.794549+00:00
8254bfc2-bb69-4dbd-97e6-dab3a6d5e18b,Cookie Analysis,UNKNOWN,cookie_status_bar,False,,2025-03-28T23:18:24.789962+00:00
8084dab3-ea40-4e92-abce-51df9f198eb3,Cookie Analysis,UNKNOWN,gdpr_cookie_consent,False,,2025-03-28T23:18:54.871354+00:00
706e2408-5289-4a7a-b8a7-9b49b12ff125,Open Cookie Database,PERFORMANCE,_ga_9NP6M3G3RP,True,_ga_,2025-03-28T23:18:54.965100+00:00
dbb1add1-e360-4293-bfa9-0c04a9f0f04b,Open Cookie Database,PERFORMANCE,_cs_c,False,,2025-03-28T23:18:55.043229+00:00
91b3f050-3280-4059-b9d6-5f5def014ac0,Open Cookie Database,PERFORMANCE,_cs_cvars,False,,2025-03-28T23:18:55.105758+00:00
5a30824d-86a1-48df-9be0-63ba2ef74da3,Open Cookie Database,PERFORMANCE,_cs_id,False,,2025-03-28T23:18:55.183859+00:00
47ee20b2-723b-4dd9-9742-6972716639ec,Open Cookie Database,PERFORMANCE,_cs_s,False,,2025-03-28T23:18:55.246368+00:00
a47f5863-fe37-4c69-b789-e81aeb48a0e3,Open Cookie Database,PERFORMANCE,_ga_PZT9KMNF6G,True,_ga_,2025-03-28T23:19:19.336688+00:00
27dbb912-8df9-4e60-b2ee-2d2f45327892,Cookie Analysis,UNKNOWN,newsletter,False,,2025-03-28T23:19:24.892651+00:00
d50a5400-972e-4d84-8226-d775cd254f77,Open Cookie Database,PERFORMANCE,_gat_gtag_UA_18199880_1,True,_gat_gtag_,2025-03-28T23:19:25.386374+00:00
826a675a-534d-4cac-97aa-19aa207cdb5a,Open Cookie Database,PERFORMANCE,_gat_gtag_UA_189972586_1,True,_gat_gtag_,2025-03-28T23:21:53.513262+00:00
c3d52162-3ea1-4e42-97a0-3f3ea096e021,Open Cookie Database,PERFORMANCE,_ga_P8LX31BN4Y,True,_ga_,2025-03-28T23:21:53.607014+00:00
636d2542-4a58-433f-9403-5cad771f608d,Open Cookie Database,PERFORMANCE,_ga_G4PD1B5ND5,True,_ga_,2025-03-28T23:27:27.708806+00:00
8426daf5-2e20-401e-977f-f4d3b6403ae8,Cookie Analysis,UNKNOWN,olaii_tickets_theme,False,,2025-03-28T23:27:29.424570+00:00
ec47ac88-1733-4d13-a758-ebf3f0287beb,Cookie Analysis,UNKNOWN,olaii_tickets_language,False,,2025-03-28T23:27:59.434423+00:00
915889d9-23f6-494e-bbf4-70e3ff369c4a,Open Cookie Database,PERFORMANCE,mp_a6d9278529a6499af8917894da4f2af5_mixpanel,True,mp_,2025-03-28T23:27:59.503975+00:00
4d789da4-5b1b-40fd-af75-e5c7b1772fca,Cookie Analysis,UNKNOWN,olaii_tickets_event_viewed,False,,2025-03-28T23:28:29.361401+00:00
0e6c4721-5e5d-4b38-969f-ab37f8d5d4eb,Cookie Analysis,UNKNOWN,UMB_SESSION,False,,2025-03-28T23:28:59.404860+00:00
ec0cbfc9-8f78-44a2-937e-2caa0a3f3dda,Open Cookie Database,PERFORMANCE,_ga_B10550B2Q9,True,_ga_,2025-03-28T23:30:10.508609+00:00
d6b99242-cfca-40fb-b2e5-52bd767f60e9,Open Cookie Database,PERFORMANCE,_gat_gtag_UA_974018_3,True,_gat_gtag_,2025-03-28T23:32:30.144073+00:00
b37d2769-b8bb-4468-8f82-17cecd45470f,Open Cookie Database,PERFORMANCE,_ga_R72SB169GH,True,_ga_,2025-03-28T23:32:30.269100+00:00
dcce6f85-27ad-495f-9bb2-bb6627ba4dfa,Cookie Analysis,UNKNOWN,cookie_js,False,,2025-03-28T23:35:41.922537+00:00
d0539352-2c9f-494b-af39-7b499167c426,Cookie Analysis,UNKNOWN,PrestaShop-eb3a70fa00bda7cc1e6d05aadb1e3b8e,False,,2025-03-28T23:36:11.855633+00:00
6b62a1db-7caa-4a4e-9162-45aea4dc8a1b,Open Cookie Database,PERFORMANCE,_ga_Y4ZY7SSZZD,True,_ga_,2025-03-28T23:36:11.988707+00:00
b83bccb0-6990-492c-a0a9-de339db25db0,Cookie Analysis,UNKNOWN,yith_wcwl_session_2e3641fe7ec7d2f2a4de6d3c23877c97,False,,2025-03-28T23:38:20.716376+00:00
3773d33d-9951-4854-b6be-58461ca00167,Cookie Analysis,UNKNOWN,soca_valley_com,False,,2025-03-28T23:40:41.449810+00:00
f5531e36-fff0-4b6b-b201-48953e81f25a,Open Cookie Database,PERFORMANCE,_ga_X10VD3G2NR,True,_ga_,2025-03-28T23:40:42.111629+00:00
0e3c6018-18d4-46ac-8dd3-d0eb4d1f853a,Open Cookie Database,PERFORMANCE,_ga_9WKZ02QG39,True,_ga_,2025-03-28T23:43:01.622600+00:00
795779b1-e89a-440b-bcf3-a1ec7ea7feee,Open Cookie Database,PERFORMANCE,_ga_T2R4Q6GBQ2,True,_ga_,2025-03-28T23:45:32.241924+00:00
337e70be-ec6e-4e12-888b-f961b745fb37,Open Cookie Database,PERFORMANCE,_ga_KD7GRK34QX,True,_ga_,2025-03-28T23:45:32.335679+00:00
686b85bb-0901-49ea-9c60-f8a72d7f3f12,Cookie Analysis,UNKNOWN,cookielawinfo-checkbox-funkcionalni,False,,2025-03-28T23:45:33.537421+00:00
535b87c6-1129-47bb-aaca-56c463ad5478,Cookie Analysis,UNKNOWN,cookielawinfo-checkbox-boljse-delovanje,False,,2025-03-28T23:46:03.594125+00:00
e285f154-9336-4994-a33a-cc8c18454a6b,Cookie Analysis,UNKNOWN,cookielawinfo-checkbox-analiticni,False,,2025-03-28T23:46:33.547004+00:00
fba85761-bae1-47e0-87d7-67b01afeda9e,Cookie Analysis,UNKNOWN,cookielawinfo-checkbox-oglasni,False,,2025-03-28T23:47:03.510798+00:00
0b9a395d-3772-47c7-a4c5-9f3fa689c2b5,Cookie Analysis,UNKNOWN,cookielawinfo-checkbox-drugo,False,,2025-03-28T23:47:33.506874+00:00
31c02797-a092-42d1-9162-ccce678d1eaf,Cookie Analysis,UNKNOWN,cookielawinfo-checkbox-obvezni,False,,2025-03-28T23:48:03.476784+00:00
59bdd94c-0af5-4e61-a12c-97fcb6e05829,Open Cookie Database,PERFORMANCE,_ga_218CWWCW13,True,_ga_,2025-03-28T23:48:04.940265+00:00
93e2bbca-dc55-4ce8-90fc-c3b209fe8ce2,Cookie Analysis,UNKNOWN,cookieu20_sn,False,,2025-03-28T23:50:19.100038+00:00
98b41ff3-fd23-4330-83ff-801bb249be02,Open Cookie Database,PERFORMANCE,_gat_UA-1548882-2,True,_gat,2025-03-28T23:50:19.637875+00:00
c85fe048-373a-4f9e-9372-62014fa42b16,Open Cookie Database,PERFORMANCE,_ga_5V2M2YNBW3,True,_ga_,2025-03-28T23:50:19.787926+00:00
5d57eaa2-6760-4100-8577-b4c224eea139,Open Cookie Database,STRICTLY_NECESSARY,_hjSessionUser_2731654,True,_hjSessionUser_,2025-03-28T23:50:19.879873+00:00
391982ab-79ce-4c42-989b-ebec73de35e3,Open Cookie Database,STRICTLY_NECESSARY,_hjSession_2731654,True,_hjSession_,2025-03-28T23:50:19.991959+00:00
27e0cbc8-b8d1-4785-a5e4-715f0d7676ae,Cookie Analysis,UNKNOWN,UI,False,,2025-03-28T23:52:22.973749+00:00
56b5c3c1-e1f0-43f3-b60e-eecbac7e50e0,Cookie Analysis,UNKNOWN,WEB,False,,2025-03-28T23:52:52.869153+00:00
4c6a6d77-866d-465c-b07e-8c7f08637492,Cookie Analysis,UNKNOWN,pisrs_analytics_ga_XF3PC383RM,False,,2025-03-28T23:53:22.816023+00:00
dfcdd81d-ae70-4c0c-8833-472a9fd7fcf7,Cookie Analysis,UNKNOWN,pisrs_analytics_ga,False,,2025-03-28T23:53:52.874947+00:00
fa0194eb-6ac9-4815-9cf7-eeb388cd6e57,Cookie Analysis,UNKNOWN,gdpr-allow-analytics,False,,2025-03-28T23:55:23.456120+00:00
c529d772-3b47-4764-939c-fe2c60bfe161,Cookie Analysis,UNKNOWN,gdpr-allow-marketing,False,,2025-03-28T23:55:53.462623+00:00
ca16224f-aced-4720-889e-b13172a64b24,Cookie Analysis,UNKNOWN,gdpr_popup_shown,False,,2025-03-28T23:56:23.440394+00:00
9fdc3402-860c-439f-ac3f-2fdfec96f07a,Cookie Analysis,UNKNOWN,newsletter_popup_shown,False,,2025-03-28T23:56:53.487515+00:00
29a31a17-a9be-49c0-9791-1f732465f67c,Open Cookie Database,PERFORMANCE,_ga_JCC4D9KZMW,True,_ga_,2025-03-28T23:56:53.646333+00:00
522594c8-b567-4574-96bd-e255d987c8a4,Open Cookie Database,PERFORMANCE,_ga_WCSTYFW32Z,True,_ga_,2025-03-28T23:56:53.740093+00:00
939ffb13-f965-4877-bc68-45d769f61499,Open Cookie Database,PERFORMANCE,_ga_3HS9VGVW4Y,True,_ga_,2025-03-28T23:56:53.880725+00:00
86f13eaf-7e3a-4db8-923d-44d44460bc03,Open Cookie Database,PERFORMANCE,_ga_R20QWJM8R6,True,_ga_,2025-03-29T00:02:40.831560+00:00
fe75fca3-dae6-4d4a-8b1a-1b97900544a5,Open Cookie Database,PERFORMANCE,_gat_gtag_UA_125541071_1,True,_gat_gtag_,2025-03-29T00:02:41.159698+00:00
